city,state_id
Adak,AK
Akhiok,AK
Akiachak,AK
Akiak,AK
Akutan,AK
Alakanuk,AK
Alatna,AK
Alcan Border,AK
Aleknagik,AK
Aleneva,AK
Allakaket,AK
Ambler,AK
Anaktuvuk Pass,AK
Anchor Point,AK
Anchorage,AK
Anderson,AK
Angoon,AK
Aniak,AK
Anvik,AK
Arctic Village,AK
Atka,AK
Atmautluak,AK
Atqasuk,AK
Attu Station,AK
Badger,AK
Bear Creek,AK
Beaver,AK
Beluga,AK
Bethel,AK
Bettles,AK
Big Delta,AK
Big Lake,AK
Birch Creek,AK
Brevig Mission,AK
Buckland,AK
Buffalo Soapstone,AK
Butte,AK
Cantwell,AK
Central,AK
Chalkyitsik,AK
Chase,AK
Chefornak,AK
Chena Ridge,AK
Chenega,AK
Chevak,AK
Chickaloon,AK
Chicken,AK
Chignik,AK
Chignik Lagoon,AK
Chignik Lake,AK
Chiniak,AK
Chisana,AK
Chistochina,AK
Chitina,AK
Chuathbaluk,AK
Circle,AK
Clam Gulch,AK
Clark's Point,AK
Coffman Cove,AK
Cohoe,AK
Cold Bay,AK
Coldfoot,AK
College,AK
Cooper Landing,AK
Copper Center,AK
Cordova,AK
Covenant Life,AK
Craig,AK
Crooked Creek,AK
Crown Point,AK
Deering,AK
Delta Junction,AK
Deltana,AK
Denali Park,AK
Diamond Ridge,AK
Dillingham,AK
Diomede,AK
Dot Lake,AK
Dot Lake Village,AK
Dry Creek,AK
Eagle,AK
Eagle Village,AK
Eareckson Station,AK
Edna Bay,AK
Eek,AK
Egegik,AK
Eielson AFB,AK
Ekwok,AK
Elfin Cove,AK
Elim,AK
Emmonak,AK
Ester,AK
Eureka Roadhouse,AK
Evansville,AK
Excursion Inlet,AK
Fairbanks,AK
False Pass,AK
Farm Loop,AK
Farmers Loop,AK
Ferry,AK
Fishhook,AK
Flat,AK
Fort Greely,AK
Fort Yukon,AK
Four Mile Road,AK
Fox,AK
Fox River,AK
Fritz Creek,AK
Funny River,AK
Gakona,AK
Galena,AK
Gambell,AK
Game Creek,AK
Gateway,AK
Glacier View,AK
Glennallen,AK
Goldstream,AK
Golovin,AK
Goodnews Bay,AK
Grayling,AK
Gulkana,AK
Gustavus,AK
Haines,AK
Halibut Cove,AK
Happy Valley,AK
Harding-Birch Lakes,AK
Healy,AK
Healy Lake,AK
Hobart Bay,AK
Hollis,AK
Holy Cross,AK
Homer,AK
Hoonah,AK
Hooper Bay,AK
Hope,AK
Houston,AK
Hughes,AK
Huslia,AK
Hydaburg,AK
Hyder,AK
Igiugig,AK
Iliamna,AK
Ivanof Bay,AK
Juneau,AK
Kachemak,AK
Kake,AK
Kaktovik,AK
Kalifornsky,AK
Kaltag,AK
Karluk,AK
Kasaan,AK
Kasigluk,AK
Kasilof,AK
Kenai,AK
Kenny Lake,AK
Ketchikan,AK
Kiana,AK
King Cove,AK
King Salmon,AK
Kipnuk,AK
Kivalina,AK
Klawock,AK
Klukwan,AK
Knik River,AK
Knik-Fairview,AK
Kobuk,AK
Kodiak,AK
Kodiak Station,AK
Kokhanok,AK
Koliganek,AK
Kongiganak,AK
Kotlik,AK
Kotzebue,AK
Koyuk,AK
Koyukuk,AK
Kupreanof,AK
Kwethluk,AK
Kwigillingok,AK
Lake Louise,AK
Lake Minchumina,AK
Larsen Bay,AK
Lazy Mountain,AK
Levelock,AK
Lime Village,AK
Livengood,AK
Loring,AK
Lowell Point,AK
Lower Kalskag,AK
Lutak,AK
Manley Hot Springs,AK
Manokotak,AK
Marshall,AK
McCarthy,AK
McGrath,AK
Meadow Lakes,AK
Mekoryuk,AK
Mendeltna,AK
Mentasta Lake,AK
Mertarvik,AK
Metlakatla,AK
Mill Bay,AK
Minto,AK
Moose Creek,AK
Moose Pass,AK
Mosquito Lake,AK
Mountain Village,AK
Mud Bay,AK
Nabesna,AK
Naknek,AK
Nanwalek,AK
Napakiak,AK
Napaskiak,AK
Naukati Bay,AK
Nelchina,AK
Nelson Lagoon,AK
Nenana,AK
New Stuyahok,AK
Newhalen,AK
Newtok,AK
Nightmute,AK
Nikiski,AK
Nikolaevsk,AK
Nikolai,AK
Nikolski,AK
Ninilchik,AK
Noatak,AK
Nome,AK
Nondalton,AK
Noorvik,AK
North Lakes,AK
North Pole,AK
Northway,AK
Nuiqsut,AK
Nulato,AK
Nunam Iqua,AK
Nunapitchuk,AK
Old Harbor,AK
Oscarville,AK
Ouzinkie,AK
Palmer,AK
Paxson,AK
Pedro Bay,AK
Pelican,AK
Perryville,AK
Petersburg,AK
Petersville,AK
Pilot Point,AK
Pilot Station,AK
Pitkas Point,AK
Platinum,AK
Pleasant Valley,AK
Point Baker,AK
Point Hope,AK
Point Lay,AK
Point MacKenzie,AK
Point Possession,AK
Pope-Vannoy Landing,AK
Port Alexander,AK
Port Alsworth,AK
Port Clarence,AK
Port Graham,AK
Port Heiden,AK
Port Lions,AK
Port Protection,AK
Portage Creek,AK
Primrose,AK
Prudhoe Bay,AK
Quinhagak,AK
Rampart,AK
Red Devil,AK
Red Dog Mine,AK
Ridgeway,AK
Ruby,AK
Russian Mission,AK
Salamatof,AK
Salcha,AK
Sand Point,AK
Savoonga,AK
Saxman,AK
Scammon Bay,AK
Selawik,AK
Seldovia,AK
Seldovia Village,AK
Seward,AK
Shageluk,AK
Shaktoolik,AK
Shishmaref,AK
Shungnak,AK
Silver Springs,AK
Sitka,AK
Skagway,AK
Skwentna,AK
Slana,AK
Sleetmute,AK
Soldotna,AK
South Lakes,AK
South Naknek,AK
South Van Horn,AK
St. George,AK
St. Mary's,AK
St. Michael,AK
St. Paul,AK
Stebbins,AK
Steele Creek,AK
Sterling,AK
Stevens Village,AK
Stony River,AK
Sunrise,AK
Susitna,AK
Susitna North,AK
Sutton-Alpine,AK
Takotna,AK
Talkeetna,AK
Tanacross,AK
Tanaina,AK
Tanana,AK
Tatitlek,AK
Tazlina,AK
Teller,AK
Tenakee Springs,AK
Tetlin,AK
Thorne Bay,AK
Togiak,AK
Tok,AK
Toksook Bay,AK
Tolsona,AK
Tonsina,AK
Trapper Creek,AK
Tuluksak,AK
Tuntutuliak,AK
Tununak,AK
Twin Hills,AK
Two Rivers,AK
Tyonek,AK
Ugashik,AK
Unalakleet,AK
Unalaska,AK
Upper Kalskag,AK
Utqiagvik,AK
Valdez,AK
Venetie,AK
Wainwright,AK
Wales,AK
Wasilla,AK
Whale Pass,AK
White Mountain,AK
Whitestone,AK
Whitestone Logging Camp,AK
Whittier,AK
Willow,AK
Willow Creek,AK
Wiseman,AK
Womens Bay,AK
Wrangell,AK
Yakutat,AK
Abanda,AL
Abbeville,AL
Adamsville,AL
Addison,AL
Akron,AL
Alabaster,AL
Albertville,AL
Alexander City,AL
Alexandria,AL
Aliceville,AL
Allgood,AL
Altoona,AL
Andalusia,AL
Anderson,AL
Anniston,AL
Arab,AL
Ardmore,AL
Argo,AL
Ariton,AL
Arley,AL
Ashford,AL
Ashland,AL
Ashville,AL
Athens,AL
Atmore,AL
Attalla,AL
Auburn,AL
Autaugaville,AL
Avon,AL
Axis,AL
Babbie,AL
Baileyton,AL
Bakerhill,AL
Ballplay,AL
Banks,AL
Bay Minette,AL
Bayou La Batre,AL
Bear Creek,AL
Beatrice,AL
Beaverton,AL
Belgreen,AL
Belk,AL
Bellamy,AL
Belle Fontaine,AL
Benton,AL
Berlin,AL
Berry,AL
Bessemer,AL
Billingsley,AL
Birmingham,AL
Black,AL
Blountsville,AL
Blue Ridge,AL
Blue Springs,AL
Boaz,AL
Boligee,AL
Bon Air,AL
Bon Secour,AL
Boykin,AL
Brantley,AL
Brantleyville,AL
Brent,AL
Brewton,AL
Bridgeport,AL
Brighton,AL
Brilliant,AL
Bristow Cove,AL
Brook Highland,AL
Brookside,AL
Brookwood,AL
Broomtown,AL
Brundidge,AL
Bucks,AL
Butler,AL
Calera,AL
Calvert,AL
Camden,AL
Camp Hill,AL
Carbon Hill,AL
Cardiff,AL
Carlisle-Rockledge,AL
Carlton,AL
Carolina,AL
Carrollton,AL
Castleberry,AL
Catherine,AL
Cedar Bluff,AL
Center Point,AL
Centre,AL
Centreville,AL
Chatom,AL
Chelsea,AL
Cherokee,AL
Chickasaw,AL
Childersburg,AL
Choccolocco,AL
Chunchula,AL
Citronelle,AL
Clanton,AL
Clay,AL
Clayhatchee,AL
Clayton,AL
Cleveland,AL
Clio,AL
Coaling,AL
Coats Bend,AL
Coffee Springs,AL
Coffeeville,AL
Coker,AL
Collinsville,AL
Colony,AL
Columbia,AL
Columbiana,AL
Concord,AL
Coosada,AL
Cordova,AL
Cottondale,AL
Cottonwood,AL
County Line,AL
Courtland,AL
Cowarts,AL
Creola,AL
Crossville,AL
Cuba,AL
Cullman,AL
Cullomburg,AL
Cusseta,AL
Dadeville,AL
Daleville,AL
Daphne,AL
Dauphin Island,AL
Daviston,AL
Dayton,AL
Deatsville,AL
Decatur,AL
Deer Park,AL
Delta,AL
Demopolis,AL
Detroit,AL
Dodge City,AL
Dora,AL
Dothan,AL
Double Springs,AL
Douglas,AL
Dozier,AL
Dunnavant,AL
Dutton,AL
Eagle Point,AL
East Brewton,AL
East Point,AL
Eclectic,AL
Edgewater,AL
Edwardsville,AL
Egypt,AL
Elba,AL
Elberta,AL
Eldridge,AL
Elkmont,AL
Elmore,AL
Emelle,AL
Emerald Mountain,AL
Enterprise,AL
Epes,AL
Equality,AL
Ethelsville,AL
Eufaula,AL
Eunola,AL
Eutaw,AL
Eva,AL
Evergreen,AL
Excel,AL
Fairfield,AL
Fairford,AL
Fairhope,AL
Fairview,AL
Falkville,AL
Faunsdale,AL
Fayette,AL
Fayetteville,AL
Fitzpatrick,AL
Five Points,AL
Flomaton,AL
Florala,AL
Florence,AL
Foley,AL
Forestdale,AL
Forkland,AL
Fort Deposit,AL
Fort Payne,AL
Fort Rucker,AL
Franklin,AL
Fredonia,AL
Frisco City,AL
Fruitdale,AL
Fruithurst,AL
Fulton,AL
Fultondale,AL
Fyffe,AL
Gadsden,AL
Gainesville,AL
Gallant,AL
Gantt,AL
Garden City,AL
Gardendale,AL
Gaylesville,AL
Geiger,AL
Geneva,AL
Georgiana,AL
Geraldine,AL
Gilbertown,AL
Glen Allen,AL
Glencoe,AL
Glenwood,AL
Goldville,AL
Good Hope,AL
Goodwater,AL
Gordo,AL
Gordon,AL
Gordonville,AL
Goshen,AL
Graham,AL
Grand Bay,AL
Grant,AL
Grayson Valley,AL
Graysville,AL
Greensboro,AL
Greenville,AL
Grimes,AL
Grove Hill,AL
Gu-Win,AL
Guin,AL
Gulf Shores,AL
Gulfcrest,AL
Guntersville,AL
Gurley,AL
Hackleburg,AL
Hackneyville,AL
Haleburg,AL
Haleyville,AL
Hamilton,AL
Hammondville,AL
Hanceville,AL
Hanover,AL
Harpersville,AL
Hartford,AL
Hartselle,AL
Harvest,AL
Hatton,AL
Hayden,AL
Hayneville,AL
Hazel Green,AL
Headland,AL
Heath,AL
Heflin,AL
Helena,AL
Henagar,AL
Highland Lake,AL
Highland Lakes,AL
Hillsboro,AL
Hissop,AL
Hobson,AL
Hobson City,AL
Hodges,AL
Hokes Bluff,AL
Hollins,AL
Hollis Crossroads,AL
Holly Pond,AL
Hollywood,AL
Holt,AL
Holtville,AL
Homewood,AL
Hoover,AL
Horn Hill,AL
Hueytown,AL
Huguley,AL
Huntsville,AL
Hurtsboro,AL
Hytop,AL
Ider,AL
Indian Springs Village,AL
Irondale,AL
Ivalee,AL
Jackson,AL
Jacksons' Gap,AL
Jacksonville,AL
Jasper,AL
Jemison,AL
Joppa,AL
Kansas,AL
Kellyton,AL
Kennedy,AL
Killen,AL
Kimberly,AL
Kinsey,AL
Kinston,AL
La Fayette,AL
Ladonia,AL
Lake View,AL
Lanett,AL
Langston,AL
Leeds,AL
Leesburg,AL
Leighton,AL
Leroy,AL
Lester,AL
Level Plains,AL
Lexington,AL
Libertyville,AL
Lillian,AL
Lincoln,AL
Linden,AL
Lineville,AL
Lipscomb,AL
Lisman,AL
Littleville,AL
Livingston,AL
Loachapoka,AL
Lockhart,AL
Locust Fork,AL
Lookout Mountain,AL
Louisville,AL
Lowndesboro,AL
Loxley,AL
Luverne,AL
Lynn,AL
Macedonia,AL
Madison,AL
Madrid,AL
Magnolia Springs,AL
Malcolm,AL
Malvern,AL
Maplesville,AL
Marbury,AL
Margaret,AL
Marion,AL
Maytown,AL
McCalla,AL
McDonald Chapel,AL
McIntosh,AL
McKenzie,AL
McMullen,AL
Meadowbrook,AL
Megargel,AL
Memphis,AL
Mentone,AL
Meridianville,AL
Midfield,AL
Midland City,AL
Midway,AL
Mignon,AL
Millbrook,AL
Millerville,AL
Millport,AL
Millry,AL
Minor,AL
Mobile,AL
Monroeville,AL
Montevallo,AL
Montgomery,AL
Moody,AL
Moores Mill,AL
Mooresville,AL
Morris,AL
Morrison Crossroads,AL
Mosses,AL
Moulton,AL
Moundville,AL
Mount Olive,AL
Mount Vernon,AL
Mountain Brook,AL
Movico,AL
Mulga,AL
Munford,AL
Muscle Shoals,AL
Myrtlewood,AL
Nanafalia,AL
Nances Creek,AL
Napier Field,AL
Natural Bridge,AL
Nauvoo,AL
Nectar,AL
Needham,AL
New Brockton,AL
New Hope,AL
New Market,AL
New Site,AL
New Union,AL
Newbern,AL
Newton,AL
Newville,AL
Nixburg,AL
North Courtland,AL
North Johns,AL
Northport,AL
Notasulga,AL
Oak Grove,AL
Oak Hill,AL
Oakman,AL
Odenville,AL
Ohatchee,AL
Oneonta,AL
Onycha,AL
Opelika,AL
Opp,AL
Orange Beach,AL
Orrville,AL
Our Town,AL
Owens Cross Roads,AL
Oxford,AL
Ozark,AL
Paint Rock,AL
Panola,AL
Parrish,AL
Pea Ridge,AL
Pelham,AL
Pell City,AL
Pennington,AL
Penton,AL
Perdido,AL
Perdido Beach,AL
Peterman,AL
Petrey,AL
Phenix City,AL
Phil Campbell,AL
Pickensville,AL
Piedmont,AL
Pike Road,AL
Pinckard,AL
Pine Apple,AL
Pine Hill,AL
Pine Level,AL
Pine Ridge,AL
Pinson,AL
Pisgah,AL
Pleasant Grove,AL
Pleasant Groves,AL
Point Clear,AL
Pollard,AL
Powell,AL
Prattville,AL
Priceville,AL
Prichard,AL
Providence,AL
Putnam,AL
Ragland,AL
Rainbow City,AL
Rainsville,AL
Ranburne,AL
Ray,AL
Red Bay,AL
Red Level,AL
Redland,AL
Redstone Arsenal,AL
Reece City,AL
Reeltown,AL
Reform,AL
Rehobeth,AL
Remlap,AL
Repton,AL
Ridgeville,AL
River Falls,AL
Riverside,AL
Riverview,AL
Roanoke,AL
Robertsdale,AL
Rock Creek,AL
Rock Mills,AL
Rockford,AL
Rockville,AL
Rogersville,AL
Rosa,AL
Russellville,AL
Rutledge,AL
Saks,AL
Samson,AL
Sand Rock,AL
Sanford,AL
Saraland,AL
Sardis City,AL
Satsuma,AL
Scottsboro,AL
Section,AL
Selma,AL
Selmont-West Selmont,AL
Semmes,AL
Sheffield,AL
Shelby,AL
Shiloh,AL
Shoal Creek,AL
Shorter,AL
Silas,AL
Silverhill,AL
Sims Chapel,AL
Sipsey,AL
Skyline,AL
Slocomb,AL
Smiths Station,AL
Smoke Rise,AL
Snead,AL
Somerville,AL
South Vinemont,AL
Southside,AL
Spanish Fort,AL
Spring Garden,AL
Springville,AL
Spruce Pine,AL
St. Florian,AL
St. Stephens,AL
Standing Rock,AL
Stapleton,AL
Steele,AL
Sterrett,AL
Stevenson,AL
Stewartville,AL
Stockton,AL
Sulligent,AL
Sumiton,AL
Summerdale,AL
Susan Moore,AL
Sweet Water,AL
Sylacauga,AL
Sylvan Springs,AL
Sylvania,AL
Talladega,AL
Talladega Springs,AL
Tallassee,AL
Tarrant,AL
Taylor,AL
Theodore,AL
Thomaston,AL
Thomasville,AL
Thorsby,AL
Tibbie,AL
Tidmore Bend,AL
Tillmans Corner,AL
Town Creek,AL
Toxey,AL
Trafford,AL
Triana,AL
Trinity,AL
Troy,AL
Trussville,AL
Tuscaloosa,AL
Tuscumbia,AL
Tuskegee,AL
Twin,AL
Underwood-Petersville,AL
Union,AL
Union Grove,AL
Union Springs,AL
Uniontown,AL
Uriah,AL
Valley,AL
Valley Grande,AL
Valley Head,AL
Vance,AL
Vandiver,AL
Vernon,AL
Vestavia Hills,AL
Vina,AL
Vincent,AL
Vinegar Bend,AL
Vredenburgh,AL
Wadley,AL
Waldo,AL
Walnut Grove,AL
Warrior,AL
Waterloo,AL
Waverly,AL
Weaver,AL
Webb,AL
Wedowee,AL
Weogufka,AL
West Blocton,AL
West End-Cobb Town,AL
West Jefferson,AL
West Point,AL
Westover,AL
Wetumpka,AL
Whatley,AL
White Hall,AL
White Plains,AL
Whitesboro,AL
Wilsonville,AL
Wilton,AL
Winfield,AL
Woodland,AL
Woodstock,AL
Woodville,AL
Yellow Bluff,AL
York,AL
Acorn,AR
Adona,AR
Alexander,AR
Alicia,AR
Alix,AR
Alleene,AR
Allport,AR
Alma,AR
Almyra,AR
Alpena,AR
Alpine,AR
Altheimer,AR
Altus,AR
Amagon,AR
Amity,AR
Anthonyville,AR
Antoine,AR
Aplin,AR
Appleton,AR
Arkadelphia,AR
Arkansas City,AR
Armorel,AR
Ash Flat,AR
Ashdown,AR
Atkins,AR
Aubrey,AR
Augusta,AR
Austin,AR
Avilla,AR
Avoca,AR
Bald Knob,AR
Banks,AR
Barling,AR
Bassett,AR
Batavia,AR
Batesville,AR
Bauxite,AR
Bay,AR
Bearden,AR
Beaver,AR
Bee Branch,AR
Beebe,AR
Beedeville,AR
Beirne,AR
Bella Vista,AR
Bellefonte,AR
Belleville,AR
Ben Lomond,AR
Benton,AR
Bentonville,AR
Bergman,AR
Berryville,AR
Bethesda,AR
Big Flat,AR
Bigelow,AR
Biggers,AR
Birdsong,AR
Bismarck,AR
Black Oak,AR
Black Rock,AR
Black Springs,AR
Blevins,AR
Blue Eye,AR
Blue Mountain,AR
Bluff City,AR
Blytheville,AR
Board Camp,AR
Bodcaw,AR
Boles,AR
Bonanza,AR
Bono,AR
Booneville,AR
Bowman,AR
Bradford,AR
Bradley,AR
Branch,AR
Briarcliff,AR
Brinkley,AR
Brookland,AR
Bryant,AR
Buckner,AR
Buffalo City,AR
Bull Shoals,AR
Burdette,AR
Cabot,AR
Caddo Gap,AR
Caddo Valley,AR
Caldwell,AR
Cale,AR
Calico Rock,AR
Calion,AR
Camden,AR
Cammack Village,AR
Campbell Station,AR
Canehill,AR
Caraway,AR
Carlisle,AR
Carthage,AR
Casa,AR
Cash,AR
Caulksville,AR
Cave City,AR
Cave Springs,AR
Cedarville,AR
Center Point,AR
Center Ridge,AR
Centerton,AR
Centerville,AR
Central City,AR
Charleston,AR
Cherokee City,AR
Cherokee Village,AR
Cherry Valley,AR
Chester,AR
Chidester,AR
Cincinnati,AR
Clarendon,AR
Clarkedale,AR
Clarksville,AR
Clinton,AR
Coal Hill,AR
College Station,AR
Collins,AR
Colt,AR
Concord,AR
Conway,AR
Corinth,AR
Corning,AR
Cotter,AR
Cotton Plant,AR
Cove,AR
Coy,AR
Crawfordsville,AR
Crossett,AR
Crystal Springs,AR
Cushman,AR
Daisy,AR
Damascus,AR
Danville,AR
Dardanelle,AR
Datto,AR
De Queen,AR
De Valls Bluff,AR
DeWitt,AR
Decatur,AR
Deer,AR
Delaplaine,AR
Delight,AR
Dell,AR
Dennard,AR
Denning,AR
Dermott,AR
Des Arc,AR
Desha,AR
Diamond City,AR
Diaz,AR
Dierks,AR
Donaldson,AR
Dora,AR
Dover,AR
Drasco,AR
Dumas,AR
Dyer,AR
Dyess,AR
Earle,AR
East Camden,AR
East End,AR
Edgemont,AR
Edmondson,AR
Egypt,AR
El Dorado,AR
El Paso,AR
Elaine,AR
Elkins,AR
Elm Springs,AR
Emerson,AR
Emmet,AR
England,AR
Enola,AR
Etowah,AR
Eudora,AR
Eureka Springs,AR
Evansville,AR
Evening Shade,AR
Everton,AR
Fair Oaks,AR
Fairfield Bay,AR
Fargo,AR
Farmington,AR
Fayetteville,AR
Felsenthal,AR
Fifty-Six,AR
Fisher,AR
Flippin,AR
Floral,AR
Floyd,AR
Fordyce,AR
Foreman,AR
Forrest City,AR
Fort Smith,AR
Fouke,AR
Fountain Hill,AR
Fountain Lake,AR
Fourche,AR
Fox,AR
Franklin,AR
Fredonia,AR
Friendship,AR
Fulton,AR
Gamaliel,AR
Garfield,AR
Garland,AR
Garner,AR
Gassville,AR
Gateway,AR
Genoa,AR
Gentry,AR
Georgetown,AR
Gibson,AR
Gilbert,AR
Gillett,AR
Gillham,AR
Gilmore,AR
Glenwood,AR
Goodwin,AR
Goshen,AR
Gosnell,AR
Gould,AR
Grady,AR
Grannis,AR
Gravette,AR
Green Forest,AR
Greenbrier,AR
Greenland,AR
Greenway,AR
Greenwood,AR
Greers Ferry,AR
Gregory,AR
Griffithville,AR
Grubbs,AR
Guion,AR
Gum Springs,AR
Gurdon,AR
Guy,AR
Hackett,AR
Hagarville,AR
Halley,AR
Hamburg,AR
Hampton,AR
Hardy,AR
Harrell,AR
Harrisburg,AR
Harrison,AR
Hartford,AR
Hartman,AR
Haskell,AR
Hatfield,AR
Hattieville,AR
Havana,AR
Haynes,AR
Hazen,AR
Heber Springs,AR
Hector,AR
Helena-West Helena,AR
Henderson,AR
Hensley,AR
Hermitage,AR
Hickory Ridge,AR
Higden,AR
Higginson,AR
Highfill,AR
Highland,AR
Hindsville,AR
Holiday Island,AR
Holland,AR
Holly Grove,AR
Hope,AR
Horatio,AR
Horseshoe Bend,AR
Horseshoe Lake,AR
Hot Springs,AR
Hot Springs Village,AR
Houston,AR
Hoxie,AR
Hughes,AR
Humnoke,AR
Humphrey,AR
Hunter,AR
Huntington,AR
Huntsville,AR
Huttig,AR
Imboden,AR
Indian Bay,AR
Ivan,AR
Jacksonport,AR
Jacksonville,AR
Jasper,AR
Jennette,AR
Jericho,AR
Jerome,AR
Jerusalem,AR
Johnson,AR
Joiner,AR
Jones Mills,AR
Jonesboro,AR
Judsonia,AR
Junction City,AR
Keiser,AR
Kensett,AR
Keo,AR
Kibler,AR
Kingsland,AR
Kingston,AR
Kirby,AR
Knobel,AR
Knoxville,AR
LaGrange,AR
Lacey,AR
Lafe,AR
Lake City,AR
Lake Hamilton,AR
Lake Village,AR
Lakeview,AR
Lamar,AR
Landmark,AR
Lavaca,AR
Lawson,AR
Leachville,AR
Lead Hill,AR
Leola,AR
Lepanto,AR
Leslie,AR
Letona,AR
Lewisville,AR
Lexa,AR
Lincoln,AR
Little Flock,AR
Little Rock,AR
Lockesburg,AR
London,AR
Lonoke,AR
Lonsdale,AR
Lost Bridge Village,AR
Louann,AR
Lowell,AR
Luxora,AR
Lynn,AR
Madison,AR
Magazine,AR
Magness,AR
Magnet Cove,AR
Magnolia,AR
Malvern,AR
Mammoth Spring,AR
Manila,AR
Mansfield,AR
Marianna,AR
Marie,AR
Marion,AR
Marked Tree,AR
Marmaduke,AR
Marshall,AR
Marvell,AR
Maumelle,AR
Mayflower,AR
Maynard,AR
Maysville,AR
McAlmont,AR
McCaskill,AR
McCrory,AR
McDougal,AR
McGehee,AR
McNab,AR
McNeil,AR
McRae,AR
Melbourne,AR
Mellwood,AR
Mena,AR
Menifee,AR
Midland,AR
Midway,AR
Mineral Springs,AR
Minturn,AR
Mitchellville,AR
Monette,AR
Monroe,AR
Monticello,AR
Montrose,AR
Moorefield,AR
Moro,AR
Morrilton,AR
Morrison Bluff,AR
Morrow,AR
Mount Holly,AR
Mount Ida,AR
Mount Judea,AR
Mount Olive,AR
Mount Pleasant,AR
Mount Vernon,AR
Mountain Home,AR
Mountain Pine,AR
Mountain View,AR
Mountainburg,AR
Mulberry,AR
Murfreesboro,AR
Nashville,AR
Natural Steps,AR
New Blaine,AR
New Edinburg,AR
Newark,AR
Newhope,AR
Newport,AR
Nimmons,AR
Norfork,AR
Norman,AR
Norphlet,AR
North Crossett,AR
North Little Rock,AR
O'Kean,AR
Oak Grove,AR
Oak Grove Heights,AR
Oakhaven,AR
Oakland,AR
Oark,AR
Oden,AR
Ogden,AR
Oil Trough,AR
Okolona,AR
Ola,AR
Omaha,AR
Oneida,AR
Oppelo,AR
Osceola,AR
Oxford,AR
Ozan,AR
Ozark,AR
Ozark Acres,AR
Ozone,AR
Palestine,AR
Pangburn,AR
Paragould,AR
Paris,AR
Parkdale,AR
Parkin,AR
Patmos,AR
Patterson,AR
Payneway,AR
Pea Ridge,AR
Peach Orchard,AR
Pearcy,AR
Pencil Bluff,AR
Perla,AR
Perry,AR
Perrytown,AR
Perryville,AR
Piggott,AR
Pindall,AR
Pine Bluff,AR
Pineville,AR
Piney,AR
Plainview,AR
Pleasant Grove,AR
Pleasant Plains,AR
Plumerville,AR
Pocahontas,AR
Pollard,AR
Ponca,AR
Poplar Grove,AR
Portia,AR
Portland,AR
Pottsville,AR
Powhatan,AR
Poyen,AR
Prairie Creek,AR
Prairie Grove,AR
Prattsville,AR
Prescott,AR
Princeton,AR
Pyatt,AR
Quitman,AR
Ratcliff,AR
Ravenden,AR
Ravenden Springs,AR
Reader,AR
Rector,AR
Redfield,AR
Reed,AR
Reyno,AR
Rison,AR
Rivervale,AR
Rockport,AR
Rockwell,AR
Roe,AR
Rogers,AR
Roland,AR
Rondo,AR
Rose Bud,AR
Rosston,AR
Rover,AR
Rudy,AR
Russell,AR
Russellville,AR
Rye,AR
Salado,AR
Salem,AR
Salesville,AR
Saratoga,AR
Sardis,AR
Scott,AR
Scranton,AR
Searcy,AR
Sedgwick,AR
Shannon Hills,AR
Sheridan,AR
Sherrill,AR
Sherwood,AR
Shirley,AR
Sidney,AR
Siloam Springs,AR
Smackover,AR
Smithville,AR
South Lead Hill,AR
Southside,AR
Sparkman,AR
Springdale,AR
Springfield,AR
Springtown,AR
St. Charles,AR
St. Francis,AR
St. Joe,AR
St. Paul,AR
Stamps,AR
Star City,AR
Staves,AR
Stephens,AR
Strawberry,AR
Strong,AR
Stuttgart,AR
Subiaco,AR
Success,AR
Sulphur Rock,AR
Sulphur Springs,AR
Summers,AR
Summit,AR
Sunset,AR
Sweet Home,AR
Swifton,AR
Taylor,AR
Texarkana,AR
Thornton,AR
Tillar,AR
Tinsman,AR
Tollette,AR
Tontitown,AR
Traskwood,AR
Trumann,AR
Tucker,AR
Tuckerman,AR
Tull,AR
Tumbling Shoals,AR
Tupelo,AR
Turrell,AR
Twin Groves,AR
Tyronza,AR
Ulm,AR
Uniontown,AR
Urbana,AR
Valley Springs,AR
Van Buren,AR
Vandervoort,AR
Vanndale,AR
Victoria,AR
Vilonia,AR
Viola,AR
Violet Hill,AR
Wabbaseka,AR
Walcott,AR
Waldenburg,AR
Waldo,AR
Waldron,AR
Walnut Ridge,AR
Ward,AR
Warm Springs,AR
Warren,AR
Washington,AR
Watson,AR
Wayton,AR
Weiner,AR
Weldon,AR
Wesley,AR
West Crossett,AR
West Fork,AR
West Memphis,AR
West Point,AR
Western Grove,AR
Wheatley,AR
Whelen Springs,AR
White Hall,AR
Wickes,AR
Widener,AR
Wiederkehr Village,AR
Wilburn,AR
Williford,AR
Willisville,AR
Wilmar,AR
Wilmot,AR
Wilson,AR
Wilton,AR
Winchester,AR
Winslow,AR
Winthrop,AR
Witts Springs,AR
Woodlawn,AR
Woodson,AR
Wooster,AR
Wrightsville,AR
Wynne,AR
Yarborough Landing,AR
Yellville,AR
Zinc,AR
Aguila,AZ
Ajo,AZ
Ak Chin,AZ
Ak-Chin Village,AZ
Alamo Lake,AZ
Ali Chuk,AZ
Ali Chukson,AZ
Ali Molina,AZ
Alpine,AZ
Amado,AZ
Anegam,AZ
Antares,AZ
Anthem,AZ
Apache Junction,AZ
Arivaca,AZ
Arivaca Junction,AZ
Arizona City,AZ
Arizona Village,AZ
Arlington,AZ
Ash Fork,AZ
Avenue B and C,AZ
Avondale,AZ
Avra Valley,AZ
Aztec,AZ
Bagdad,AZ
Bear Flat,AZ
Beaver Dam,AZ
Beaver Valley,AZ
Bellemont,AZ
Benson,AZ
Beyerville,AZ
Bisbee,AZ
Bitter Springs,AZ
Black Canyon City,AZ
Blackwater,AZ
Blue Ridge,AZ
Bluewater,AZ
Bouse,AZ
Bowie,AZ
Brenda,AZ
Bryce,AZ
Buckeye,AZ
Buckshot,AZ
Bullhead City,AZ
Burnside,AZ
Bylas,AZ
Cactus Flats,AZ
Cactus Forest,AZ
Cameron,AZ
Camp Verde,AZ
Campo Bonito,AZ
Cane Beds,AZ
Canyon Day,AZ
Carefree,AZ
Carrizo,AZ
Casa Blanca,AZ
Casa Grande,AZ
Casas Adobes,AZ
Catalina,AZ
Catalina Foothills,AZ
Cave Creek,AZ
Cedar Creek,AZ
Centennial Park,AZ
Central,AZ
Central Heights-Midland City,AZ
Chandler,AZ
Charco,AZ
Chiawuli Tak,AZ
Chilchinbito,AZ
Chinle,AZ
Chino Valley,AZ
Chloride,AZ
Christopher Creek,AZ
Chuichu,AZ
Cibecue,AZ
Cibola,AZ
Cienega Springs,AZ
Circle City,AZ
Citrus Park,AZ
Clacks Canyon,AZ
Clarkdale,AZ
Clay Springs,AZ
Claypool,AZ
Clifton,AZ
Colorado City,AZ
Comobabi,AZ
Concho,AZ
Congress,AZ
Coolidge,AZ
Copper Hill,AZ
Cordes Lakes,AZ
Cornfields,AZ
Cornville,AZ
Corona de Tucson,AZ
Cottonwood,AZ
Cowlic,AZ
Crozier,AZ
Crystal Beach,AZ
Cutter,AZ
Dateland,AZ
Deer Creek,AZ
Del Muerto,AZ
Dennehotso,AZ
Desert Hills,AZ
Dewey-Humboldt,AZ
Dilkon,AZ
Dolan Springs,AZ
Doney Park,AZ
Donovan Estates,AZ
Douglas,AZ
Dragoon,AZ
Drexel Heights,AZ
Dripping Springs,AZ
Drysdale,AZ
Dudleyville,AZ
Duncan,AZ
Eagar,AZ
East Fork,AZ
East Globe,AZ
East Verde Estates,AZ
Ehrenberg,AZ
El Capitan,AZ
El Mirage,AZ
El Prado Estates,AZ
Elephant Head,AZ
Elfrida,AZ
Elgin,AZ
Eloy,AZ
First Mesa,AZ
Flagstaff,AZ
Florence,AZ
Flowing Springs,AZ
Flowing Wells,AZ
Fort Apache,AZ
Fort Defiance,AZ
Fort Mohave,AZ
Fort Thomas,AZ
Fort Valley,AZ
Fortuna Foothills,AZ
Fountain Hills,AZ
Franklin,AZ
Fredonia,AZ
Freedom Acres,AZ
Gadsden,AZ
Ganado,AZ
Geronimo Estates,AZ
Gila Bend,AZ
Gila Crossing,AZ
Gilbert,AZ
Gisela,AZ
Glendale,AZ
Globe,AZ
Gold Canyon,AZ
Golden Shores,AZ
Golden Valley,AZ
Goodyear,AZ
Goodyear Village,AZ
Grand Canyon Village,AZ
Grand Canyon West,AZ
Greasewood,AZ
Green Valley,AZ
Greenehaven,AZ
Greer,AZ
Gu Oidak,AZ
Guadalupe,AZ
Hackberry,AZ
Haigler Creek,AZ
Haivana Nakya,AZ
Hard Rock,AZ
Hayden,AZ
Heber-Overgaard,AZ
Holbrook,AZ
Hondah,AZ
Hotevilla-Bacavi,AZ
Houck,AZ
Huachuca City,AZ
Hunter Creek,AZ
Icehouse Canyon,AZ
Indian Wells,AZ
Jakes Corner,AZ
Jeddito,AZ
Jerome,AZ
Joseph City,AZ
Kachina Village,AZ
Kaibab,AZ
Kaibab Estates West,AZ
Kaibito,AZ
Kaka,AZ
Katherine,AZ
Kayenta,AZ
Keams Canyon,AZ
Kearny,AZ
Kingman,AZ
Kino Springs,AZ
Klagetoh,AZ
Kleindale,AZ
Ko Vaya,AZ
Kohatk,AZ
Kohls Ranch,AZ
Komatke,AZ
Kykotsmovi Village,AZ
La Paz Valley,AZ
Lake Havasu City,AZ
Lake Montezuma,AZ
Lake of the Woods,AZ
Lazy Y U,AZ
LeChee,AZ
Leupp,AZ
Linden,AZ
Litchfield Park,AZ
Littlefield,AZ
Low Mountain,AZ
Lower Santan Village,AZ
Lukachukai,AZ
Lupton,AZ
Maish Vaya,AZ
Mammoth,AZ
Many Farms,AZ
Marana,AZ
Maricopa,AZ
Maricopa Colony,AZ
Martinez Lake,AZ
Mayer,AZ
McConnico,AZ
McNary,AZ
McNeal,AZ
Mead Ranch,AZ
Meadview,AZ
Mesa,AZ
Mesa del Caballo,AZ
Mescal,AZ
Mesquite Creek,AZ
Miami,AZ
Miracle Valley,AZ
Moccasin,AZ
Moenkopi,AZ
Mohave Valley,AZ
Mojave Ranch Estates,AZ
Morenci,AZ
Mormon Lake,AZ
Morristown,AZ
Mountain View Ranches,AZ
Mountainaire,AZ
Munds Park,AZ
Naco,AZ
Nazlini,AZ
Nelson,AZ
New Kingman-Butler,AZ
New River,AZ
Nogales,AZ
Nolic,AZ
North Fork,AZ
Nutrioso,AZ
Oak Creek Canyon,AZ
Oak Springs,AZ
Oatman,AZ
Oljato-Monument Valley,AZ
Oracle,AZ
Oro Valley,AZ
Oxbow Estates,AZ
Padre Ranchitos,AZ
Page,AZ
Palominas,AZ
Paradise Valley,AZ
Parker,AZ
Parker Strip,AZ
Parks,AZ
Patagonia,AZ
Paulden,AZ
Payson,AZ
Peach Springs,AZ
Peeples Valley,AZ
Peoria,AZ
Peridot,AZ
Phoenix,AZ
Picacho,AZ
Picture Rocks,AZ
Pima,AZ
Pinal,AZ
Pine,AZ
Pine Lake,AZ
Pinedale,AZ
Pinetop Country Club,AZ
Pinetop-Lakeside,AZ
Pinion Pines,AZ
Pinon,AZ
Pirtleville,AZ
Pisinemo,AZ
Poston,AZ
Prescott,AZ
Prescott Valley,AZ
Quartzsite,AZ
Queen Creek,AZ
Queen Valley,AZ
Rainbow City,AZ
Rancho Mesa Verde,AZ
Red Lake,AZ
Red Mesa,AZ
Red Rock,AZ
Rillito,AZ
Rincon Valley,AZ
Rio Rico,AZ
Rio Verde,AZ
Rock House,AZ
Rock Point,AZ
Roosevelt,AZ
Roosevelt Estates,AZ
Rough Rock,AZ
Round Rock,AZ
Round Valley,AZ
Rye,AZ
Sacate Village,AZ
Sacaton,AZ
Sacaton Flats Village,AZ
Saddlebrooke,AZ
Safford,AZ
Sahuarita,AZ
Salome,AZ
San Carlos,AZ
San Jose,AZ
San Luis,AZ
San Manuel,AZ
San Miguel,AZ
San Simon,AZ
San Tan Valley,AZ
Sanders,AZ
Santa Cruz,AZ
Santa Rosa,AZ
Sawmill,AZ
Scenic,AZ
Scottsdale,AZ
Seba Dalkai,AZ
Second Mesa,AZ
Sedona,AZ
Sehili,AZ
Seligman,AZ
Sells,AZ
Seven Mile,AZ
Shongopovi,AZ
Shonto,AZ
Show Low,AZ
Shumway,AZ
Sierra Vista,AZ
Sierra Vista Southeast,AZ
Six Shooter Canyon,AZ
Snowflake,AZ
So-Hi,AZ
Solomon,AZ
Somerton,AZ
Sonoita,AZ
South Komelik,AZ
South Tucson,AZ
Spring Valley,AZ
Springerville,AZ
St. David,AZ
St. Johns,AZ
St. Michaels,AZ
Stanfield,AZ
Star Valley,AZ
Steamboat,AZ
Stotonic Village,AZ
Strawberry,AZ
Summerhaven,AZ
Summit,AZ
Sun City,AZ
Sun City West,AZ
Sun Lakes,AZ
Sun Valley,AZ
Sunizona,AZ
Sunsites,AZ
Sunwest,AZ
Supai,AZ
Superior,AZ
Surprise,AZ
Sweet Water Village,AZ
Swift Trail Junction,AZ
Tacna,AZ
Tanque Verde,AZ
Tat Momoli,AZ
Taylor,AZ
Teec Nos Pos,AZ
Tees Toh,AZ
Tempe,AZ
Thatcher,AZ
Theba,AZ
Three Points,AZ
Timberline-Fernwood,AZ
Tolani Lake,AZ
Tolleson,AZ
Tombstone,AZ
Tonalea,AZ
Tonopah,AZ
Tonto Basin,AZ
Tonto Village,AZ
Top-of-the-World,AZ
Topawa,AZ
Topock,AZ
Toyei,AZ
Truxton,AZ
Tsaile,AZ
Tuba City,AZ
Tubac,AZ
Tucson,AZ
Tucson Estates,AZ
Tucson Mountains,AZ
Tumacacori-Carmen,AZ
Turkey Creek,AZ
Tusayan,AZ
Upper Santan Village,AZ
Utting,AZ
Vail,AZ
Vaiva Vo,AZ
Valencia West,AZ
Valentine,AZ
Valle,AZ
Valle Vista,AZ
Ventana,AZ
Verde Village,AZ
Vernon,AZ
Vicksburg,AZ
Village of Oak Creek,AZ
Wagon Wheel,AZ
Wahak Hotrontk,AZ
Wall Lane,AZ
Walnut Creek,AZ
Washington Park,AZ
Wellton,AZ
Wellton Hills,AZ
Wenden,AZ
Wet Camp Village,AZ
Wheatfields,AZ
Whetstone,AZ
Whispering Pines,AZ
White Hills,AZ
White Mountain Lake,AZ
Whitecone,AZ
Whiteriver,AZ
Why,AZ
Wickenburg,AZ
Wide Ruins,AZ
Wikieup,AZ
Wilhoit,AZ
Willcox,AZ
Williams,AZ
Williamson,AZ
Willow Canyon,AZ
Willow Valley,AZ
Window Rock,AZ
Winkelman,AZ
Winslow,AZ
Winslow West,AZ
Wintersburg,AZ
Wittmann,AZ
Woodruff,AZ
Yarnell,AZ
York,AZ
Young,AZ
Youngtown,AZ
Yucca,AZ
Yuma,AZ
Yuma Proving Ground,AZ
Acalanes Ridge,CA
Acampo,CA
Acton,CA
Adelanto,CA
Adin,CA
Agoura Hills,CA
Agua Dulce,CA
Aguanga,CA
Ahwahnee,CA
Airport,CA
Alameda,CA
Alamo,CA
Albany,CA
Albion,CA
Alderpoint,CA
Alhambra,CA
Alhambra Valley,CA
Aliso Viejo,CA
Alleghany,CA
Allendale,CA
Allensworth,CA
Almanor,CA
Alondra Park,CA
Alpaugh,CA
Alpine,CA
Alpine Village,CA
Alta,CA
Alta Sierra,CA
Altadena,CA
Alto,CA
Alturas,CA
Alum Rock,CA
Amador City,CA
Amador Pines,CA
American Canyon,CA
Amesti,CA
Anaheim,CA
Anchor Bay,CA
Anderson,CA
Angels,CA
Angwin,CA
Antelope,CA
Antioch,CA
Anza,CA
Apple Valley,CA
Aptos,CA
Aptos Hills-Larkin Valley,CA
Arbuckle,CA
Arcadia,CA
Arcata,CA
Arden-Arcade,CA
Armona,CA
Arnold,CA
Aromas,CA
Arroyo Grande,CA
Artesia,CA
Artois,CA
Arvin,CA
Ashland,CA
Aspen Springs,CA
Atascadero,CA
Atherton,CA
Atwater,CA
Auberry,CA
Auburn,CA
Auburn Lake Trails,CA
August,CA
Avalon,CA
Avenal,CA
Avery,CA
Avila Beach,CA
Avocado Heights,CA
Azusa,CA
Baker,CA
Bakersfield,CA
Bakersfield Country Club,CA
Baldwin Park,CA
Ballard,CA
Ballico,CA
Bangor,CA
Banning,CA
Barstow,CA
Bass Lake,CA
Bay Point,CA
Bayview,CA
Baywood Park,CA
Beale AFB,CA
Bear Creek,CA
Bear Valley,CA
Bear Valley Springs,CA
Beaumont,CA
Beckwourth,CA
Belden,CA
Bell,CA
Bell Canyon,CA
Bell Gardens,CA
Bella Vista,CA
Bellflower,CA
Belmont,CA
Belvedere,CA
Ben Lomond,CA
Benbow,CA
Bend,CA
Benicia,CA
Benton,CA
Benton Park,CA
Berkeley,CA
Bermuda Dunes,CA
Berry Creek,CA
Bertsch-Oceanview,CA
Bethel Island,CA
Beverly Hills,CA
Bieber,CA
Big Bear City,CA
Big Bear Lake,CA
Big Bend,CA
Big Creek,CA
Big Lagoon,CA
Big Pine,CA
Big River,CA
Biggs,CA
Biola,CA
Bishop,CA
Black Point-Green Point,CA
Blackhawk,CA
Blacklake,CA
Blairsden,CA
Bloomfield,CA
Bloomington,CA
Blue Lake,CA
Bluewater,CA
Blythe,CA
Bodega,CA
Bodega Bay,CA
Bodfish,CA
Bolinas,CA
Bombay Beach,CA
Bonadelle Ranchos,CA
Bonita,CA
Bonny Doon,CA
Bonsall,CA
Boonville,CA
Bootjack,CA
Boron,CA
Boronda,CA
Borrego Springs,CA
Bostonia,CA
Boulder Creek,CA
Boulevard,CA
Bowles,CA
Boyes Hot Springs,CA
Bradbury,CA
Bradley,CA
Brawley,CA
Brea,CA
Brentwood,CA
Bret Harte,CA
Bridgeport,CA
Brisbane,CA
Broadmoor,CA
Brookdale,CA
Brooks,CA
Brooktrails,CA
Buck Meadows,CA
Buckhorn,CA
Bucks Lake,CA
Buellton,CA
Buena Park,CA
Buena Vista,CA
Burbank,CA
Burlingame,CA
Burney,CA
Burnt Ranch,CA
Butte Creek Canyon,CA
Butte Meadows,CA
Butte Valley,CA
Buttonwillow,CA
Byron,CA
Bystrom,CA
C-Road,CA
Cabazon,CA
Calabasas,CA
Calexico,CA
California City,CA
California Hot Springs,CA
California Pines,CA
California Polytechnic State University,CA
Calimesa,CA
Calipatria,CA
Calistoga,CA
Callender,CA
Calpella,CA
Calpine,CA
Calwa,CA
Camanche North Shore,CA
Camanche Village,CA
Camarillo,CA
Cambria,CA
Cambrian Park,CA
Cameron Park,CA
Camino,CA
Camino Tassajara,CA
Camp Nelson,CA
Camp Pendleton South,CA
Campbell,CA
Campo,CA
Camptonville,CA
Canby,CA
Cantua Creek,CA
Canyon Lake,CA
Canyondam,CA
Capitola,CA
Caribou,CA
Carlsbad,CA
Carmel Valley Village,CA
Carmel-by-the-Sea,CA
Carmet,CA
Carmichael,CA
Carnelian Bay,CA
Carpinteria,CA
Carrick,CA
Carson,CA
Cartago,CA
Caruthers,CA
Casa Conejo,CA
Casa Loma,CA
Casa de Oro-Mount Helix,CA
Casmalia,CA
Caspar,CA
Cassel,CA
Castaic,CA
Castella,CA
Castle Hill,CA
Castro Valley,CA
Castroville,CA
Cathedral City,CA
Catheys Valley,CA
Cayucos,CA
Cazadero,CA
Cedar Flat,CA
Cedar Ridge,CA
Cedar Slope,CA
Cedarville,CA
Centerville,CA
Ceres,CA
Cerritos,CA
Chalfant,CA
Challenge-Brownsville,CA
Channel Islands Beach,CA
Charleston View,CA
Charter Oak,CA
Cherokee,CA
Cherokee Strip,CA
Cherry Valley,CA
Cherryland,CA
Chester,CA
Chico,CA
Chilcoot-Vinton,CA
China Lake Acres,CA
Chinese Camp,CA
Chino,CA
Chino Hills,CA
Chowchilla,CA
Chualar,CA
Chula Vista,CA
Citrus,CA
Citrus Heights,CA
Claremont,CA
Clarksburg,CA
Clay,CA
Clayton,CA
Clear Creek,CA
Clearlake,CA
Clearlake Oaks,CA
Clearlake Riviera,CA
Cleone,CA
Clio,CA
Clipper Mills,CA
Cloverdale,CA
Clovis,CA
Clyde,CA
Coachella,CA
Coalinga,CA
Coarsegold,CA
Cobb,CA
Coffee Creek,CA
Cohasset,CA
Cold Springs,CA
Coleville,CA
Colfax,CA
College City,CA
Collierville,CA
Colma,CA
Coloma,CA
Colton,CA
Columbia,CA
Colusa,CA
Commerce,CA
Comptche,CA
Compton,CA
Concord,CA
Concow,CA
Contra Costa Centre,CA
Copperopolis,CA
Corcoran,CA
Corning,CA
Corona,CA
Coronado,CA
Coronita,CA
Corralitos,CA
Corte Madera,CA
Costa Mesa,CA
Cotati,CA
Coto de Caza,CA
Cottonwood,CA
Coulterville,CA
Country Club,CA
Courtland,CA
Covelo,CA
Covina,CA
Cowan,CA
Crescent City,CA
Crescent Mills,CA
Cressey,CA
Crest,CA
Crestline,CA
Creston,CA
Crockett,CA
Cromberg,CA
Crowley Lake,CA
Crows Landing,CA
Cudahy,CA
Culver City,CA
Cupertino,CA
Cutler,CA
Cutten,CA
Cuyama,CA
Cypress,CA
Dales,CA
Daly City,CA
Dana Point,CA
Danville,CA
Daphnedale Park,CA
Darwin,CA
Davenport,CA
Davis,CA
Day Valley,CA
Deer Park,CA
Del Aire,CA
Del Dios,CA
Del Mar,CA
Del Monte Forest,CA
Del Rey,CA
Del Rey Oaks,CA
Del Rio,CA
Delano,CA
Delft Colony,CA
Delhi,CA
Delleker,CA
Denair,CA
Derby Acres,CA
Descanso,CA
Desert Center,CA
Desert Edge,CA
Desert Hot Springs,CA
Desert Palms,CA
Desert Shores,CA
Desert View Highlands,CA
Di Giorgio,CA
Diablo,CA
Diablo Grande,CA
Diamond Bar,CA
Diamond Springs,CA
Dillon Beach,CA
Dinuba,CA
Discovery Bay,CA
Dixon,CA
Dixon Lane-Meadow Creek,CA
Dobbins,CA
Dogtown,CA
Dollar Point,CA
Dorrington,CA
Dorris,CA
Dos Palos,CA
Dos Palos Y,CA
Douglas City,CA
Downey,CA
Downieville,CA
Doyle,CA
Drytown,CA
Duarte,CA
Dublin,CA
Ducor,CA
Dunnigan,CA
Dunsmuir,CA
Durham,CA
Dustin Acres,CA
Dutch Flat,CA
Eagleville,CA
Earlimart,CA
East Bakersfield,CA
East Foothills,CA
East Hemet,CA
East Los Angeles,CA
East Nicolaus,CA
East Niles,CA
East Oakdale,CA
East Orosi,CA
East Palo Alto,CA
East Pasadena,CA
East Porterville,CA
East Quincy,CA
East Rancho Dominguez,CA
East Richmond Heights,CA
East San Gabriel,CA
East Shore,CA
East Sonora,CA
East Tulare Villa,CA
East Whittier,CA
Eastern Goleta Valley,CA
Easton,CA
Eastvale,CA
Edgewood,CA
Edison,CA
Edmundson Acres,CA
Edna,CA
Edwards AFB,CA
El Adobe,CA
El Cajon,CA
El Centro,CA
El Centro Naval Air Facility,CA
El Cerrito,CA
El Dorado Hills,CA
El Granada,CA
El Macero,CA
El Monte,CA
El Monte Mobile Village,CA
El Nido,CA
El Paso de Robles,CA
El Portal,CA
El Rancho,CA
El Rio,CA
El Segundo,CA
El Sobrante,CA
El Verano,CA
Eldridge,CA
Elfin Forest,CA
Elizabeth Lake,CA
Elk Creek,CA
Elk Grove,CA
Elkhorn,CA
Elmira,CA
Elverta,CA
Emerald Lake Hills,CA
Emeryville,CA
Empire,CA
Encinitas,CA
Escalon,CA
Escondido,CA
Esparto,CA
Etna,CA
Eucalyptus Hills,CA
Eureka,CA
Exeter,CA
Fair Oaks,CA
Fairbanks Ranch,CA
Fairfax,CA
Fairfield,CA
Fairhaven,CA
Fairmead,CA
Fairview,CA
Fall River Mills,CA
Fallbrook,CA
Farmersville,CA
Farmington,CA
Fellows,CA
Felton,CA
Ferndale,CA
Fetters Hot Springs-Agua Caliente,CA
Fiddletown,CA
Fieldbrook,CA
Fields Landing,CA
Fillmore,CA
Firebaugh,CA
Fish Camp,CA
Florence-Graham,CA
Florin,CA
Floriston,CA
Flournoy,CA
Folsom,CA
Fontana,CA
Foothill Farms,CA
Forbestown,CA
Ford City,CA
Forest Meadows,CA
Forest Ranch,CA
Foresta,CA
Foresthill,CA
Forestville,CA
Fort Bidwell,CA
Fort Bragg,CA
Fort Dick,CA
Fort Hunter Liggett,CA
Fort Irwin,CA
Fort Jones,CA
Fort Washington,CA
Fortuna,CA
Foster City,CA
Fountain Valley,CA
Fowler,CA
Franklin,CA
Frazier Park,CA
Freedom,CA
Freeport,CA
Fremont,CA
French Camp,CA
French Gulch,CA
French Valley,CA
Fresno,CA
Friant,CA
Fruitdale,CA
Fruitridge Pocket,CA
Fuller Acres,CA
Fullerton,CA
Fulton,CA
Furnace Creek,CA
Galt,CA
Garberville,CA
Garden Acres,CA
Garden Farms,CA
Garden Grove,CA
Gardena,CA
Garey,CA
Garnet,CA
Gasquet,CA
Gazelle,CA
Georgetown,CA
Gerber,CA
Geyserville,CA
Gilroy,CA
Glen Ellen,CA
Glendale,CA
Glendora,CA
Glennville,CA
Gold Mountain,CA
Gold River,CA
Golden Hills,CA
Goleta,CA
Gonzales,CA
Good Hope,CA
Goodmanville,CA
Goodyears Bar,CA
Goshen,CA
Graeagle,CA
Grand Terrace,CA
Grangeville,CA
Granite Bay,CA
Granite Hills,CA
Graniteville,CA
Grass Valley,CA
Graton,CA
Grayson,CA
Greeley Hill,CA
Green Valley,CA
Greenacres,CA
Greenfield,CA
Greenhorn,CA
Greenview,CA
Greenville,CA
Grenada,CA
Gridley,CA
Grimes,CA
Grizzly Flats,CA
Groveland,CA
Grover Beach,CA
Guadalupe,CA
Guerneville,CA
Guinda,CA
Gustine,CA
Hacienda Heights,CA
Half Moon Bay,CA
Hamilton Branch,CA
Hamilton City,CA
Hanford,CA
Happy Camp,CA
Happy Valley,CA
Harbison Canyon,CA
Hardwick,CA
Harmony Grove,CA
Hartland,CA
Hartley,CA
Hasley Canyon,CA
Hat Creek,CA
Hawaiian Gardens,CA
Hawthorne,CA
Hayfork,CA
Hayward,CA
Healdsburg,CA
Heber,CA
Hemet,CA
Herald,CA
Hercules,CA
Herlong,CA
Hermosa Beach,CA
Hesperia,CA
Hickman,CA
Hidden Hills,CA
Hidden Meadows,CA
Hidden Valley Lake,CA
Highgrove,CA
Highland,CA
Highlands,CA
Hillcrest,CA
Hillsborough,CA
Hilmar-Irwin,CA
Hiouchi,CA
Hollister,CA
Holtville,CA
Home Garden,CA
Home Gardens,CA
Homeland,CA
Homestead Valley,CA
Homewood Canyon,CA
Honcut,CA
Hood,CA
Hoopa,CA
Hopland,CA
Hornbrook,CA
Hornitos,CA
Hughson,CA
Humboldt Hill,CA
Huntington Beach,CA
Huntington Park,CA
Huron,CA
Hyampom,CA
Hydesville,CA
Hypericum,CA
Idlewild,CA
Idyllwild-Pine Cove,CA
Igo,CA
Imperial,CA
Imperial Beach,CA
Independence,CA
Indian Falls,CA
Indian Wells,CA
Indianola,CA
Indio,CA
Indio Hills,CA
Industry,CA
Inglewood,CA
Interlaken,CA
Inverness,CA
Inyokern,CA
Ione,CA
Iron Horse,CA
Irvine,CA
Irwindale,CA
Isla Vista,CA
Isleton,CA
Ivanhoe,CA
Jackson,CA
Jacumba,CA
Jamestown,CA
Jamul,CA
Janesville,CA
Jenner,CA
Johannesburg,CA
Johnson Park,CA
Johnstonville,CA
Johnsville,CA
Jones Valley,CA
Joshua Tree,CA
Jovista,CA
Julian,CA
Junction City,CA
June Lake,CA
Jurupa Valley,CA
Keddie,CA
Keeler,CA
Keene,CA
Kelly Ridge,CA
Kelseyville,CA
Kennedy,CA
Kennedy Meadows,CA
Kensington,CA
Kentfield,CA
Kenwood,CA
Kep'el,CA
Kerman,CA
Kernville,CA
Keswick,CA
Kettleman City,CA
Keyes,CA
King City,CA
Kings Beach,CA
Kingsburg,CA
Kingvale,CA
Kirkwood,CA
Klamath,CA
Knights Ferry,CA
Knights Landing,CA
Knightsen,CA
La Cañada Flintridge,CA
La Crescenta-Montrose,CA
La Cresta,CA
La Grange,CA
La Habra,CA
La Habra Heights,CA
La Honda,CA
La Mesa,CA
La Mirada,CA
La Palma,CA
La Porte,CA
La Presa,CA
La Puente,CA
La Quinta,CA
La Riviera,CA
La Selva Beach,CA
La Verne,CA
La Vina,CA
Ladera,CA
Ladera Heights,CA
Ladera Ranch,CA
Lafayette,CA
Laguna Beach,CA
Laguna Hills,CA
Laguna Niguel,CA
Laguna Woods,CA
Lagunitas-Forest Knolls,CA
Lake Almanor Country Club,CA
Lake Almanor Peninsula,CA
Lake Almanor West,CA
Lake Arrowhead,CA
Lake California,CA
Lake City,CA
Lake Davis,CA
Lake Don Pedro,CA
Lake Elsinore,CA
Lake Forest,CA
Lake Hughes,CA
Lake Isabella,CA
Lake Los Angeles,CA
Lake Mathews,CA
Lake Nacimiento,CA
Lake Riverside,CA
Lake San Marcos,CA
Lake Shastina,CA
Lake Sherwood,CA
Lake Wildwood,CA
Lake of the Pines,CA
Lake of the Woods,CA
Lakehead,CA
Lakeland Village,CA
Lakeport,CA
Lakeside,CA
Lakeview,CA
Lakewood,CA
Lamont,CA
Lanare,CA
Lancaster,CA
Larkfield-Wikiup,CA
Larkspur,CA
Las Flores,CA
Las Lomas,CA
Lathrop,CA
Laton,CA
Lawndale,CA
Laytonville,CA
Le Grand,CA
Lebec,CA
Lee Vining,CA
Leggett,CA
Lemon Cove,CA
Lemon Grove,CA
Lemon Hill,CA
Lemoore,CA
Lemoore Station,CA
Lennox,CA
Lenwood,CA
Leona Valley,CA
Lewiston,CA
Lexington Hills,CA
Likely,CA
Lincoln,CA
Lincoln Village,CA
Linda,CA
Lindcove,CA
Linden,CA
Lindsay,CA
Linnell Camp,CA
Litchfield,CA
Little Grass Valley,CA
Little River,CA
Little Valley,CA
Littlerock,CA
Live Oak,CA
Livermore,CA
Livingston,CA
Lockeford,CA
Lockwood,CA
Lodi,CA
Lodoga,CA
Loleta,CA
Loma Linda,CA
Loma Mar,CA
Loma Rica,CA
Lomita,CA
Lompico,CA
Lompoc,CA
London,CA
Lone Pine,CA
Long Barn,CA
Long Beach,CA
Lookout,CA
Loomis,CA
Los Alamitos,CA
Los Alamos,CA
Los Altos,CA
Los Altos Hills,CA
Los Angeles,CA
Los Banos,CA
Los Berros,CA
Los Gatos,CA
Los Molinos,CA
Los Olivos,CA
Los Osos,CA
Los Ranchos,CA
Lost Hills,CA
Lower Lake,CA
Loyalton,CA
Loyola,CA
Lucas Valley-Marinwood,CA
Lucerne,CA
Lucerne Valley,CA
Lynwood,CA
Lytle Creek,CA
Mabie,CA
Macdoel,CA
Mad River,CA
Madeline,CA
Madera,CA
Madera Acres,CA
Madera Ranchos,CA
Madison,CA
Magalia,CA
Malaga,CA
Malibu,CA
Mammoth Lakes,CA
Manchester,CA
Manhattan Beach,CA
Manila,CA
Manteca,CA
Manton,CA
March ARB,CA
Maricopa,CA
Marin City,CA
Marina,CA
Marina del Rey,CA
Mariposa,CA
Markleeville,CA
Martell,CA
Martinez,CA
Marysville,CA
Matheny,CA
Mather,CA
Maxwell,CA
Mayfair,CA
Mayflower Village,CA
Maywood,CA
McArthur,CA
McClellan Park,CA
McClenney Tract,CA
McCloud,CA
McFarland,CA
McGee Creek,CA
McKinleyville,CA
McKittrick,CA
McSwain,CA
Mead Valley,CA
Meadow Valley,CA
Meadow Vista,CA
Meadowbrook,CA
Mecca,CA
Meiners Oaks,CA
Mendocino,CA
Mendota,CA
Menifee,CA
Menlo Park,CA
Mentone,CA
Merced,CA
Meridian,CA
Mesa,CA
Mesa Verde,CA
Mesa Vista,CA
Mettler,CA
Mexican Colony,CA
Meyers,CA
Mi-Wuk Village,CA
Middletown,CA
Midpines,CA
Midway City,CA
Milford,CA
Mill Valley,CA
Millbrae,CA
Millerton,CA
Millville,CA
Milpitas,CA
Mineral,CA
Minkler,CA
Mira Monte,CA
Miranda,CA
Mission Canyon,CA
Mission Hills,CA
Mission Viejo,CA
Modesto,CA
Modjeska,CA
Mohawk Vista,CA
Mojave,CA
Mokelumne Hill,CA
Monmouth,CA
Mono City,CA
Mono Vista,CA
Monrovia,CA
Monson,CA
Montague,CA
Montalvin Manor,CA
Montara,CA
Montclair,CA
Monte Rio,CA
Monte Sereno,CA
Montebello,CA
Montecito,CA
Monterey,CA
Monterey Park,CA
Monterey Park Tract,CA
Montgomery Creek,CA
Monument Hills,CA
Moorpark,CA
Morada,CA
Moraga,CA
Moreno Valley,CA
Morgan Hill,CA
Morongo Valley,CA
Morro Bay,CA
Moskowite Corner,CA
Moss Beach,CA
Moss Landing,CA
Mount Bullion,CA
Mount Hebron,CA
Mount Hermon,CA
Mount Laguna,CA
Mount Shasta,CA
Mountain Center,CA
Mountain Gate,CA
Mountain House,CA
Mountain Meadows,CA
Mountain Mesa,CA
Mountain Ranch,CA
Mountain View,CA
Mountain View Acres,CA
Muir Beach,CA
Murphys,CA
Murrieta,CA
Muscoy,CA
Myers Flat,CA
Myrtletown,CA
Napa,CA
National City,CA
Needles,CA
Nevada City,CA
New Cuyama,CA
New Pine Creek,CA
Newark,CA
Newcastle,CA
Newell,CA
Newman,CA
Newport Beach,CA
Nicasio,CA
Nice,CA
Nicolaus,CA
Niland,CA
Nipinnawasee,CA
Nipomo,CA
Norco,CA
Nord,CA
Norris Canyon,CA
North Auburn,CA
North Edwards,CA
North El Monte,CA
North Fair Oaks,CA
North Fork,CA
North Gate,CA
North Highlands,CA
North Lakeport,CA
North Richmond,CA
North San Juan,CA
North Shore,CA
North Tustin,CA
Norwalk,CA
Novato,CA
Nubieber,CA
Nuevo,CA
Oak Glen,CA
Oak Hills,CA
Oak Park,CA
Oak Run,CA
Oak Shores,CA
Oak View,CA
Oakdale,CA
Oakhurst,CA
Oakland,CA
Oakley,CA
Oakville,CA
Oasis,CA
Occidental,CA
Oceano,CA
Oceanside,CA
Ocotillo,CA
Oildale,CA
Ojai,CA
Olancha,CA
Old Fig Garden,CA
Old River,CA
Old Station,CA
Old Stine,CA
Olde Stockdale,CA
Olivehurst,CA
Ono,CA
Ontario,CA
Onyx,CA
Orange,CA
Orange Blossom,CA
Orange Cove,CA
Orangevale,CA
Orcutt,CA
Orick,CA
Orinda,CA
Orland,CA
Orosi,CA
Oroville,CA
Oroville East,CA
Oxnard,CA
Pacheco,CA
Pacific Grove,CA
Pacifica,CA
Pajaro,CA
Pajaro Dunes,CA
Pala,CA
Palermo,CA
Palm Desert,CA
Palm Springs,CA
Palmdale,CA
Palo Alto,CA
Palo Cedro,CA
Palo Verde,CA
Palos Verdes Estates,CA
Panorama Heights,CA
Paradise,CA
Paradise Park,CA
Paramount,CA
Parklawn,CA
Parksdale,CA
Parkway,CA
Parkwood,CA
Parlier,CA
Pasadena,CA
Pasatiempo,CA
Paskenta,CA
Patterson,CA
Patterson Tract,CA
Patton Village,CA
Paxton,CA
Paynes Creek,CA
Pearsonville,CA
Penn Valley,CA
Penngrove,CA
Penryn,CA
Pepperdine University,CA
Perris,CA
Pescadero,CA
Petaluma,CA
Petaluma Center,CA
Peters,CA
Phelan,CA
Phillipsville,CA
Philo,CA
Phoenix Lake,CA
Pico Rivera,CA
Piedmont,CA
Pierpoint,CA
Pike,CA
Pine Canyon,CA
Pine Flat,CA
Pine Grove,CA
Pine Hills,CA
Pine Mountain Club,CA
Pine Mountain Lake,CA
Pine Valley,CA
Pinole,CA
Pioneer,CA
Piru,CA
Pismo Beach,CA
Pittsburg,CA
Pixley,CA
Piñon Hills,CA
Placentia,CA
Placerville,CA
Plainview,CA
Planada,CA
Platina,CA
Pleasant Hill,CA
Pleasanton,CA
Pleasure Point,CA
Plumas Eureka,CA
Plumas Lake,CA
Plymouth,CA
Point Arena,CA
Point Reyes Station,CA
Pollock Pines,CA
Pomona,CA
Ponderosa,CA
Poplar-Cotton Center,CA
Port Costa,CA
Port Hueneme,CA
Porterville,CA
Portola,CA
Portola Valley,CA
Posey,CA
Poso Park,CA
Post Mountain,CA
Potomac Park,CA
Potrero,CA
Potter Valley,CA
Poway,CA
Prattville,CA
Princeton,CA
Proberta,CA
Prunedale,CA
Pumpkin Center,CA
Quartz Hill,CA
Quincy,CA
Rackerby,CA
Rail Road Flat,CA
Rainbow,CA
Raisin City,CA
Ramona,CA
Rancho Calaveras,CA
Rancho Cordova,CA
Rancho Cucamonga,CA
Rancho Mirage,CA
Rancho Mission Viejo,CA
Rancho Murieta,CA
Rancho Palos Verdes,CA
Rancho San Diego,CA
Rancho Santa Fe,CA
Rancho Santa Margarita,CA
Rancho Tehama Reserve,CA
Randsburg,CA
Red Bluff,CA
Red Corral,CA
Redcrest,CA
Redding,CA
Redlands,CA
Redondo Beach,CA
Redway,CA
Redwood City,CA
Redwood Valley,CA
Reedley,CA
Reliez Valley,CA
Rexland Acres,CA
Rialto,CA
Richfield,CA
Richgrove,CA
Richmond,CA
Richvale,CA
Ridgecrest,CA
Ridgecrest Heights,CA
Ridgemark,CA
Rio Dell,CA
Rio Linda,CA
Rio Oso,CA
Rio Vista,CA
Rio del Mar,CA
Ripley,CA
Ripon,CA
River Pines,CA
Riverbank,CA
Riverdale,CA
Riverdale Park,CA
Rivergrove,CA
Riverside,CA
Robbins,CA
Robinson Mill,CA
Rocklin,CA
Rodeo,CA
Rodriguez Camp,CA
Rohnert Park,CA
Rolling Hills,CA
Rolling Hills Estates,CA
Rollingwood,CA
Romoland,CA
Rosamond,CA
Rose Hills,CA
Rosedale,CA
Rosemead,CA
Rosemont,CA
Roseville,CA
Ross,CA
Rossmoor,CA
Rough and Ready,CA
Round Mountain,CA
Round Valley,CA
Rouse,CA
Rowland Heights,CA
Rumsey,CA
Running Springs,CA
Ruth,CA
Rutherford,CA
Sacramento,CA
Sage,CA
Salida,CA
Salinas,CA
Salmon Creek,CA
Salton City,CA
Salton Sea Beach,CA
Salyer,CA
Samoa,CA
San Andreas,CA
San Anselmo,CA
San Antonio Heights,CA
San Ardo,CA
San Bernardino,CA
San Bruno,CA
San Buenaventura,CA
San Carlos,CA
San Clemente,CA
San Diego,CA
San Diego Country Estates,CA
San Dimas,CA
San Fernando,CA
San Francisco,CA
San Gabriel,CA
San Geronimo,CA
San Jacinto,CA
San Joaquin,CA
San Jose,CA
San Juan Bautista,CA
San Juan Capistrano,CA
San Leandro,CA
San Lorenzo,CA
San Lucas,CA
San Luis Obispo,CA
San Marcos,CA
San Marino,CA
San Martin,CA
San Mateo,CA
San Miguel,CA
San Pablo,CA
San Pasqual,CA
San Rafael,CA
San Ramon,CA
San Simeon,CA
Sand City,CA
Sanger,CA
Santa Ana,CA
Santa Barbara,CA
Santa Clara,CA
Santa Clarita,CA
Santa Cruz,CA
Santa Fe Springs,CA
Santa Margarita,CA
Santa Maria,CA
Santa Monica,CA
Santa Nella,CA
Santa Paula,CA
Santa Rosa,CA
Santa Rosa Valley,CA
Santa Susana,CA
Santa Venetia,CA
Santa Ynez,CA
Santee,CA
Saranap,CA
Saratoga,CA
Saticoy,CA
Sattley,CA
Sausalito,CA
Scotia,CA
Scotts Valley,CA
Sea Ranch,CA
Seacliff,CA
Seal Beach,CA
Searles Valley,CA
Seaside,CA
Sebastopol,CA
Seeley,CA
Selma,CA
Sequoia Crest,CA
Sereno del Mar,CA
Seville,CA
Shafter,CA
Shandon,CA
Shasta,CA
Shasta Lake,CA
Shaver Lake,CA
Shell Ridge,CA
Shelter Cove,CA
Sheridan,CA
Shingle Springs,CA
Shingletown,CA
Shoshone,CA
Sierra Brooks,CA
Sierra City,CA
Sierra Madre,CA
Sierra Village,CA
Sierraville,CA
Signal Hill,CA
Silver City,CA
Silver Lakes,CA
Silverado,CA
Silverado Resort,CA
Simi Valley,CA
Sisquoc,CA
Sky Valley,CA
Sleepy Hollow,CA
Smartsville,CA
Smith Corner,CA
Smith River,CA
Snelling,CA
Soda Bay,CA
Soda Springs,CA
Solana Beach,CA
Soledad,CA
Solvang,CA
Somis,CA
Sonoma,CA
Sonoma State University,CA
Sonora,CA
Soquel,CA
Soulsbyville,CA
South Dos Palos,CA
South El Monte,CA
South Gate,CA
South Lake Tahoe,CA
South Monrovia Island,CA
South Oroville,CA
South Pasadena,CA
South San Francisco,CA
South San Gabriel,CA
South San Jose Hills,CA
South Taft,CA
South Whittier,CA
Spaulding,CA
Spreckels,CA
Spring Garden,CA
Spring Valley,CA
Spring Valley Lake,CA
Springville,CA
Squaw Valley,CA
Squirrel Mountain Valley,CA
St. Helena,CA
Stallion Springs,CA
Stanford,CA
Stanton,CA
Stebbins,CA
Stevenson Ranch,CA
Stevinson,CA
Stinson Beach,CA
Stirling City,CA
Stockton,CA
Stones Landing,CA
Stonyford,CA
Stratford,CA
Strathmore,CA
Strawberry,CA
Sugarloaf Saw Mill,CA
Sugarloaf Village,CA
Suisun City,CA
Sultana,CA
Summerland,CA
Sun Village,CA
Sunny Slopes,CA
Sunnyside,CA
Sunnyside-Tahoe City,CA
Sunnyvale,CA
Sunol,CA
Susanville,CA
Sutter,CA
Sutter Creek,CA
Swall Meadows,CA
Taft,CA
Taft Heights,CA
Taft Mosswood,CA
Tahoe Vista,CA
Tahoma,CA
Talmage,CA
Tamalpais-Homestead Valley,CA
Tancred,CA
Tara Hills,CA
Tarina,CA
Tarpey Village,CA
Taylorsville,CA
Tecopa,CA
Tehachapi,CA
Tehama,CA
Temecula,CA
Temelec,CA
Temescal Valley,CA
Temple City,CA
Templeton,CA
Tennant,CA
Terminous,CA
Terra Bella,CA
Teviston,CA
Thermal,CA
Thermalito,CA
Thornton,CA
Thousand Oaks,CA
Thousand Palms,CA
Three Rivers,CA
Three Rocks,CA
Tiburon,CA
Timber Cove,CA
Tipton,CA
Tobin,CA
Tomales,CA
Tonyville,CA
Tooleville,CA
Topanga,CA
Topaz,CA
Toro Canyon,CA
Torrance,CA
Trabuco Canyon,CA
Tracy,CA
Tranquillity,CA
Traver,CA
Tres Pinos,CA
Trinidad,CA
Trinity Center,CA
Trinity Village,CA
Trona,CA
Trowbridge,CA
Truckee,CA
Tulare,CA
Tulelake,CA
Tuolumne City,CA
Tupman,CA
Turlock,CA
Tustin,CA
Tuttle,CA
Tuttletown,CA
Twain,CA
Twain Harte,CA
Twentynine Palms,CA
Twin Lakes,CA
Ukiah,CA
Union City,CA
University of California-Davis,CA
University of California-Merced,CA
University of California-Santa Barbara,CA
Upland,CA
Upper Lake,CA
Vacaville,CA
Val Verde,CA
Valinda,CA
Valle Vista,CA
Vallecito,CA
Vallejo,CA
Valley Acres,CA
Valley Center,CA
Valley Ford,CA
Valley Home,CA
Valley Ranch,CA
Valley Springs,CA
Valley Wells,CA
Vandenberg AFB,CA
Vandenberg Village,CA
Verdi,CA
Vernon,CA
Victor,CA
Victorville,CA
View Park-Windsor Hills,CA
Villa Park,CA
Vina,CA
Vincent,CA
Vine Hill,CA
Vineyard,CA
Virginia Lakes,CA
Visalia,CA
Vista,CA
Vista Santa Rosa,CA
Volcano,CA
Volta,CA
Walker,CA
Wallace,CA
Walnut,CA
Walnut Creek,CA
Walnut Grove,CA
Walnut Park,CA
Warm Springs,CA
Warner Valley,CA
Wasco,CA
Washington,CA
Waterford,CA
Waterloo,CA
Watsonville,CA
Waukena,CA
Wautec,CA
Wawona,CA
Weaverville,CA
Weed,CA
Weedpatch,CA
Weitchpec,CA
Weldon,CA
Weott,CA
West Athens,CA
West Bishop,CA
West Carson,CA
West Covina,CA
West Goshen,CA
West Hollywood,CA
West Menlo Park,CA
West Modesto,CA
West Park,CA
West Point,CA
West Puente Valley,CA
West Rancho Dominguez,CA
West Sacramento,CA
West Whittier-Los Nietos,CA
Westhaven-Moonstone,CA
Westlake Village,CA
Westley,CA
Westminster,CA
Westmont,CA
Westmorland,CA
Westside,CA
Westwood,CA
Wheatland,CA
Whitehawk,CA
Whitewater,CA
Whitley Gardens,CA
Whitmore,CA
Whittier,CA
Wildomar,CA
Wilkerson,CA
Williams,CA
Williams Canyon,CA
Willits,CA
Willow Creek,CA
Willowbrook,CA
Willows,CA
Wilsonia,CA
Wilton,CA
Winchester,CA
Windsor,CA
Winter Gardens,CA
Winterhaven,CA
Winters,CA
Winton,CA
Wofford Heights,CA
Woodacre,CA
Woodbridge,CA
Woodcrest,CA
Woodlake,CA
Woodland,CA
Woodlands,CA
Woodside,CA
Woodville,CA
Woodville Farm Labor Camp,CA
Woody,CA
Wrightwood,CA
Yankee Hill,CA
Yermo,CA
Yettem,CA
Yolo,CA
Yorba Linda,CA
Yosemite Lakes,CA
Yosemite Valley,CA
Youngstown,CA
Yountville,CA
Yreka,CA
Yuba City,CA
Yucaipa,CA
Yucca Valley,CA
Zayante,CA
Acres Green,CO
Aetna Estates,CO
Aguilar,CO
Air Force Academy,CO
Akron,CO
Alamosa,CO
Alamosa East,CO
Allenspark,CO
Alma,CO
Alpine,CO
Altona,CO
Amherst,CO
Antonito,CO
Applewood,CO
Arapahoe,CO
Arboles,CO
Aristocrat Ranchettes,CO
Arriba,CO
Arvada,CO
Aspen,CO
Aspen Park,CO
Atwood,CO
Ault,CO
Aurora,CO
Avon,CO
Avondale,CO
Bark Ranch,CO
Basalt,CO
Battlement Mesa,CO
Bayfield,CO
Bennett,CO
Berkley,CO
Berthoud,CO
Bethune,CO
Beulah Valley,CO
Black Forest,CO
Black Hawk,CO
Blanca,CO
Blende,CO
Blue River,CO
Blue Sky,CO
Blue Valley,CO
Bonanza,CO
Bonanza Mountain Estates,CO
Boone,CO
Boulder,CO
Bow Mar,CO
Brandon,CO
Branson,CO
Breckenridge,CO
Brick Center,CO
Briggsdale,CO
Brighton,CO
Brook Forest,CO
Brookside,CO
Broomfield,CO
Brush,CO
Buena Vista,CO
Burlington,CO
Byers,CO
Calhan,CO
Campo,CO
Capulin,CO
Carbondale,CO
Cascade-Chipita Park,CO
Castle Pines,CO
Castle Pines Village,CO
Castle Rock,CO
Cathedral,CO
Catherine,CO
Cattle Creek,CO
Cañon City,CO
Cedaredge,CO
Centennial,CO
Center,CO
Central City,CO
Chacra,CO
Cheraw,CO
Cherry Creek,CO
Cherry Hills Village,CO
Cheyenne Wells,CO
Cimarron Hills,CO
City of Creede,CO
Clifton,CO
Coal Creek,CO
Coaldale,CO
Cokedale,CO
Collbran,CO
Colona,CO
Colorado City,CO
Colorado Springs,CO
Columbine,CO
Columbine Valley,CO
Comanche Creek,CO
Commerce City,CO
Conejos,CO
Cope,CO
Copper Mountain,CO
Cortez,CO
Cotopaxi,CO
Craig,CO
Crawford,CO
Crested Butte,CO
Crestone,CO
Cripple Creek,CO
Crisman,CO
Crook,CO
Crowley,CO
Dacono,CO
Dakota Ridge,CO
De Beque,CO
Deer Trail,CO
Del Norte,CO
Delta,CO
Denver,CO
Derby,CO
Dillon,CO
Dinosaur,CO
Divide,CO
Dolores,CO
Dotsero,CO
Dove Creek,CO
Dove Valley,CO
Downieville-Lawson-Dumont,CO
Durango,CO
Eads,CO
Eagle,CO
East Pleasant View,CO
Eaton,CO
Echo Hills,CO
Eckley,CO
Edgewater,CO
Edwards,CO
El Jebel,CO
El Moro,CO
Elbert,CO
Eldora,CO
Eldorado Springs,CO
Elizabeth,CO
Ellicott,CO
Empire,CO
Englewood,CO
Erie,CO
Estes Park,CO
Evans,CO
Evergreen,CO
Fairmount,CO
Fairplay,CO
Federal Heights,CO
Firestone,CO
Flagler,CO
Fleming,CO
Florence,CO
Florissant,CO
Floyd Hill,CO
Fort Carson,CO
Fort Collins,CO
Fort Garland,CO
Fort Lupton,CO
Fort Morgan,CO
Fountain,CO
Four Square Mile,CO
Fowler,CO
Foxfield,CO
Franktown,CO
Fraser,CO
Frederick,CO
Frisco,CO
Fruita,CO
Fruitvale,CO
Fulford,CO
Garden City,CO
Gardner,CO
Garfield,CO
Genesee,CO
Genoa,CO
Georgetown,CO
Gerrard,CO
Gilcrest,CO
Glendale,CO
Gleneagle,CO
Glenwood Springs,CO
Gold Hill,CO
Golden,CO
Goldfield,CO
Granada,CO
Granby,CO
Grand Junction,CO
Grand Lake,CO
Grand View Estates,CO
Greeley,CO
Green Mountain Falls,CO
Greenwood Village,CO
Grover,CO
Guffey,CO
Gunbarrel,CO
Gunnison,CO
Gypsum,CO
Hartman,CO
Hartsel,CO
Hasty,CO
Haswell,CO
Haxtun,CO
Hayden,CO
Heeney,CO
Hidden Lake,CO
Highlands Ranch,CO
Hillrose,CO
Hoehne,CO
Holly,CO
Holly Hills,CO
Holyoke,CO
Hooper,CO
Hot Sulphur Springs,CO
Hotchkiss,CO
Howard,CO
Hudson,CO
Hugo,CO
Idaho Springs,CO
Idalia,CO
Idledale,CO
Ignacio,CO
Iliff,CO
Indian Hills,CO
Inverness,CO
Jackson Lake,CO
Jamestown,CO
Jansen,CO
Joes,CO
Johnson Village,CO
Johnstown,CO
Julesburg,CO
Keenesburg,CO
Ken Caryl,CO
Kersey,CO
Keystone,CO
Kim,CO
Kiowa,CO
Kirk,CO
Kit Carson,CO
Kittredge,CO
Kremmling,CO
La Jara,CO
La Junta,CO
La Junta Gardens,CO
La Salle,CO
La Veta,CO
Lafayette,CO
Laird,CO
Lake City,CO
Lakeside,CO
Lakewood,CO
Lamar,CO
Laporte,CO
Larkspur,CO
Las Animas,CO
Lazear,CO
Lazy Acres,CO
Leadville,CO
Leadville North,CO
Lewis,CO
Leyner,CO
Limon,CO
Lincoln Park,CO
Littleton,CO
Lochbuie,CO
Log Lane Village,CO
Loghill Village,CO
Loma,CO
Lone Tree,CO
Longmont,CO
Louisville,CO
Louviers,CO
Loveland,CO
Lynn,CO
Lyons,CO
Manassa,CO
Mancos,CO
Manitou Springs,CO
Manzanola,CO
Marble,CO
Marvel,CO
Matheson,CO
Maybell,CO
Maysville,CO
McClave,CO
McCoy,CO
Mead,CO
Meeker,CO
Meridian,CO
Meridian Village,CO
Merino,CO
Midland,CO
Milliken,CO
Minturn,CO
Moffat,CO
Monte Vista,CO
Montezuma,CO
Montrose,CO
Monument,CO
Morgan Heights,CO
Morrison,CO
Mount Crested Butte,CO
Mountain Meadows,CO
Mountain View,CO
Mountain Village,CO
Mulford,CO
Nathrop,CO
Naturita,CO
Nederland,CO
New Castle,CO
Niwot,CO
No Name,CO
Norrie,CO
North La Junta,CO
North Washington,CO
Northglenn,CO
Norwood,CO
Nucla,CO
Nunn,CO
Oak Creek,CO
Olathe,CO
Olney Springs,CO
Ophir,CO
Orchard,CO
Orchard City,CO
Orchard Mesa,CO
Ordway,CO
Otis,CO
Ouray,CO
Ovid,CO
Padroni,CO
Pagosa Springs,CO
Palisade,CO
Palmer Lake,CO
Paoli,CO
Paonia,CO
Parachute,CO
Paragon Estates,CO
Park Center,CO
Parker,CO
Parshall,CO
Peetz,CO
Penrose,CO
Peoria,CO
Perry Park,CO
Peyton,CO
Phippsburg,CO
Piedra,CO
Pierce,CO
Pine Brook Hill,CO
Pine Valley,CO
Pitkin,CO
Placerville,CO
Platteville,CO
Poncha Springs,CO
Ponderosa Park,CO
Portland,CO
Pritchett,CO
Pueblo,CO
Pueblo West,CO
Ramah,CO
Rangely,CO
Raymer,CO
Red Cliff,CO
Red Feather Lakes,CO
Redlands,CO
Redstone,CO
Redvale,CO
Rico,CO
Ridgway,CO
Rifle,CO
Rock Creek Park,CO
Rockvale,CO
Rocky Ford,CO
Rollinsville,CO
Romeo,CO
Roxborough Park,CO
Rye,CO
Saddle Ridge,CO
Saguache,CO
Salida,CO
Salt Creek,CO
San Acacio,CO
San Luis,CO
Sanford,CO
Sawpit,CO
Security-Widefield,CO
Sedalia,CO
Sedgwick,CO
Segundo,CO
Seibert,CO
Seven Hills,CO
Severance,CO
Shaw Heights,CO
Sheridan,CO
Sheridan Lake,CO
Sherrelwood,CO
Sierra Ridge,CO
Silt,CO
Silver Cliff,CO
Silver Plume,CO
Silverthorne,CO
Silverton,CO
Simla,CO
Smeltertown,CO
Snowmass Village,CO
Snyder,CO
Somerset,CO
South Fork,CO
Southern Ute,CO
Springfield,CO
St. Ann Highlands,CO
St. Mary's,CO
Starkville,CO
Steamboat Springs,CO
Stepping Stone,CO
Sterling,CO
Sterling Ranch,CO
Stonegate,CO
Stonewall Gap,CO
Strasburg,CO
Stratmoor,CO
Stratton,CO
Sugar City,CO
Sugarloaf,CO
Sunshine,CO
Superior,CO
Swink,CO
Tabernash,CO
Tall Timber,CO
Telluride,CO
The Pinery,CO
Thornton,CO
Timnath,CO
Todd Creek,CO
Towaoc,CO
Towner,CO
Trail Side,CO
Trinidad,CO
Twin Lakes,CO
Two Buttes,CO
Upper Bear Creek,CO
Upper Witter Gulch,CO
Vail,CO
Valdez,CO
Valmont,CO
Vernon,CO
Victor,CO
Vilas,CO
Vineland,CO
Vona,CO
Walden,CO
Walsenburg,CO
Walsh,CO
Ward,CO
Watkins,CO
Welby,CO
Weldona,CO
Wellington,CO
West Pleasant View,CO
Westcliffe,CO
Westcreek,CO
Westminster,CO
Weston,CO
Wheat Ridge,CO
Wiggins,CO
Wiley,CO
Williamsburg,CO
Windsor,CO
Winter Park,CO
Wolcott,CO
Woodland Park,CO
Woodmoor,CO
Woody Creek,CO
Wray,CO
Yampa,CO
Yuma,CO
Ansonia,CT
Ball Pond,CT
Baltic,CT
Bantam,CT
Bethlehem Village,CT
Bigelow Corners,CT
Blue Hills,CT
Bogus Hill,CT
Botsford,CT
Branchville,CT
Branford Center,CT
Bridgeport,CT
Bridgewater,CT
Bristol,CT
Broad Brook,CT
Brookfield Center,CT
Byram,CT
Canaan,CT
Candlewood Isle,CT
Candlewood Knolls,CT
Candlewood Lake Club,CT
Candlewood Orchards,CT
Candlewood Shores,CT
Cannondale,CT
Canton Valley,CT
Cheshire Village,CT
Chester Center,CT
Chimney Point,CT
Coleytown,CT
Collinsville,CT
Compo,CT
Conning Towers Nautilus Park,CT
Cornwall,CT
Cornwall Bridge,CT
Cos Cob,CT
Coventry Lake,CT
Crystal Lake,CT
Danbury,CT
Daniels Farm,CT
Danielson,CT
Darien Downtown,CT
Dayville,CT
Deep River Center,CT
Derby,CT
Dodgingtown,CT
East Brooklyn,CT
East Village,CT
Essex Village,CT
Fairfield University,CT
Falls Village,CT
Fenwick,CT
Gales Ferry,CT
Gaylordsville,CT
Georgetown,CT
Glastonbury Center,CT
Glenville,CT
Greens Farms,CT
Groton Long Point,CT
Guilford Center,CT
Hartford,CT
Hawleyville,CT
Hazardville,CT
Heritage Village,CT
Higganum,CT
Indian Field,CT
Inglenook,CT
Jewett City,CT
Kellogg Point,CT
Kensington,CT
Knollcrest,CT
Lake Bungee,CT
Lake Chaffee,CT
Lake Pocotopaug,CT
Lakes East,CT
Lakes West,CT
Lakeside Woods,CT
Lakeville,CT
Long Hill,CT
Lordship,CT
Madison Center,CT
Mamanasco Lake,CT
Mansfield Center,CT
Mashantucket,CT
Mechanicsville,CT
Meriden,CT
Middletown,CT
Milford city ,CT
Mill Plain,CT
Moodus,CT
Moosup,CT
Murray,CT
Mystic,CT
Naugatuck,CT
New Britain,CT
New Canaan,CT
New Hartford Center,CT
New Haven,CT
New London,CT
New Preston,CT
Niantic,CT
Noank,CT
Noroton,CT
Noroton Heights,CT
North Granby,CT
North Grosvenor Dale,CT
Northford,CT
Northwest Harwinton,CT
Norwalk,CT
Norwich,CT
Oakville,CT
Old Greenwich,CT
Old Hill,CT
Old Mystic,CT
Old Saybrook Center,CT
Oronoque,CT
Oxoboxo River,CT
Pawcatuck,CT
Pemberwick,CT
Plainfield Village,CT
Plantsville,CT
Plattsville,CT
Pleasant Valley,CT
Poplar Plains,CT
Poquonock Bridge,CT
Quasset Lake,CT
Quinebaug,CT
Quinnipiac University,CT
Redding Center,CT
Ridgebury,CT
Riverside,CT
Riverton,CT
Rock Ridge,CT
Rockville,CT
Route 7 Gateway,CT
Sacred Heart University,CT
Sail Harbor,CT
Salmon Brook,CT
Sandy Hook,CT
Saugatuck,CT
Saybrook Manor,CT
Shelton,CT
Sherman,CT
Sherwood Manor,CT
Simsbury Center,CT
South Coventry,CT
South Wilton,CT
South Windham,CT
South Woodstock,CT
Southport,CT
Southwood Acres,CT
Stafford Springs,CT
Stamford,CT
Staples,CT
Stepney,CT
Storrs,CT
Stratford Downtown,CT
Suffield Depot,CT
Tariffville,CT
Tashua,CT
Taylor Corners,CT
Terramuggus,CT
Terryville,CT
Thompsonville,CT
Tokeneke,CT
Topstone,CT
Torrington,CT
Trumbull Center,CT
Wallingford Center,CT
Waterbury,CT
Wauregan,CT
Weatogue,CT
West Cornwall,CT
West Haven,CT
West Mountain,CT
West Simsbury,CT
Westbrook Center,CT
Weston,CT
Westport Village,CT
Willimantic,CT
Wilton Center,CT
Winsted,CT
Witches Woods,CT
Woodbury Center,CT
Woodmont,CT
Washington,DC
Arden,DE
Ardencroft,DE
Ardentown,DE
Bear,DE
Bellefonte,DE
Bethany Beach,DE
Bethel,DE
Blades,DE
Bowers,DE
Bridgeville,DE
Brookside,DE
Camden,DE
Cheswold,DE
Claymont,DE
Clayton,DE
Dagsboro,DE
Delaware City,DE
Delmar,DE
Dewey Beach,DE
Dover,DE
Dover Base Housing,DE
Edgemoor,DE
Ellendale,DE
Elsmere,DE
Farmington,DE
Felton,DE
Fenwick Island,DE
Frankford,DE
Frederica,DE
Georgetown,DE
Glasgow,DE
Greenville,DE
Greenwood,DE
Harrington,DE
Hartly,DE
Henlopen Acres,DE
Highland Acres,DE
Hockessin,DE
Houston,DE
Kent Acres,DE
Kenton,DE
Laurel,DE
Leipsic,DE
Lewes,DE
Lincoln,DE
Little Creek,DE
Long Neck,DE
Magnolia,DE
Middletown,DE
Milford,DE
Millsboro,DE
Millville,DE
Milton,DE
New Castle,DE
Newark,DE
Newport,DE
North Star,DE
Ocean View,DE
Odessa,DE
Pike Creek,DE
Pike Creek Valley,DE
Port Penn,DE
Rehoboth Beach,DE
Rising Sun-Lebanon,DE
Riverview,DE
Rodney Village,DE
Seaford,DE
Selbyville,DE
Slaughter Beach,DE
Smyrna,DE
South Bethany,DE
St. Georges,DE
Townsend,DE
Viola,DE
Wilmington,DE
Wilmington Manor,DE
Woodside,DE
Woodside East,DE
Wyoming,DE
Acacia Villas,FL
Alachua,FL
Alafaya,FL
Alford,FL
Allentown,FL
Altamonte Springs,FL
Altha,FL
Altoona,FL
Alturas,FL
Alva,FL
Andrews,FL
Anna Maria,FL
Apalachicola,FL
Apollo Beach,FL
Apopka,FL
Arcadia,FL
Archer,FL
Aripeka,FL
Asbury Lake,FL
Astatula,FL
Astor,FL
Atlantic Beach,FL
Atlantis,FL
Auburndale,FL
Aucilla,FL
Avalon,FL
Ave Maria,FL
Aventura,FL
Avon Park,FL
Azalea Park,FL
Babson Park,FL
Bagdad,FL
Bal Harbour,FL
Baldwin,FL
Balm,FL
Bardmoor,FL
Bartow,FL
Bascom,FL
Bay Harbor Islands,FL
Bay Hill,FL
Bay Lake,FL
Bay Pines,FL
Bayonet Point,FL
Bayport,FL
Bayshore Gardens,FL
Beacon Square,FL
Bear Creek,FL
Bee Ridge,FL
Bell,FL
Bellair-Meadowbrook Terrace,FL
Belle Glade,FL
Belle Isle,FL
Belleair,FL
Belleair Beach,FL
Belleair Bluffs,FL
Belleair Shore,FL
Belleview,FL
Bellview,FL
Berkshire Lakes,FL
Berrydale,FL
Beverly Beach,FL
Beverly Hills,FL
Big Coppitt Key,FL
Big Pine Key,FL
Biscayne Park,FL
Bithlo,FL
Black Diamond,FL
Black Hammock,FL
Bloomingdale,FL
Blountstown,FL
Boca Raton,FL
Bokeelia,FL
Bonifay,FL
Bonita Springs,FL
Boulevard Gardens,FL
Bowling Green,FL
Boynton Beach,FL
Bradenton,FL
Bradenton Beach,FL
Bradfordville,FL
Bradley Junction,FL
Brandon,FL
Branford,FL
Brent,FL
Briny Breezes,FL
Bristol,FL
Broadview Park,FL
Bronson,FL
Brooker,FL
Brookridge,FL
Brooksville,FL
Brownsdale,FL
Brownsville,FL
Buckhead Ridge,FL
Buckingham,FL
Buenaventura Lakes,FL
Bunnell,FL
Burnt Store Marina,FL
Bushnell,FL
Butler Beach,FL
Cabana Colony,FL
Callahan,FL
Callaway,FL
Campbell,FL
Campbellton,FL
Canal Point,FL
Cape Canaveral,FL
Cape Coral,FL
Capitola,FL
Captiva,FL
Carrabelle,FL
Carrollwood,FL
Caryville,FL
Casselberry,FL
Cedar Grove,FL
Cedar Key,FL
Celebration,FL
Center Hill,FL
Century,FL
Chaires,FL
Charleston Park,FL
Charlotte Harbor,FL
Charlotte Park,FL
Chattahoochee,FL
Cheval,FL
Chiefland,FL
Chipley,FL
Chokoloskee,FL
Christmas,FL
Chuluota,FL
Chumuckla,FL
Cinco Bayou,FL
Citrus Hills,FL
Citrus Park,FL
Citrus Springs,FL
Clarcona,FL
Clearwater,FL
Clermont,FL
Cleveland,FL
Clewiston,FL
Cloud Lake,FL
Cobbtown,FL
Cocoa,FL
Cocoa Beach,FL
Cocoa West,FL
Coconut Creek,FL
Coleman,FL
Combee Settlement,FL
Connerton,FL
Conway,FL
Cooper City,FL
Coral Gables,FL
Coral Springs,FL
Coral Terrace,FL
Cortez,FL
Cottondale,FL
Country Club,FL
Country Walk,FL
Crawfordville,FL
Crescent Beach,FL
Crescent City,FL
Crestview,FL
Crooked Lake Park,FL
Cross City,FL
Crystal Lake,FL
Crystal River,FL
Crystal Springs,FL
Cudjoe Key,FL
Cutler Bay,FL
Cypress Gardens,FL
Cypress Lake,FL
Cypress Quarters,FL
Dade City,FL
Dade City North,FL
Dania Beach,FL
Davenport,FL
Davie,FL
Day,FL
Daytona Beach,FL
Daytona Beach Shores,FL
De Leon Springs,FL
DeBary,FL
DeFuniak Springs,FL
DeLand,FL
DeLand Southwest,FL
Deerfield Beach,FL
Delray Beach,FL
Deltona,FL
Desoto Acres,FL
Desoto Lakes,FL
Destin,FL
Dickerson City,FL
Dixonville,FL
Doctor Phillips,FL
Doral,FL
Dover,FL
Duck Key,FL
Dundee,FL
Dunedin,FL
Dunnellon,FL
Eagle Lake,FL
East Bronson,FL
East Lake,FL
East Lake-Orient Park,FL
East Milton,FL
East Palatka,FL
East Williston,FL
Eastpoint,FL
Eatonville,FL
Ebro,FL
Edgewater,FL
Edgewood,FL
Eglin AFB,FL
Egypt Lake-Leto,FL
El Portal,FL
Elfers,FL
Ellenton,FL
Englewood,FL
Ensley,FL
Estero,FL
Esto,FL
Eustis,FL
Everglades,FL
Fairview Shores,FL
Fanning Springs,FL
Feather Sound,FL
Fellsmere,FL
Fern Park,FL
Fernandina Beach,FL
Ferndale,FL
Ferry Pass,FL
Fidelis,FL
Fish Hawk,FL
Fisher Island,FL
Five Points,FL
Flagler Beach,FL
Flagler Estates,FL
Fleming Island,FL
Floral City,FL
Florida City,FL
Florida Gulf Coast University,FL
Florida Ridge,FL
Floridatown,FL
Forest City,FL
Fort Braden,FL
Fort Denaud,FL
Fort Green,FL
Fort Green Springs,FL
Fort Lauderdale,FL
Fort Meade,FL
Fort Myers,FL
Fort Myers Beach,FL
Fort Myers Shores,FL
Fort Pierce,FL
Fort Pierce North,FL
Fort Pierce South,FL
Fort Walton Beach,FL
Fort White,FL
Fountainebleau,FL
Franklin Park,FL
Freeport,FL
Frostproof,FL
Fruit Cove,FL
Fruitland Park,FL
Fruitville,FL
Fuller Heights,FL
Fussels Corner,FL
Gainesville,FL
Garcon Point,FL
Garden Grove,FL
Gardner,FL
Gateway,FL
Geneva,FL
Gibsonton,FL
Gifford,FL
Gladeview,FL
Glen Ridge,FL
Glen St. Mary,FL
Glencoe,FL
Glenvar Heights,FL
Golden Beach,FL
Golden Gate,FL
Golden Glades,FL
Goldenrod,FL
Golf,FL
Gonzalez,FL
Goodland,FL
Gotha,FL
Goulding,FL
Goulds,FL
Graceville,FL
Grand Ridge,FL
Grant-Valkaria,FL
Green Cove Springs,FL
Greenacres,FL
Greenbriar,FL
Greensboro,FL
Greenville,FL
Greenwood,FL
Grenelefe,FL
Gretna,FL
Grove City,FL
Groveland,FL
Gulf Breeze,FL
Gulf Stream,FL
Gulfport,FL
Gun Club Estates,FL
Haines City,FL
Hallandale Beach,FL
Hampton,FL
Harbor Bluffs,FL
Harbour Heights,FL
Harlem,FL
Harlem Heights,FL
Harold,FL
Hastings,FL
Havana,FL
Haverhill,FL
Hawthorne,FL
Heathrow,FL
Heritage Bay,FL
Heritage Pines,FL
Hernando,FL
Hernando Beach,FL
Hialeah,FL
Hialeah Gardens,FL
High Point,FL
High Springs,FL
Highland Beach,FL
Highland City,FL
Highland Park,FL
Hill 'n Dale,FL
Hillcrest Heights,FL
Hilliard,FL
Hillsboro Beach,FL
Hillsboro Pines,FL
Hobe Sound,FL
Holden Heights,FL
Holden Lakes,FL
Holiday,FL
Holley,FL
Holly Hill,FL
Hollywood,FL
Holmes Beach,FL
Homeland,FL
Homestead,FL
Homestead Base,FL
Homosassa,FL
Homosassa Springs,FL
Horizon West,FL
Horseshoe Beach,FL
Hosford,FL
Howey-in-the-Hills,FL
Hudson,FL
Hunters Creek,FL
Hurlburt Field,FL
Hutchinson Island South,FL
Hypoluxo,FL
Immokalee,FL
Indialantic,FL
Indian Creek,FL
Indian Harbour Beach,FL
Indian Lake Estates,FL
Indian River Estates,FL
Indian River Shores,FL
Indian Rocks Beach,FL
Indian Shores,FL
Indiantown,FL
Inglis,FL
Interlachen,FL
Inverness,FL
Inverness Highlands North,FL
Inverness Highlands South,FL
Inwood,FL
Iona,FL
"Islamorada, Village of Islands",FL
Island Walk,FL
Istachatta,FL
Ives Estates,FL
Jacksonville,FL
Jacksonville Beach,FL
Jacob City,FL
Jan Phyl Village,FL
Jasmine Estates,FL
Jasper,FL
Jay,FL
Jennings,FL
Jensen Beach,FL
June Park,FL
Juno Beach,FL
Juno Ridge,FL
Jupiter,FL
Jupiter Farms,FL
Jupiter Inlet Colony,FL
Jupiter Island,FL
Kathleen,FL
Kendale Lakes,FL
Kendall,FL
Kendall West,FL
Kenneth City,FL
Kensington Park,FL
Kenwood Estates,FL
Key Biscayne,FL
Key Colony Beach,FL
Key Largo,FL
Key Vista,FL
Key West,FL
Keystone,FL
Keystone Heights,FL
Kissimmee,FL
La Crosse,FL
LaBelle,FL
Lacoochee,FL
Lady Lake,FL
Laguna Beach,FL
Lake Alfred,FL
Lake Belvedere Estates,FL
Lake Buena Vista,FL
Lake Butler,FL
Lake City,FL
Lake Clarke Shores,FL
Lake Hamilton,FL
Lake Harbor,FL
Lake Hart,FL
Lake Helen,FL
Lake Kathryn,FL
Lake Kerr,FL
Lake Lindsey,FL
Lake Lorraine,FL
Lake Mack-Forest Hills,FL
Lake Magdalene,FL
Lake Mary,FL
Lake Mary Jane,FL
Lake Mystic,FL
Lake Panasoffkee,FL
Lake Park,FL
Lake Placid,FL
Lake Sarasota,FL
Lake Wales,FL
Lakeland,FL
Lakeland Highlands,FL
Lakeside,FL
Lakewood Park,FL
Lakewood Ranch,FL
Lamont,FL
Land O' Lakes,FL
Lantana,FL
Largo,FL
Lauderdale Lakes,FL
Lauderdale-by-the-Sea,FL
Lauderhill,FL
Laurel,FL
Laurel Hill,FL
Lawtey,FL
Layton,FL
Lazy Lake,FL
Lealman,FL
Lecanto,FL
Lee,FL
Leesburg,FL
Lehigh Acres,FL
Leisure City,FL
Lely,FL
Lely Resort,FL
Lemon Grove,FL
Liberty Triangle,FL
Lighthouse Point,FL
Limestone,FL
Limestone Creek,FL
Lisbon,FL
Live Oak,FL
Lloyd,FL
Lochmoor Waterway Estates,FL
Lockhart,FL
Longboat Key,FL
Longwood,FL
Loughman,FL
Lower Grand Lagoon,FL
Loxahatchee Groves,FL
Lutz,FL
Lynn Haven,FL
Macclenny,FL
Madeira Beach,FL
Madison,FL
Maitland,FL
Malabar,FL
Malone,FL
Manalapan,FL
Manasota Key,FL
Manatee Road,FL
Mango,FL
Mangonia Park,FL
Marathon,FL
Marco Island,FL
Marco Shores-Hammock Bay,FL
Margate,FL
Marianna,FL
Marineland,FL
Marion Oaks,FL
Mary Esther,FL
Masaryktown,FL
Mascotte,FL
Matlacha,FL
Matlacha Isles-Matlacha Shores,FL
Mayo,FL
McGregor,FL
McIntosh,FL
Meadow Oaks,FL
Meadow Woods,FL
Medley,FL
Medulla,FL
Melbourne,FL
Melbourne Beach,FL
Melbourne Village,FL
Memphis,FL
Merritt Island,FL
Mexico Beach,FL
Miami,FL
Miami Beach,FL
Miami Gardens,FL
Miami Lakes,FL
Miami Shores,FL
Miami Springs,FL
Micanopy,FL
Micco,FL
Miccosukee,FL
Middleburg,FL
Midway,FL
Milton,FL
Mims,FL
Minneola,FL
Miramar,FL
Miramar Beach,FL
Molino,FL
Monticello,FL
Montura,FL
Montverde,FL
Moon Lake,FL
Moore Haven,FL
Morriston,FL
Mount Carmel,FL
Mount Dora,FL
Mount Plymouth,FL
Mulat,FL
Mulberry,FL
Munson,FL
Myrtle Grove,FL
Naples,FL
Naples Manor,FL
Naples Park,FL
Naranja,FL
Nassau Village-Ratliff,FL
Navarre,FL
Navarre Beach,FL
Neptune Beach,FL
New Port Richey,FL
New Port Richey East,FL
New Smyrna Beach,FL
Newberry,FL
Niceville,FL
Nobleton,FL
Nocatee,FL
Nokomis,FL
Noma,FL
North Bay Village,FL
North Brooksville,FL
North DeLand,FL
North Fort Myers,FL
North Key Largo,FL
North Lauderdale,FL
North Merritt Island,FL
North Miami,FL
North Miami Beach,FL
North Palm Beach,FL
North Port,FL
North Redington Beach,FL
North River Shores,FL
North Sarasota,FL
North Weeki Wachee,FL
Northdale,FL
Oak Hill,FL
Oak Ridge,FL
Oakland,FL
Oakland Park,FL
Oakleaf Plantation,FL
Ocala,FL
Ocala Estates,FL
Ocean Breeze,FL
Ocean City,FL
Ocean Ridge,FL
Ocklawaha,FL
Ocoee,FL
Odessa,FL
Ojus,FL
Okahumpka,FL
Okeechobee,FL
Old Miakka,FL
Oldsmar,FL
Olga,FL
Olympia Heights,FL
On Top of the World Designated Place,FL
Ona,FL
Opa-locka,FL
Orange City,FL
Orange Park,FL
Orangetree,FL
Orchid,FL
Oriole Beach,FL
Orlando,FL
Orlovista,FL
Ormond Beach,FL
Ormond-by-the-Sea,FL
Osprey,FL
Otter Creek,FL
Oviedo,FL
Pace,FL
Page Park,FL
Pahokee,FL
Paisley,FL
Palatka,FL
Palm Bay,FL
Palm Beach,FL
Palm Beach Gardens,FL
Palm Beach Shores,FL
Palm City,FL
Palm Coast,FL
Palm Harbor,FL
Palm River-Clair Mel,FL
Palm Shores,FL
Palm Springs,FL
Palm Springs North,FL
Palm Valley,FL
Palmer Ranch,FL
Palmetto,FL
Palmetto Bay,FL
Palmetto Estates,FL
Palmona Park,FL
Panacea,FL
Panama City,FL
Panama City Beach,FL
Paradise Heights,FL
Parker,FL
Parkland,FL
Pasadena Hills,FL
Patrick AFB,FL
Paxton,FL
Pea Ridge,FL
Pebble Creek,FL
Pelican Bay,FL
Pelican Marsh,FL
Pembroke Park,FL
Pembroke Pines,FL
Penney Farms,FL
Pensacola,FL
Pensacola Station,FL
Perry,FL
Pierson,FL
Pine Air,FL
Pine Castle,FL
Pine Hills,FL
Pine Island,FL
Pine Island Center,FL
Pine Lakes,FL
Pine Level,FL
Pine Manor,FL
Pine Ridge,FL
Pinecraft,FL
Pinecrest,FL
Pineland,FL
Pinellas Park,FL
Pinewood,FL
Pioneer,FL
Pittman,FL
Plant City,FL
Plantation,FL
Plantation Island,FL
Poinciana,FL
Point Baker,FL
Polk City,FL
Pomona Park,FL
Pompano Beach,FL
Ponce Inlet,FL
Ponce de Leon,FL
Port Charlotte,FL
Port LaBelle,FL
Port Orange,FL
Port Richey,FL
Port Salerno,FL
Port St. Joe,FL
Port St. John,FL
Port St. Lucie,FL
Pretty Bayou,FL
Princeton,FL
Progress Village,FL
Punta Gorda,FL
Punta Rassa,FL
Quail Ridge,FL
Quincy,FL
Raiford,FL
Rainbow Lakes Estates,FL
Rainbow Park,FL
Rainbow Springs,FL
Raleigh,FL
Reddick,FL
Redington Beach,FL
Redington Shores,FL
Richmond Heights,FL
Richmond West,FL
Ridge Manor,FL
Ridge Wood Heights,FL
Ridgecrest,FL
Rio,FL
Rio Pinar,FL
River Park,FL
River Ridge,FL
Riverview,FL
Riviera Beach,FL
Rockledge,FL
Roeville,FL
Roosevelt Gardens,FL
Roseland,FL
Rotonda,FL
Royal Palm Beach,FL
Royal Palm Estates,FL
Ruskin,FL
Safety Harbor,FL
Samoset,FL
Samsula-Spruce Creek,FL
San Antonio,FL
San Carlos Park,FL
San Castle,FL
Sanford,FL
Sanibel,FL
Sarasota,FL
Sarasota Springs,FL
Satellite Beach,FL
Sawgrass,FL
Schall Circle,FL
Scottsmoor,FL
Sea Ranch Lakes,FL
Sebastian,FL
Sebring,FL
Seffner,FL
Seminole,FL
Seminole Manor,FL
Seville,FL
Sewall's Point,FL
Shady Hills,FL
Shalimar,FL
Sharpes,FL
Siesta Key,FL
Silver Lake,FL
Silver Springs,FL
Silver Springs Shores,FL
Silver Springs Shores East,FL
Sky Lake,FL
Sneads,FL
Solana,FL
Sopchoppy,FL
Sorrento,FL
South Apopka,FL
South Bay,FL
South Beach,FL
South Bradenton,FL
South Brooksville,FL
South Daytona,FL
South Gate Ridge,FL
South Highpoint,FL
South Miami,FL
South Miami Heights,FL
South Palm Beach,FL
South Pasadena,FL
South Patrick Shores,FL
South Sarasota,FL
South Venice,FL
Southchase,FL
Southeast Arcadia,FL
Southgate,FL
Southwest Ranches,FL
Spring Hill,FL
Spring Lake,FL
Spring Ridge,FL
Springfield,FL
St. Augustine,FL
St. Augustine Beach,FL
St. Augustine Shores,FL
St. Augustine South,FL
St. Cloud,FL
St. George Island,FL
St. James City,FL
St. Leo,FL
St. Lucie Village,FL
St. Marks,FL
St. Pete Beach,FL
St. Petersburg,FL
Stacey Street,FL
Starke,FL
Steinhatchee,FL
Stock Island,FL
Stuart,FL
Sugarmill Woods,FL
Sumatra,FL
Sun City Center,FL
Suncoast Estates,FL
Sunny Isles Beach,FL
Sunrise,FL
Sunset,FL
Surfside,FL
Sweetwater,FL
Taft,FL
Tallahassee,FL
Tamarac,FL
Tamiami,FL
Tampa,FL
Tangelo Park,FL
Tangerine,FL
Tarpon Springs,FL
Tavares,FL
Tavernier,FL
Taylor Creek,FL
Temple Terrace,FL
Tequesta,FL
The Acreage,FL
The Crossings,FL
The Hammocks,FL
The Meadows,FL
The Villages,FL
Thonotosassa,FL
Three Lakes,FL
Three Oaks,FL
Tice,FL
Tierra Verde,FL
Tiger Point,FL
Tildenville,FL
Timber Pines,FL
Titusville,FL
Town 'n' Country,FL
Treasure Island,FL
Trenton,FL
Trilby,FL
Trinity,FL
Tropical Park,FL
Tyndall AFB,FL
Umatilla,FL
Union Park,FL
University,FL
Upper Grand Lagoon,FL
Valparaiso,FL
Valrico,FL
Vamo,FL
Venice,FL
Venice Gardens,FL
Verandah,FL
Vernon,FL
Vero Beach,FL
Vero Beach South,FL
Vero Lake Estates,FL
Verona Walk,FL
Viera East,FL
Viera West,FL
Villas,FL
Vineyards,FL
Virginia Gardens,FL
Wabasso,FL
Wabasso Beach,FL
Wacissa,FL
Wahneta,FL
Waldo,FL
Wallace,FL
Warm Mineral Springs,FL
Warrington,FL
Washington Park,FL
Watergate,FL
Watertown,FL
Wauchula,FL
Waukeenah,FL
Wausau,FL
Waverly,FL
Webster,FL
Wedgefield,FL
Weeki Wachee Gardens,FL
Wekiwa Springs,FL
Welaka,FL
Wellington,FL
Wesley Chapel,FL
West Bradenton,FL
West Canaveral Groves,FL
West DeLand,FL
West Lealman,FL
West Little River,FL
West Melbourne,FL
West Miami,FL
West Palm Beach,FL
West Park,FL
West Pensacola,FL
West Perrine,FL
West Samoset,FL
West Vero Corridor,FL
Westchase,FL
Westchester,FL
Westgate,FL
Westlake,FL
Weston,FL
Westview,FL
Westville,FL
Westwood Lakes,FL
Wewahitchka,FL
Whiskey Creek,FL
White City,FL
White Springs,FL
Whitfield,FL
Wildwood,FL
Williamsburg,FL
Williston,FL
Williston Highlands,FL
Willow Oak,FL
Wilton Manors,FL
Wimauma,FL
Windermere,FL
Winding Cypress,FL
Windsor,FL
Winter Beach,FL
Winter Garden,FL
Winter Haven,FL
Winter Park,FL
Winter Springs,FL
Wiscon,FL
Woodlawn Beach,FL
Woodville,FL
World Golf Village,FL
Worthington Springs,FL
Wright,FL
Yalaha,FL
Yankeetown,FL
Yeehaw Junction,FL
Yulee,FL
Zellwood,FL
Zephyrhills,FL
Zephyrhills North,FL
Zephyrhills South,FL
Zephyrhills West,FL
Zolfo Springs,FL
Abbeville,GA
Acworth,GA
Adairsville,GA
Adel,GA
Adrian,GA
Ailey,GA
Alamo,GA
Alapaha,GA
Albany,GA
Aldora,GA
Allenhurst,GA
Allentown,GA
Alma,GA
Alpharetta,GA
Alston,GA
Alto,GA
Ambrose,GA
Americus,GA
Andersonville,GA
Antioch,GA
Appling,GA
Arabi,GA
Aragon,GA
Arcade,GA
Argyle,GA
Arlington,GA
Arnoldsville,GA
Ashburn,GA
Athens,GA
Atlanta,GA
Attapulgus,GA
Auburn,GA
Augusta,GA
Austell,GA
Avalon,GA
Avera,GA
Avondale Estates,GA
Axson,GA
Baconton,GA
Bainbridge,GA
Baldwin,GA
Ball Ground,GA
Barnesville,GA
Bartow,GA
Barwick,GA
Baxley,GA
Bellville,GA
Belvedere Park,GA
Bemiss,GA
Berkeley Lake,GA
Berlin,GA
Berry College,GA
Bethlehem,GA
Between,GA
Bishop,GA
Blackshear,GA
Blairsville,GA
Blakely,GA
Bloomingdale,GA
Blue Ridge,GA
Bluffton,GA
Blythe,GA
Bogart,GA
Bolingbroke,GA
Bonanza,GA
Boston,GA
Bostwick,GA
Bowdon,GA
Bowersville,GA
Bowman,GA
Box Springs,GA
Boykin,GA
Braselton,GA
Braswell,GA
Bremen,GA
Brinson,GA
Bristol,GA
Bronwood,GA
Brookhaven,GA
Brooklet,GA
Brooks,GA
Broxton,GA
Brunswick,GA
Buchanan,GA
Buckhead,GA
Buena Vista,GA
Buford,GA
Butler,GA
Byromville,GA
Byron,GA
Cadwell,GA
Cairo,GA
Calhoun,GA
Calvary,GA
Camak,GA
Camilla,GA
Candler-McAfee,GA
Canon,GA
Canoochee,GA
Canton,GA
Carl,GA
Carlton,GA
Carnesville,GA
Carrollton,GA
Cartersville,GA
Cataula,GA
Cave Spring,GA
Cecil,GA
Cedar Springs,GA
Cedartown,GA
Centerville,GA
Centralhatchee,GA
Chamblee,GA
Chatsworth,GA
Chattahoochee Hills,GA
Chattanooga Valley,GA
Chauncey,GA
Cherry Log,GA
Chester,GA
Chickamauga,GA
Clarkesville,GA
Clarkston,GA
Claxton,GA
Clayton,GA
Clermont,GA
Cleveland,GA
Climax,GA
Clyattville,GA
Cobbtown,GA
Cochran,GA
Cogdell,GA
Cohutta,GA
Colbert,GA
Coleman,GA
College Park,GA
Collins,GA
Colquitt,GA
Columbus,GA
Comer,GA
Commerce,GA
Concord,GA
Conley,GA
Conyers,GA
Coolidge,GA
Cordele,GA
Cornelia,GA
Country Club Estates,GA
Covington,GA
Crawford,GA
Crawfordville,GA
Crescent,GA
Crooked Creek,GA
Culloden,GA
Cumming,GA
Cusseta,GA
Cuthbert,GA
Dacula,GA
Dahlonega,GA
Daisy,GA
Dallas,GA
Dalton,GA
Damascus,GA
Danielsville,GA
Danville,GA
Darien,GA
Dasher,GA
Davisboro,GA
Dawson,GA
Dawsonville,GA
De Soto,GA
Dearing,GA
Decatur,GA
Deenwood,GA
Deepstep,GA
Demorest,GA
Denton,GA
Dewy Rose,GA
Dexter,GA
Dillard,GA
Dixie,GA
Dixie Union,GA
Dock Junction,GA
Doerun,GA
Donalsonville,GA
Dooling,GA
Doraville,GA
Douglas,GA
Douglasville,GA
Druid Hills,GA
Du Pont,GA
Dublin,GA
Dudley,GA
Duluth,GA
Dunwoody,GA
Dutch Island,GA
Eagle Grove,GA
East Dublin,GA
East Ellijay,GA
East Griffin,GA
East Newnan,GA
East Point,GA
Eastman,GA
Eatonton,GA
Edge Hill,GA
Edison,GA
Elberton,GA
Ellaville,GA
Ellenton,GA
Ellerslie,GA
Ellijay,GA
Emerson,GA
Empire,GA
Enigma,GA
Ephesus,GA
Epworth,GA
Eton,GA
Euharlee,GA
Eulonia,GA
Evans,GA
Everett,GA
Experiment,GA
Faceville,GA
Fair Oaks,GA
Fairburn,GA
Fairfield Plantation,GA
Fairmount,GA
Fairplay,GA
Fairview,GA
Fargo,GA
Fayetteville,GA
Fitzgerald,GA
Flemington,GA
Flovilla,GA
Flowery Branch,GA
Folkston,GA
Forest Park,GA
Forsyth,GA
Fort Gaines,GA
Fort Oglethorpe,GA
Fort Stewart,GA
Fort Valley,GA
Franklin,GA
Franklin Springs,GA
Funston,GA
Gainesville,GA
Garden City,GA
Gardi,GA
Garfield,GA
Gay,GA
Geneva,GA
Georgetown,GA
Gibson,GA
Gillsville,GA
Girard,GA
Glenn,GA
Glennville,GA
Glenwood,GA
Godfrey,GA
Good Hope,GA
Gordon,GA
Gough,GA
Graham,GA
Grantville,GA
Gray,GA
Grayson,GA
Greensboro,GA
Greenville,GA
Gresham Park,GA
Griffin,GA
Grovetown,GA
Gumbranch,GA
Gumlog,GA
Guyton,GA
Hagan,GA
Hahira,GA
Hamilton,GA
Hampton,GA
Hannahs Mill,GA
Hapeville,GA
Haralson,GA
Hardwick,GA
Harlem,GA
Harrison,GA
Hartwell,GA
Hawkinsville,GA
Hazlehurst,GA
Helen,GA
Henderson,GA
Hephzibah,GA
Heron Bay,GA
Hiawassee,GA
Hickox,GA
Higgston,GA
Hilltop,GA
Hiltonia,GA
Hinesville,GA
Hiram,GA
Hoboken,GA
Hogansville,GA
Holly Springs,GA
Homeland,GA
Homer,GA
Homerville,GA
Hortense,GA
Hoschton,GA
Howard,GA
Hull,GA
Ideal,GA
Ila,GA
Indian Springs,GA
Iron City,GA
Irondale,GA
Irwinton,GA
Isle of Hope,GA
Ivey,GA
Jackson,GA
Jacksonville,GA
Jakin,GA
Jasper,GA
Jefferson,GA
Jeffersonville,GA
Jekyll Island,GA
Jenkinsburg,GA
Jersey,GA
Jesup,GA
Johns Creek,GA
Jonesboro,GA
Juliette,GA
Junction City,GA
Kennesaw,GA
Kennesaw State University,GA
Keysville,GA
Kings Bay Base,GA
Kingsland,GA
Kingston,GA
Kite,GA
Knoxville,GA
LaFayette,GA
LaGrange,GA
Lake City,GA
Lake Park,GA
Lakeland,GA
Lakeview,GA
Lakeview Estates,GA
Lavonia,GA
Lawrenceville,GA
Leary,GA
Leesburg,GA
Lenox,GA
Leslie,GA
Lexington,GA
Lilburn,GA
Lilly,GA
Lincoln Park,GA
Lincolnton,GA
Lindale,GA
Lithia Springs,GA
Lithonia,GA
Locust Grove,GA
Loganville,GA
Lone Oak,GA
Lookout Mountain,GA
Louisville,GA
Lovejoy,GA
Ludowici,GA
Lula,GA
Lumber City,GA
Lumpkin,GA
Luthersville,GA
Lyerly,GA
Lyons,GA
Mableton,GA
Macon,GA
Madison,GA
Manassas,GA
Manchester,GA
Manor,GA
Mansfield,GA
Marietta,GA
Marshallville,GA
Martin,GA
Martinez,GA
Matthews,GA
Maxeys,GA
Maysville,GA
McCaysville,GA
McDonough,GA
McIntyre,GA
McRae-Helena,GA
Meansville,GA
Meigs,GA
Mendes,GA
Menlo,GA
Mershon,GA
Metter,GA
Midville,GA
Midway,GA
Milan,GA
Milledgeville,GA
Millen,GA
Millwood,GA
Milner,GA
Milstead,GA
Milton,GA
Mineral Bluff,GA
Mitchell,GA
Molena,GA
Monroe,GA
Montezuma,GA
Montgomery,GA
Monticello,GA
Montrose,GA
Moody AFB,GA
Moreland,GA
Morgan,GA
Morganton,GA
Morrow,GA
Morven,GA
Moultrie,GA
Mount Airy,GA
Mount Vernon,GA
Mount Zion,GA
Mountain City,GA
Mountain Park,GA
Musella,GA
Nahunta,GA
Nashville,GA
Naylor,GA
Nelson,GA
New England,GA
Newborn,GA
Newington,GA
Newnan,GA
Newton,GA
Nicholls,GA
Nicholson,GA
Norcross,GA
Norman Park,GA
Norristown,GA
North Decatur,GA
North Druid Hills,GA
North High Shoals,GA
Norwood,GA
Nunez,GA
Oak Park,GA
Oakwood,GA
Ochlocknee,GA
Ocilla,GA
Oconee,GA
Odum,GA
Offerman,GA
Oglethorpe,GA
Ohoopee,GA
Oliver,GA
Omega,GA
Orchard Hill,GA
Oxford,GA
Palmetto,GA
Panthersville,GA
Parrott,GA
Patterson,GA
Pavo,GA
Peachtree City,GA
Peachtree Corners,GA
Pearson,GA
Pelham,GA
Pembroke,GA
Pendergrass,GA
Perkins,GA
Perry,GA
Phillipsburg,GA
Pine Lake,GA
Pine Mountain,GA
Pinehurst,GA
Pineview,GA
Piney Grove,GA
Pitts,GA
Plains,GA
Plainville,GA
Pooler,GA
Port Wentworth,GA
Portal,GA
Porterdale,GA
Poulan,GA
Powder Springs,GA
Pulaski,GA
Putney,GA
Quitman,GA
Ranger,GA
Raoul,GA
Ray City,GA
Rayle,GA
Rebecca,GA
Redan,GA
Reed Creek,GA
Register,GA
Reidsville,GA
Remerton,GA
Rentz,GA
Resaca,GA
Rest Haven,GA
Reynolds,GA
Rhine,GA
Riceboro,GA
Richland,GA
Richmond Hill,GA
Riddleville,GA
Rincon,GA
Ringgold,GA
Riverdale,GA
Roberta,GA
Robins AFB,GA
Rochelle,GA
Rock Spring,GA
Rockingham,GA
Rockmart,GA
Rocky Ford,GA
Rome,GA
Roopville,GA
Rossville,GA
Roswell,GA
Royston,GA
Russell,GA
Rutledge,GA
Sale City,GA
Salem,GA
Sandersville,GA
Sandy Springs,GA
Santa Claus,GA
Sardis,GA
Sasser,GA
Satilla,GA
Sautee-Nacoochee,GA
Savannah,GA
Scotland,GA
Scottdale,GA
Screven,GA
Senoia,GA
Seville,GA
Shady Dale,GA
Shannon,GA
Sharon,GA
Sharpsburg,GA
Shellman,GA
Shiloh,GA
Siloam,GA
Skidaway Island,GA
Sky Valley,GA
Smarr,GA
Smithville,GA
Smyrna,GA
Snellville,GA
Social Circle,GA
Soperton,GA
South Fulton,GA
Sparks,GA
Sparta,GA
Springfield,GA
St. Marys,GA
St. Simons,GA
Stapleton,GA
Statesboro,GA
Statham,GA
Sterling,GA
Stillmore,GA
Stockbridge,GA
Stockton,GA
Stone Mountain,GA
Stonecrest,GA
Sugar Hill,GA
Summertown,GA
Summerville,GA
Sumner,GA
Sunnyside,GA
Sunset Village,GA
Surrency,GA
Suwanee,GA
Swainsboro,GA
Sycamore,GA
Sylvania,GA
Sylvester,GA
Talahi Island,GA
Talbotton,GA
Talking Rock,GA
Tallapoosa,GA
Tallulah Falls,GA
Talmo,GA
Tarrytown,GA
Tate City,GA
Taylorsville,GA
Tazewell,GA
Temple,GA
Tennille,GA
The Rock,GA
Thomaston,GA
Thomasville,GA
Thomson,GA
Thunderbolt,GA
Tifton,GA
Tiger,GA
Tignall,GA
Toccoa,GA
Toomsboro,GA
Trenton,GA
Trion,GA
Tucker,GA
Tunnel Hill,GA
Turin,GA
Twin City,GA
Ty Ty,GA
Tybee Island,GA
Tyrone,GA
Unadilla,GA
Union City,GA
Union Point,GA
Unionville,GA
Uvalda,GA
Valdosta,GA
Varnell,GA
Vernonburg,GA
Vidalia,GA
Vidette,GA
Vienna,GA
Villa Rica,GA
Vinings,GA
Waco,GA
Wadley,GA
Waleska,GA
Walnut Grove,GA
Walthourville,GA
Waresboro,GA
Warm Springs,GA
Warner Robins,GA
Warrenton,GA
Warthen,GA
Warwick,GA
Washington,GA
Watkinsville,GA
Waverly,GA
Waverly Hall,GA
Waycross,GA
Waynesboro,GA
Waynesville,GA
Wenona,GA
West Brow,GA
West Point,GA
Whigham,GA
White,GA
White Plains,GA
Whitemarsh Island,GA
Whitesburg,GA
Wildwood,GA
Willacoochee,GA
Williamson,GA
Wilmington Island,GA
Winder,GA
Winterville,GA
Woodbine,GA
Woodbury,GA
Woodland,GA
Woodstock,GA
Woodville,GA
Woolsey,GA
Wrens,GA
Wrightsville,GA
Yatesville,GA
Yonah,GA
Young Harris,GA
Zebulon,GA
Ahuimanu,HI
Aiea,HI
Ainaloa,HI
Anahola,HI
Black Sands,HI
Captain Cook,HI
Discovery Harbour,HI
East Honolulu,HI
East Kapolei,HI
Eden Roc,HI
Eleele,HI
Ewa Beach,HI
Ewa Gentry,HI
Ewa Villages,HI
Fern Acres,HI
Fern Forest,HI
Haena,HI
Haiku-Pauwela,HI
Halaula,HI
Halawa,HI
Haleiwa,HI
Haliimaile,HI
Hana,HI
Hanalei,HI
Hanamaulu,HI
Hanapepe,HI
Hauula,HI
Hawaiian Acres,HI
Hawaiian Beaches,HI
Hawaiian Ocean View,HI
Hawaiian Paradise Park,HI
Hawi,HI
Heeia,HI
Helemano,HI
Hickam Housing,HI
Hilo,HI
Holualoa,HI
Honalo,HI
Honaunau-Napoopoo,HI
Honokaa,HI
Honolulu,HI
Honomu,HI
Iroquois Point,HI
Kaaawa,HI
Kaanapali,HI
Kahaluu,HI
Kahaluu-Keauhou,HI
Kahuku,HI
Kahului,HI
Kailua,HI
Kalaeloa,HI
Kalaheo,HI
Kalapana,HI
Kalihiwai,HI
Kaloko,HI
Kamaili,HI
Kaneohe,HI
Kapaa,HI
Kapaau,HI
Kapalua,HI
Kapolei,HI
Kaumakani,HI
Kaunakakai,HI
Kawela Bay,HI
Keaau,HI
Kealakekua,HI
Kekaha,HI
Keokea,HI
Kihei,HI
Kilauea,HI
Ko Olina,HI
Koloa,HI
Kualapuu,HI
Kukuihaele,HI
Kula,HI
Kurtistown,HI
Lahaina,HI
Laie,HI
Lanai City,HI
Launiupoko,HI
Laupahoehoe,HI
Lawai,HI
Leilani Estates,HI
Lihue,HI
Maalaea,HI
Mahinahina,HI
Maili,HI
Makaha,HI
Makaha Valley,HI
Makakilo,HI
Makawao,HI
Makena,HI
Manele,HI
Mauna Loa Estates,HI
Maunaloa,HI
Maunawili,HI
Mililani Mauka,HI
Mililani Town,HI
Mokuleia,HI
Mountain View,HI
Naalehu,HI
Nanakuli,HI
Nanawale Estates,HI
Napili-Honokowai,HI
Ocean Pointe,HI
Olinda,HI
Olowalu,HI
Omao,HI
Orchidlands Estates,HI
Paauilo,HI
Pahala,HI
Pahoa,HI
Paia,HI
Pakala Village,HI
Papaikou,HI
Paukaa,HI
Pearl City,HI
Pepeekeo,HI
Poipu,HI
Princeville,HI
Puako,HI
Puhi,HI
Pukalani,HI
Punaluu,HI
Pupukea,HI
Royal Hawaiian Estates,HI
Royal Kunia,HI
Schofield Barracks,HI
Seaview,HI
Tiki Gardens,HI
Ualapue,HI
Volcano,HI
Volcano Golf Course,HI
Wahiawa,HI
Waialua,HI
Waianae,HI
Waihee-Waiehu,HI
Waikapu,HI
Waikele,HI
Waikoloa Beach Resort,HI
Waikoloa Village,HI
Wailea,HI
Wailua,HI
Wailua Homesteads,HI
Wailuku,HI
Waimalu,HI
Waimanalo,HI
Waimanalo Beach,HI
Waimea,HI
Wainaku,HI
Wainiha,HI
Waiohinu,HI
Waipahu,HI
Waipio,HI
Waipio Acres,HI
West Loch Estate,HI
Wheeler AFB,HI
Whitmore Village,HI
Ackley,IA
Ackworth,IA
Adair,IA
Adel,IA
Afton,IA
Agency,IA
Ainsworth,IA
Akron,IA
Albert City,IA
Albia,IA
Albion,IA
Alburnett,IA
Alden,IA
Alexander,IA
Algona,IA
Alleman,IA
Allerton,IA
Allison,IA
Alta,IA
Alta Vista,IA
Alton,IA
Altoona,IA
Alvord,IA
Amana,IA
Ames,IA
Anamosa,IA
Anderson,IA
Andover,IA
Andrew,IA
Anita,IA
Ankeny,IA
Anthon,IA
Aplington,IA
Arcadia,IA
Archer,IA
Aredale,IA
Argo,IA
Argyle,IA
Arion,IA
Arispe,IA
Arlington,IA
Armstrong,IA
Arnolds Park,IA
Arthur,IA
Asbury,IA
Ashton,IA
Aspinwall,IA
Atalissa,IA
Athelstan,IA
Atkins,IA
Atlantic,IA
Auburn,IA
Audubon,IA
Augusta,IA
Aurelia,IA
Aurora,IA
Avoca,IA
Ayrshire,IA
Badger,IA
Bagley,IA
Baldwin,IA
Balltown,IA
Bancroft,IA
Bankston,IA
Barnes City,IA
Barnum,IA
Bartlett,IA
Bassett,IA
Batavia,IA
Battle Creek,IA
Baxter,IA
Bayard,IA
Beacon,IA
Beaconsfield,IA
Beaman,IA
Beaver,IA
Beaverdale,IA
Bedford,IA
Belle Plaine,IA
Bellevue,IA
Belmond,IA
Bennett,IA
Bentley,IA
Benton,IA
Berkley,IA
Bernard,IA
Bertram,IA
Bettendorf,IA
Bevington,IA
Big Rock,IA
Birmingham,IA
Blairsburg,IA
Blairstown,IA
Blakesburg,IA
Blanchard,IA
Blencoe,IA
Blockton,IA
Bloomfield,IA
Blue Grass,IA
Bode,IA
Bolan,IA
Bonaparte,IA
Bondurant,IA
Boone,IA
Bouton,IA
Boxholm,IA
Boyden,IA
Braddyville,IA
Bradford,IA
Bradgate,IA
Brandon,IA
Brayton,IA
Breda,IA
Bridgewater,IA
Brighton,IA
Bristow,IA
Britt,IA
Bronson,IA
Brooklyn,IA
Brunsville,IA
Buck Grove,IA
Buckeye,IA
Buffalo,IA
Buffalo Center,IA
Burchinal,IA
Burlington,IA
Burr Oak,IA
Burt,IA
Bussey,IA
Calamus,IA
California Junction,IA
Callender,IA
Calmar,IA
Calumet,IA
Camanche,IA
Cambridge,IA
Cantril,IA
Carbon,IA
Carlisle,IA
Carpenter,IA
Carroll,IA
Carson,IA
Carter Lake,IA
Cascade,IA
Casey,IA
Castalia,IA
Castana,IA
Cedar Falls,IA
Cedar Rapids,IA
Center Junction,IA
Center Point,IA
Centerville,IA
Central City,IA
Centralia,IA
Chapin,IA
Chariton,IA
Charles City,IA
Charlotte,IA
Charter Oak,IA
Chatsworth,IA
Chelsea,IA
Cherokee,IA
Chester,IA
Chillicothe,IA
Churdan,IA
Cincinnati,IA
Clare,IA
Clarence,IA
Clarinda,IA
Clarion,IA
Clarksville,IA
Clayton,IA
Clear Lake,IA
Clearfield,IA
Cleghorn,IA
Clemons,IA
Clermont,IA
Climbing Hill,IA
Clinton,IA
Clio,IA
Clive,IA
Clutier,IA
Coalville,IA
Coburg,IA
Coggon,IA
Coin,IA
Colesburg,IA
Colfax,IA
College Springs,IA
Collins,IA
Colo,IA
Columbus City,IA
Columbus Junction,IA
Colwell,IA
Conesville,IA
Conrad,IA
Conroy,IA
Conway,IA
Coon Rapids,IA
Coppock,IA
Coralville,IA
Corley,IA
Corning,IA
Correctionville,IA
Corwith,IA
Corydon,IA
Cotter,IA
Coulter,IA
Council Bluffs,IA
Craig,IA
Crawfordsville,IA
Crescent,IA
Cresco,IA
Creston,IA
Cromwell,IA
Crystal Lake,IA
Cumberland,IA
Cumming,IA
Curlew,IA
Cushing,IA
Cylinder,IA
Dakota City,IA
Dallas Center,IA
Dana,IA
Danbury,IA
Danville,IA
Davenport,IA
Davis City,IA
Dawson,IA
Dayton,IA
De Soto,IA
DeWitt,IA
Decatur City,IA
Decorah,IA
Dedham,IA
Deep River,IA
Defiance,IA
Delaware,IA
Delhi,IA
Delmar,IA
Deloit,IA
Delphos,IA
Delta,IA
Denison,IA
Denmark,IA
Denver,IA
Derby,IA
Des Moines,IA
Dexter,IA
Diagonal,IA
Diamondhead Lake,IA
Dickens,IA
Dike,IA
Dixon,IA
Dolliver,IA
Donahue,IA
Donnellson,IA
Doon,IA
Douds,IA
Dougherty,IA
Dow City,IA
Downey,IA
Dows,IA
Drakesville,IA
Dubuque,IA
Dumont,IA
Duncan,IA
Duncombe,IA
Dundee,IA
Dunkerton,IA
Dunlap,IA
Durango,IA
Durant,IA
Dyersville,IA
Dysart,IA
Eagle Grove,IA
Earlham,IA
Earling,IA
Earlville,IA
Early,IA
East Amana,IA
East Peru,IA
Eddyville,IA
Edgewood,IA
Elberon,IA
Eldon,IA
Eldora,IA
Eldridge,IA
Elgin,IA
Elk Horn,IA
Elk Run Heights,IA
Elkader,IA
Elkhart,IA
Elkport,IA
Elliott,IA
Ellston,IA
Ellsworth,IA
Elma,IA
Ely,IA
Emerson,IA
Emmetsburg,IA
Epworth,IA
Essex,IA
Estherville,IA
Evansdale,IA
Everly,IA
Exira,IA
Exline,IA
Fairbank,IA
Fairfax,IA
Fairfield,IA
Fairport,IA
Farley,IA
Farmersburg,IA
Farmington,IA
Farnhamville,IA
Farragut,IA
Fayette,IA
Fenton,IA
Ferguson,IA
Fertile,IA
Floris,IA
Floyd,IA
Fonda,IA
Fontanelle,IA
Forest City,IA
Fort Atkinson,IA
Fort Dodge,IA
Fort Madison,IA
Fostoria,IA
Franklin,IA
Fraser,IA
Fredericksburg,IA
Frederika,IA
Fredonia,IA
Fremont,IA
Fruitland,IA
Frytown,IA
Galt,IA
Galva,IA
Garber,IA
Garden City,IA
Garden Grove,IA
Garnavillo,IA
Garner,IA
Garrison,IA
Garwin,IA
Geneva,IA
George,IA
Gibson,IA
Gilbert,IA
Gilbertville,IA
Gillett Grove,IA
Gilman,IA
Gilmore City,IA
Gladbrook,IA
Glenwood,IA
Glidden,IA
Goldfield,IA
Goodell,IA
Goose Lake,IA
Gowrie,IA
Graettinger,IA
Graf,IA
Grafton,IA
Grand Junction,IA
Grand Mound,IA
Grand River,IA
Grandview,IA
Granger,IA
Grant,IA
Granville,IA
Gravity,IA
Gray,IA
Greeley,IA
Green Mountain,IA
Greene,IA
Greenfield,IA
Greenville,IA
Grimes,IA
Grinnell,IA
Griswold,IA
Grundy Center,IA
Gruver,IA
Guernsey,IA
Guthrie Center,IA
Guttenberg,IA
Halbur,IA
Hamburg,IA
Hamilton,IA
Hampton,IA
Hancock,IA
Hanlontown,IA
Hansell,IA
Harcourt,IA
Hardy,IA
Harlan,IA
Harper,IA
Harpers Ferry,IA
Harris,IA
Hartford,IA
Hartley,IA
Hartwick,IA
Harvey,IA
Hastings,IA
Havelock,IA
Haverhill,IA
Hawarden,IA
Hawkeye,IA
Hayesville,IA
Hayfield,IA
Hazleton,IA
Hedrick,IA
Henderson,IA
Hepburn,IA
Hiawatha,IA
High Amana,IA
Hills,IA
Hillsboro,IA
Hinton,IA
Holiday Lake,IA
Holland,IA
Holstein,IA
Holy Cross,IA
Homestead,IA
Hopkinton,IA
Hornick,IA
Hospers,IA
Houghton,IA
Hubbard,IA
Hudson,IA
Hull,IA
Humboldt,IA
Humeston,IA
Hutchins,IA
Huxley,IA
Ida Grove,IA
Imogene,IA
Independence,IA
Indianola,IA
Inwood,IA
Ionia,IA
Iowa City,IA
Iowa Falls,IA
Ireton,IA
Irvington,IA
Irwin,IA
Jackson Junction,IA
Jacksonville,IA
Jamaica,IA
Janesville,IA
Jefferson,IA
Jesup,IA
Johnston,IA
Joice,IA
Jolley,IA
Kalona,IA
Kamrar,IA
Kanawha,IA
Kellerton,IA
Kelley,IA
Kellogg,IA
Kensett,IA
Kent,IA
Kent Estates,IA
Keokuk,IA
Keomah Village,IA
Keosauqua,IA
Keota,IA
Keswick,IA
Keystone,IA
Kimballton,IA
Kingsley,IA
Kingston,IA
Kinross,IA
Kirkman,IA
Kirkville,IA
Kiron,IA
Klemme,IA
Knierim,IA
Knoxville,IA
La Motte,IA
La Porte City,IA
Lacona,IA
Ladora,IA
Lake City,IA
Lake Mills,IA
Lake Panorama,IA
Lake Park,IA
Lake View,IA
Lakeside,IA
Lakota,IA
Lambs Grove,IA
Lamoni,IA
Lamont,IA
Lanesboro,IA
Lansing,IA
Larchwood,IA
Larrabee,IA
Latimer,IA
Laurel,IA
Laurens,IA
Lawler,IA
Lawton,IA
Le Claire,IA
Le Grand,IA
Le Mars,IA
Le Roy,IA
Leando,IA
Ledyard,IA
Lehigh,IA
Leighton,IA
Leland,IA
Lenox,IA
Leon,IA
Lester,IA
Letts,IA
Lewis,IA
Libertyville,IA
Lidderdale,IA
Lime Springs,IA
Lincoln,IA
Linden,IA
Lineville,IA
Linn Grove,IA
Lisbon,IA
Liscomb,IA
Little Cedar,IA
Little Rock,IA
Little Sioux,IA
Livermore,IA
Lockridge,IA
Logan,IA
Lohrville,IA
Lone Rock,IA
Lone Tree,IA
Long Grove,IA
Lorimor,IA
Lost Nation,IA
Loveland,IA
Lovilia,IA
Low Moor,IA
Lowden,IA
Lowell,IA
Lu Verne,IA
Luana,IA
Lucas,IA
Luther,IA
Luxemburg,IA
Luzerne,IA
Lynnville,IA
Lytton,IA
Macedonia,IA
Macksburg,IA
Madrid,IA
Magnolia,IA
Maharishi Vedic City,IA
Malcom,IA
Mallard,IA
Maloy,IA
Malvern,IA
Manchester,IA
Manilla,IA
Manly,IA
Manning,IA
Manson,IA
Mapleton,IA
Maquoketa,IA
Marathon,IA
Marble Rock,IA
Marcus,IA
Marengo,IA
Marion,IA
Marne,IA
Marquette,IA
Marshalltown,IA
Martelle,IA
Martensdale,IA
Martinsburg,IA
Marysville,IA
Mason City,IA
Masonville,IA
Massena,IA
Matlock,IA
Maurice,IA
Maxwell,IA
Maynard,IA
Maysville,IA
McCallsburg,IA
McCausland,IA
McClelland,IA
McGregor,IA
McIntire,IA
Mechanicsville,IA
Mediapolis,IA
Melbourne,IA
Melcher-Dallas,IA
Melrose,IA
Melvin,IA
Menlo,IA
Meriden,IA
Merrill,IA
Meservey,IA
Meyer,IA
Middle Amana,IA
Middletown,IA
Miles,IA
Milford,IA
Miller,IA
Millersburg,IA
Millerton,IA
Milo,IA
Milton,IA
Minburn,IA
Minden,IA
Mineola,IA
Mingo,IA
Missouri Valley,IA
Mitchell,IA
Mitchellville,IA
Modale,IA
Mona,IA
Mondamin,IA
Monmouth,IA
Monona,IA
Monroe,IA
Montezuma,IA
Monticello,IA
Montour,IA
Montpelier,IA
Montrose,IA
Mooar,IA
Moorhead,IA
Moorland,IA
Moravia,IA
Morley,IA
Morning Sun,IA
Morrison,IA
Moscow,IA
Moulton,IA
Mount Auburn,IA
Mount Ayr,IA
Mount Pleasant,IA
Mount Sterling,IA
Mount Union,IA
Mount Vernon,IA
Moville,IA
Murray,IA
Muscatine,IA
Mystic,IA
Nashua,IA
Nemaha,IA
Neola,IA
Nevada,IA
New Albin,IA
New Hampton,IA
New Hartford,IA
New Haven,IA
New Liberty,IA
New London,IA
New Market,IA
New Providence,IA
New Sharon,IA
New Vienna,IA
New Virginia,IA
Newell,IA
Newhall,IA
Newton,IA
Nichols,IA
Nodaway,IA
Nora Springs,IA
North Buena Vista,IA
North English,IA
North Liberty,IA
North Washington,IA
Northboro,IA
Northwood,IA
Norwalk,IA
Norway,IA
Numa,IA
Oak Hills,IA
Oakland,IA
Oakland Acres,IA
Oakville,IA
Ocheyedan,IA
Odebolt,IA
Oelwein,IA
Ogden,IA
Okoboji,IA
Olds,IA
Olin,IA
Ollie,IA
Onawa,IA
Onslow,IA
Orange City,IA
Orchard,IA
Orient,IA
Orleans,IA
Osage,IA
Osceola,IA
Oskaloosa,IA
Ossian,IA
Osterdock,IA
Otho,IA
Oto,IA
Otranto,IA
Ottosen,IA
Ottumwa,IA
Owasa,IA
Oxford,IA
Oxford Junction,IA
Oyens,IA
Pacific Junction,IA
Packwood,IA
Palmer,IA
Palo,IA
Panama,IA
Panora,IA
Panorama Park,IA
Park View,IA
Parkersburg,IA
Parnell,IA
Paton,IA
Patterson,IA
Paullina,IA
Pella,IA
Peosta,IA
Percival,IA
Perry,IA
Persia,IA
Peterson,IA
Pierson,IA
Pilot Mound,IA
Pisgah,IA
Plainfield,IA
Plainview,IA
Plano,IA
Pleasant Hill,IA
Pleasant Plain,IA
Pleasanton,IA
Pleasantville,IA
Plover,IA
Plymouth,IA
Pocahontas,IA
Polk City,IA
Pomeroy,IA
Popejoy,IA
Portland,IA
Portsmouth,IA
Postville,IA
Prairie City,IA
Prairieburg,IA
Prescott,IA
Preston,IA
Primghar,IA
Princeton,IA
Promise City,IA
Protivin,IA
Pulaski,IA
Quasqueton,IA
Quimby,IA
Radcliffe,IA
Rake,IA
Ralston,IA
Randalia,IA
Randall,IA
Randolph,IA
Rathbun,IA
Raymond,IA
Readlyn,IA
Reasnor,IA
Red Oak,IA
Redding,IA
Redfield,IA
Reinbeck,IA
Rembrandt,IA
Remsen,IA
Renwick,IA
Rhodes,IA
Riceville,IA
Richland,IA
Rickardsville,IA
Ricketts,IA
Ridgeway,IA
Rinard,IA
Ringsted,IA
Rippey,IA
River Sioux,IA
Riverdale,IA
Riverside,IA
Riverton,IA
Robins,IA
Rochester,IA
Rock Falls,IA
Rock Rapids,IA
Rock Valley,IA
Rockford,IA
Rockwell,IA
Rockwell City,IA
Rodman,IA
Rodney,IA
Roland,IA
Rolfe,IA
Rome,IA
Rose Hill,IA
Roseville,IA
Rossie,IA
Rowan,IA
Rowley,IA
Royal,IA
Rudd,IA
Runnells,IA
Russell,IA
Ruthven,IA
Rutland,IA
Ryan,IA
Sabula,IA
Sac City,IA
Sageville,IA
Salem,IA
Salix,IA
Sanborn,IA
Sandusky,IA
Sandyville,IA
Saylorville,IA
Scarville,IA
Schaller,IA
Schleswig,IA
Scranton,IA
Searsboro,IA
Sergeant Bluff,IA
Sexton,IA
Seymour,IA
Shambaugh,IA
Shannon City,IA
Sharpsburg,IA
Sheffield,IA
Shelby,IA
Sheldahl,IA
Sheldon,IA
Shell Rock,IA
Shellsburg,IA
Shenandoah,IA
Sherrill,IA
Shueyville,IA
Sibley,IA
Sidney,IA
Sigourney,IA
Silver City,IA
Sioux Center,IA
Sioux City,IA
Sioux Rapids,IA
Slater,IA
Sloan,IA
Smithland,IA
Soldier,IA
Solon,IA
Somers,IA
South Amana,IA
South English,IA
Spencer,IA
Sperry,IA
Spillville,IA
Spirit Lake,IA
Spragueville,IA
Spring Hill,IA
Springbrook,IA
Springville,IA
St. Ansgar,IA
St. Anthony,IA
St. Benedict,IA
St. Charles,IA
St. Donatus,IA
St. Joseph,IA
St. Lucas,IA
St. Marys,IA
St. Olaf,IA
St. Paul,IA
Stacyville,IA
Stanhope,IA
Stanley,IA
Stanton,IA
Stanwood,IA
State Center,IA
Steamboat Rock,IA
Stockport,IA
Stockton,IA
Stone City,IA
Storm Lake,IA
Story City,IA
Stout,IA
Stratford,IA
Strawberry Point,IA
Struble,IA
Stuart,IA
Sully,IA
Sumner,IA
Sun Valley Lake,IA
Superior,IA
Sutherland,IA
Swaledale,IA
Swan,IA
Swea City,IA
Swedesburg,IA
Swisher,IA
Tabor,IA
Tama,IA
Templeton,IA
Tennant,IA
Terril,IA
Thayer,IA
Thompson,IA
Thor,IA
Thornburg,IA
Thornton,IA
Thurman,IA
Tiffin,IA
Tingley,IA
Tipton,IA
Titonka,IA
Toeterville,IA
Toledo,IA
Toronto,IA
Traer,IA
Trenton,IA
Treynor,IA
Tripoli,IA
Truesdale,IA
Truro,IA
Turin,IA
Twin Lakes,IA
Udell,IA
Underwood,IA
Union,IA
Unionville,IA
University Heights,IA
University Park,IA
Urbana,IA
Urbandale,IA
Ute,IA
Vail,IA
Valeria,IA
Van Horne,IA
Van Meter,IA
Van Wert,IA
Varina,IA
Ventura,IA
Victor,IA
Villisca,IA
Vincent,IA
Vining,IA
Vinton,IA
Volga,IA
Wadena,IA
Wahpeton,IA
Walcott,IA
Walford,IA
Walker,IA
Wall Lake,IA
Wallingford,IA
Walnut,IA
Wapello,IA
Washburn,IA
Washington,IA
Washta,IA
Waterloo,IA
Waterville,IA
Watkins,IA
Waucoma,IA
Waukee,IA
Waukon,IA
Waverly,IA
Wayland,IA
Webb,IA
Webster,IA
Webster City,IA
Weldon,IA
Wellman,IA
Wellsburg,IA
Welton,IA
Wesley,IA
West Amana,IA
West Bend,IA
West Branch,IA
West Burlington,IA
West Chester,IA
West Des Moines,IA
West Liberty,IA
West Okoboji,IA
West Point,IA
West Union,IA
Westfield,IA
Westgate,IA
Weston,IA
Westphalia,IA
Westside,IA
Westwood,IA
Wever,IA
What Cheer,IA
Wheatland,IA
Whiting,IA
Whittemore,IA
Whitten,IA
Willey,IA
Williams,IA
Williamsburg,IA
Williamson,IA
Wilton,IA
Windsor Heights,IA
Winfield,IA
Winterset,IA
Winthrop,IA
Wiota,IA
Woden,IA
Woodbine,IA
Woodburn,IA
Woodward,IA
Woolstock,IA
Worthington,IA
Wyoming,IA
Yale,IA
Yarmouth,IA
Yetter,IA
Yorktown,IA
Zearing,IA
Zwingle,IA
Aberdeen,ID
Acequia,ID
Albion,ID
American Falls,ID
Ammon,ID
Arbon Valley,ID
Arco,ID
Arimo,ID
Ashton,ID
Athol,ID
Atomic City,ID
Avimor,ID
Bancroft,ID
Banks,ID
Basalt,ID
Bellevue,ID
Bennington,ID
Blackfoot,ID
Blanchard,ID
Bliss,ID
Bloomington,ID
Boise,ID
Bonners Ferry,ID
Bovill,ID
Bruneau,ID
Buhl,ID
Burley,ID
Butte City,ID
Caldwell,ID
Cambridge,ID
Carey,ID
Cascade,ID
Castleford,ID
Challis,ID
Chubbuck,ID
Clark Fork,ID
Clayton,ID
Clifton,ID
Coeur d'Alene,ID
Conkling Park,ID
Coolin,ID
Cottonwood,ID
Council,ID
Craigmont,ID
Crouch,ID
Culdesac,ID
Dalton Gardens,ID
Dayton,ID
De Smet,ID
Deary,ID
Declo,ID
Dietrich,ID
Donnelly,ID
Dover,ID
Downey,ID
Driggs,ID
Drummond,ID
Dubois,ID
Eagle,ID
East Hope,ID
Eden,ID
Elk City,ID
Elk River,ID
Emmett,ID
Fairfield,ID
Ferdinand,ID
Fernan Lake Village,ID
Fernwood,ID
Filer,ID
Firth,ID
Fort Hall,ID
Franklin,ID
Fruitland,ID
Gannett,ID
Garden City,ID
Garden Valley,ID
Genesee,ID
Georgetown,ID
Glenns Ferry,ID
Gooding,ID
Grace,ID
Grand View,ID
Grangeville,ID
Greenleaf,ID
Groveland,ID
Hagerman,ID
Hailey,ID
Hamer,ID
Hammett,ID
Hansen,ID
Harrison,ID
Hauser,ID
Hayden,ID
Hayden Lake,ID
Hazelton,ID
Heyburn,ID
Hidden Springs,ID
Hollister,ID
Homedale,ID
Hope,ID
Horseshoe Bend,ID
Huetter,ID
Idaho City,ID
Idaho Falls,ID
Inkom,ID
Iona,ID
Irwin,ID
Island Park,ID
Jerome,ID
Juliaetta,ID
Kamiah,ID
Kellogg,ID
Kendrick,ID
Ketchum,ID
Kimberly,ID
Kooskia,ID
Kootenai,ID
Kuna,ID
Laclede,ID
Lapwai,ID
Lava Hot Springs,ID
Leadore,ID
Letha,ID
Lewiston,ID
Lewisville,ID
Lincoln,ID
Lost River,ID
Lowman,ID
Mackay,ID
Malad City,ID
Malta,ID
Marsing,ID
McCall,ID
McCammon,ID
Melba,ID
Menan,ID
Meridian,ID
Middleton,ID
Midvale,ID
Minidoka,ID
Montpelier,ID
Moore,ID
Moreland,ID
Moscow,ID
Mountain Home,ID
Mountain Home AFB,ID
Moyie Springs,ID
Mud Lake,ID
Mullan,ID
Murphy,ID
Murtaugh,ID
Nampa,ID
New Meadows,ID
New Plymouth,ID
Newdale,ID
Nezperce,ID
Notus,ID
Oakley,ID
Oldtown,ID
Onaway,ID
Orofino,ID
Osburn,ID
Oxford,ID
Paris,ID
Parker,ID
Parkline,ID
Parma,ID
Paul,ID
Payette,ID
Peck,ID
Pierce,ID
Pinehurst,ID
Placerville,ID
Plummer,ID
Pocatello,ID
Ponderay,ID
Post Falls,ID
Potlatch,ID
Preston,ID
Priest River,ID
Princeton,ID
Rathdrum,ID
Reubens,ID
Rexburg,ID
Richfield,ID
Rigby,ID
Riggins,ID
Ririe,ID
Riverside,ID
Roberts,ID
Robie Creek,ID
Rockford,ID
Rockford Bay,ID
Rockland,ID
Rupert,ID
Salmon,ID
Sandpoint,ID
Shelley,ID
Shoshone,ID
Silverton,ID
Smelterville,ID
Smiths Ferry,ID
Soda Springs,ID
Spencer,ID
Spirit Lake,ID
St. Anthony,ID
St. Charles,ID
St. Maries,ID
Stanley,ID
Star,ID
State Line,ID
Stites,ID
Sugar City,ID
Sun Valley,ID
Swan Valley,ID
Sweetwater,ID
Tensed,ID
Teton,ID
Tetonia,ID
Troy,ID
Twin Falls,ID
Tyhee,ID
Ucon,ID
Victor,ID
Viola,ID
Wallace,ID
Wardner,ID
Warm River,ID
Weippe,ID
Weiser,ID
Wendell,ID
Weston,ID
White Bird,ID
Wilder,ID
Winchester,ID
Worley,ID
Yellow Pine,ID
Abingdon,IL
Adair,IL
Adams,IL
Addieville,IL
Addison,IL
Adeline,IL
Albany,IL
Albers,IL
Albion,IL
Alden,IL
Aledo,IL
Alexander,IL
Alexis,IL
Algonquin,IL
Alhambra,IL
Allendale,IL
Allenville,IL
Allerton,IL
Alma,IL
Alpha,IL
Alsey,IL
Alsip,IL
Altamont,IL
Alto Pass,IL
Alton,IL
Altona,IL
Alvan,IL
Amboy,IL
Anchor,IL
Andalusia,IL
Andover,IL
Andres,IL
Anna,IL
Annapolis,IL
Annawan,IL
Antioch,IL
Apple Canyon Lake,IL
Apple River,IL
Arbury Hills,IL
Arcola,IL
Arenzville,IL
Argenta,IL
Argyle,IL
Arlington,IL
Arlington Heights,IL
Armington,IL
Aroma Park,IL
Arrowsmith,IL
Arthur,IL
Ashkum,IL
Ashland,IL
Ashley,IL
Ashmore,IL
Ashton,IL
Assumption,IL
Astoria,IL
Athens,IL
Atkinson,IL
Atlanta,IL
Atwood,IL
Auburn,IL
Augusta,IL
Aurora,IL
Ava,IL
Aviston,IL
Avon,IL
Baileyville,IL
Baldwin,IL
Banner,IL
Bannockburn,IL
Bardolph,IL
Barrington,IL
Barrington Hills,IL
Barry,IL
Barstow,IL
Bartelso,IL
Bartlett,IL
Bartonville,IL
Basco,IL
Batavia,IL
Batchtown,IL
Bath,IL
Bay View Gardens,IL
Baylis,IL
Beach Park,IL
Beardstown,IL
Beason,IL
Beaverville,IL
Beckemeyer,IL
Bedford Park,IL
Beecher,IL
Beecher City,IL
Belgium,IL
Belknap,IL
Belle Prairie City,IL
Belle Rive,IL
Belleville,IL
Bellevue,IL
Bellflower,IL
Bellmont,IL
Bellwood,IL
Belvidere,IL
Bement,IL
Benld,IL
Bensenville,IL
Benson,IL
Bentley,IL
Benton,IL
Berkeley,IL
Berlin,IL
Berwyn,IL
Bethalto,IL
Bethany,IL
Beverly,IL
Big Foot Prairie,IL
Big Rock,IL
Biggsville,IL
Bingham,IL
Bishop Hill,IL
Bismarck,IL
Blairsville,IL
Blandinsville,IL
Bloomfield,IL
Bloomingdale,IL
Bloomington,IL
Blue Island,IL
Blue Mound,IL
Bluffs,IL
Bluford,IL
Bolingbrook,IL
Bondville,IL
Bone Gap,IL
Bonfield,IL
Bonnie,IL
Bonnie Brae,IL
Boody,IL
Boulder Hill,IL
Bourbonnais,IL
Bowen,IL
Braceville,IL
Bradford,IL
Bradley,IL
Braidwood,IL
Breese,IL
Bridgeport,IL
Bridgeview,IL
Brighton,IL
Brimfield,IL
Broadlands,IL
Broadview,IL
Broadwell,IL
Brocton,IL
Brookfield,IL
Brooklyn,IL
Brookport,IL
Broughton,IL
Browning,IL
Browns,IL
Brownstown,IL
Brussels,IL
Bryant,IL
Buckingham,IL
Buckley,IL
Buckner,IL
Buda,IL
Buffalo,IL
Buffalo Grove,IL
Buffalo Prairie,IL
Bull Valley,IL
Bulpitt,IL
Buncombe,IL
Bunker Hill,IL
Burbank,IL
Burlington,IL
Burnham,IL
Burnt Prairie,IL
Burr Ridge,IL
Burton,IL
Burtons Bridge,IL
Bush,IL
Bushnell,IL
Butler,IL
Byron,IL
Cabery,IL
Cable,IL
Cahokia Heights,IL
Cairo,IL
Caledonia,IL
Calhoun,IL
Calumet City,IL
Calumet Park,IL
Camargo,IL
Cambria,IL
Cambridge,IL
Camden,IL
Cameron,IL
Camp Point,IL
Campbell Hill,IL
Campbell's Island,IL
Campton Hills,IL
Campus,IL
Candlewick Lake,IL
Canton,IL
Cantrall,IL
Capron,IL
Carbon Cliff,IL
Carbon Hill,IL
Carbondale,IL
Carlinville,IL
Carlock,IL
Carlyle,IL
Carman,IL
Carmi,IL
Carol Stream,IL
Carpentersville,IL
Carrier Mills,IL
Carrollton,IL
Carterville,IL
Carthage,IL
Cary,IL
Casey,IL
Caseyville,IL
Catlin,IL
Cave-In-Rock,IL
Cedar Point,IL
Cedarville,IL
Central City,IL
Centralia,IL
Cerro Gordo,IL
Chadwick,IL
Champaign,IL
Chandlerville,IL
Channahon,IL
Channel Lake,IL
Chapin,IL
Charleston,IL
Chatham,IL
Chatsworth,IL
Chebanse,IL
Chemung,IL
Chenoa,IL
Cherry,IL
Cherry Valley,IL
Chester,IL
Chesterfield,IL
Chestnut,IL
Chicago,IL
Chicago Heights,IL
Chicago Ridge,IL
Chillicothe,IL
Chrisman,IL
Christopher,IL
Cicero,IL
Cisco,IL
Cisne,IL
Cissna Park,IL
Claremont,IL
Clarendon Hills,IL
Clay City,IL
Clayton,IL
Clear Lake,IL
Cleveland,IL
Clifton,IL
Clinton,IL
Coal City,IL
Coal Valley,IL
Coalton,IL
Coatsburg,IL
Cobden,IL
Coffeen,IL
Colchester,IL
Coleta,IL
Colfax,IL
Collinsville,IL
Colona,IL
Colp,IL
Columbia,IL
Columbus,IL
Como,IL
Compton,IL
Concord,IL
Congerville,IL
Cooksville,IL
Coral,IL
Cordova,IL
Cornell,IL
Cornland,IL
Cortland,IL
Coulterville,IL
Country Club Hills,IL
Countryside,IL
Cowden,IL
Coyne Center,IL
Crab Orchard,IL
Crainville,IL
Creal Springs,IL
Crescent City,IL
Crest Hill,IL
Creston,IL
Crestwood,IL
Crete,IL
Creve Coeur,IL
Crossville,IL
Crystal Lake,IL
Crystal Lawns,IL
Cuba,IL
Cullom,IL
Curran,IL
Custer Park,IL
Cutler,IL
Cypress,IL
Dahlgren,IL
Dakota,IL
Dallas City,IL
Dalton City,IL
Dalzell,IL
Damiansville,IL
Dana,IL
Danforth,IL
Danvers,IL
Danville,IL
Darien,IL
Darmstadt,IL
Davis,IL
Davis Junction,IL
Dawson,IL
Dayton,IL
De Land,IL
De Pue,IL
De Soto,IL
De Witt,IL
DeKalb,IL
Decatur,IL
Deer Creek,IL
Deer Grove,IL
Deer Park,IL
Deerfield,IL
Delavan,IL
Des Plaines,IL
Detroit,IL
Dewey,IL
Diamond,IL
Dieterich,IL
Divernon,IL
Dix,IL
Dixmoor,IL
Dixon,IL
Dolton,IL
Dongola,IL
Donnellson,IL
Donovan,IL
Dorchester,IL
Dover,IL
Dowell,IL
Downers Grove,IL
Downs,IL
Du Bois,IL
Du Quoin,IL
Dundas,IL
Dunfermline,IL
Dunlap,IL
Dupo,IL
Durand,IL
Dwight,IL
Eagarville,IL
Eagle Lake,IL
Earlville,IL
East Alton,IL
East Brooklyn,IL
East Cape Girardeau,IL
East Carondelet,IL
East Dubuque,IL
East Dundee,IL
East Galesburg,IL
East Gillespie,IL
East Hazel Crest,IL
East Lynn,IL
East Moline,IL
East Peoria,IL
East St. Louis,IL
Easton,IL
Eddyville,IL
Edgewood,IL
Edgington,IL
Edinburg,IL
Edwardsville,IL
Effingham,IL
El Dara,IL
El Paso,IL
Elburn,IL
Eldorado,IL
Eldred,IL
Elgin,IL
Eliza,IL
Elizabeth,IL
Elizabethtown,IL
Elk Grove Village,IL
Elkhart,IL
Elkville,IL
Elliott,IL
Ellis Grove,IL
Ellisville,IL
Ellsworth,IL
Elmhurst,IL
Elmwood,IL
Elmwood Park,IL
Elsah,IL
Elvaston,IL
Elwin,IL
Elwood,IL
Emden,IL
Emington,IL
Energy,IL
Enfield,IL
Equality,IL
Erie,IL
Essex,IL
Eureka,IL
Evanston,IL
Evansville,IL
Evergreen Park,IL
Ewing,IL
Exeter,IL
Fairbury,IL
Fairfield,IL
Fairmont,IL
Fairmont City,IL
Fairmount,IL
Fairview,IL
Fairview Heights,IL
Fall Creek,IL
Farina,IL
Farmer City,IL
Farmersville,IL
Farmington,IL
Fayetteville,IL
Ferris,IL
Fidelity,IL
Fieldon,IL
Fillmore,IL
Findlay,IL
Fisher,IL
Fithian,IL
Flanagan,IL
Flat Rock,IL
Flora,IL
Floraville,IL
Florence,IL
Flossmoor,IL
Foosland,IL
Ford Heights,IL
Forest City,IL
Forest Lake,IL
Forest Park,IL
Forest View,IL
Forrest,IL
Forreston,IL
Forsyth,IL
Fowler,IL
Fox Lake,IL
Fox Lake Hills,IL
Fox River Grove,IL
Frankfort,IL
Frankfort Square,IL
Franklin,IL
Franklin Grove,IL
Franklin Park,IL
Franklinville,IL
Freeburg,IL
Freeman Spur,IL
Freeport,IL
Fulton,IL
Fults,IL
Gages Lake,IL
Galatia,IL
Galena,IL
Galesburg,IL
Galt,IL
Galva,IL
Garden Prairie,IL
Gardner,IL
Garrett,IL
Gays,IL
Geneseo,IL
Geneva,IL
Genoa,IL
Georgetown,IL
German Valley,IL
Germantown,IL
Germantown Hills,IL
Gibson City,IL
Gifford,IL
Gilberts,IL
Gillespie,IL
Gilman,IL
Gilson,IL
Girard,IL
Gladstone,IL
Glasford,IL
Glasgow,IL
Glen Carbon,IL
Glen Ellyn,IL
Glencoe,IL
Glendale Heights,IL
Glenview,IL
Glenwood,IL
Godfrey,IL
Godley,IL
Golconda,IL
Golden,IL
Golden Gate,IL
Golf,IL
Good Hope,IL
Goodenow,IL
Goodfield,IL
Goofy Ridge,IL
Goreville,IL
Gorham,IL
Grafton,IL
Grand Detour,IL
Grand Ridge,IL
Grand Tower,IL
Grandview,IL
Grandwood Park,IL
Granite City,IL
Grant Park,IL
Grantfork,IL
Granville,IL
Grayslake,IL
Grayville,IL
Green Oaks,IL
Green Valley,IL
Greenfield,IL
Greenup,IL
Greenview,IL
Greenville,IL
Greenwood,IL
Gridley,IL
Griggsville,IL
Gurnee,IL
Hainesville,IL
Hamburg,IL
Hamel,IL
Hamilton,IL
Hamlet,IL
Hammond,IL
Hampshire,IL
Hampton,IL
Hanaford,IL
Hanna City,IL
Hanover,IL
Hanover Park,IL
Hardin,IL
Harding,IL
Harmon,IL
Harmony,IL
Harrisburg,IL
Harrison,IL
Harristown,IL
Hartford,IL
Hartland,IL
Hartsburg,IL
Harvard,IL
Harvel,IL
Harvey,IL
Harwood Heights,IL
Havana,IL
Hawthorn Woods,IL
Hazel Crest,IL
Hebron,IL
Hecker,IL
Henderson,IL
Hennepin,IL
Henning,IL
Henry,IL
Heritage Lake,IL
Herrick,IL
Herrin,IL
Herscher,IL
Hettick,IL
Heyworth,IL
Hickory Hills,IL
Hidalgo,IL
Highland,IL
Highland Park,IL
Highwood,IL
Hillcrest,IL
Hillsboro,IL
Hillsdale,IL
Hillside,IL
Hillview,IL
Hinckley,IL
Hindsboro,IL
Hinsdale,IL
Hodgkins,IL
Hoffman,IL
Hoffman Estates,IL
Holcomb,IL
Holiday Hills,IL
Holiday Shores,IL
Hollowayville,IL
Homer,IL
Homer Glen,IL
Hometown,IL
Homewood,IL
Hoopeston,IL
Hooppole,IL
Hopedale,IL
Hopewell,IL
Hopkins Park,IL
Hoyleton,IL
Hudson,IL
Huey,IL
Hull,IL
Humboldt,IL
Hume,IL
Huntley,IL
Hurst,IL
Hutsonville,IL
Illinois City,IL
Illiopolis,IL
Ina,IL
Indian Creek,IL
Indian Head Park,IL
Indianola,IL
Industry,IL
Ingalls Park,IL
Inverness,IL
Iola,IL
Ipava,IL
Iroquois,IL
Irving,IL
Irvington,IL
Irwin,IL
Island Lake,IL
Itasca,IL
Iuka,IL
Ivesdale,IL
Jacksonville,IL
Janesville,IL
Jeffersonville,IL
Jeisyville,IL
Jerome,IL
Jerseyville,IL
Jewett,IL
Johnsburg,IL
Johnsonville,IL
Johnston City,IL
Joliet,IL
Jonesboro,IL
Joppa,IL
Joslin,IL
Joy,IL
Junction,IL
Junction City,IL
Justice,IL
Kampsville,IL
Kane,IL
Kaneville,IL
Kangley,IL
Kankakee,IL
Kansas,IL
Kappa,IL
Karnak,IL
Kaskaskia,IL
Keenes,IL
Keensburg,IL
Keithsburg,IL
Kell,IL
Kempton,IL
Kenilworth,IL
Kenney,IL
Kewanee,IL
Keyesport,IL
Kilbourne,IL
Kildeer,IL
Kincaid,IL
Kinderhook,IL
Kings,IL
Kingston,IL
Kingston Mines,IL
Kinmundy,IL
Kinsman,IL
Kirkland,IL
Kirkwood,IL
Knollwood,IL
Knoxville,IL
La Clede,IL
La Fayette,IL
La Grange,IL
La Grange Park,IL
La Harpe,IL
La Moille,IL
La Prairie,IL
La Rose,IL
LaPlace,IL
LaSalle,IL
Lacon,IL
Ladd,IL
Lake Barrington,IL
Lake Bluff,IL
Lake Camelot,IL
Lake Carroll,IL
Lake Catherine,IL
Lake City,IL
Lake Forest,IL
Lake Holiday,IL
Lake Ka-Ho,IL
Lake Petersburg,IL
Lake Summerset,IL
Lake Villa,IL
Lake Zurich,IL
Lake in the Hills,IL
Lake of the Woods,IL
Lakemoor,IL
Lakewood,IL
Lakewood Shores,IL
Lanark,IL
Lane,IL
Langleyville,IL
Lansing,IL
Latham,IL
Lawrence,IL
Lawrenceville,IL
Le Roy,IL
Leaf River,IL
Lebanon,IL
Lee,IL
Lee Center,IL
Leland,IL
Leland Grove,IL
Lemont,IL
Lena,IL
Lenzburg,IL
Leonore,IL
Lerna,IL
Lewistown,IL
Lexington,IL
Liberty,IL
Libertyville,IL
Lily Lake,IL
Lima,IL
Limestone,IL
Lincoln,IL
Lincolnshire,IL
Lincolnwood,IL
Lindenhurst,IL
Lisbon,IL
Lisle,IL
Litchfield,IL
Literberry,IL
Little York,IL
Littleton,IL
Liverpool,IL
Livingston,IL
Loami,IL
Lockport,IL
Lockport Heights,IL
Loda,IL
Lomax,IL
Lombard,IL
London Mills,IL
Long Creek,IL
Long Grove,IL
Long Lake,IL
Long Point,IL
Longview,IL
Loraine,IL
Lorenzo,IL
Lost Nation,IL
Lostant,IL
Louisville,IL
Loves Park,IL
Lovington,IL
Lowpoint,IL
Ludlow,IL
Lyndon,IL
Lynn Center,IL
Lynnville,IL
Lynwood,IL
Lyons,IL
Macedonia,IL
Machesney Park,IL
Mackinaw,IL
Macomb,IL
Macon,IL
Madison,IL
Maeystown,IL
Magnolia,IL
Mahomet,IL
Makanda,IL
Malden,IL
Malta,IL
Manchester,IL
Manhattan,IL
Manito,IL
Manlius,IL
Mansfield,IL
Manteno,IL
Maple Park,IL
Mapleton,IL
Maquon,IL
Marcelline,IL
Marengo,IL
Marietta,IL
Marine,IL
Marion,IL
Marissa,IL
Mark,IL
Markham,IL
Marley,IL
Maroa,IL
Marquette Heights,IL
Marseilles,IL
Marshall,IL
Martinsville,IL
Martinton,IL
Maryville,IL
Mascoutah,IL
Mason,IL
Mason City,IL
Matherville,IL
Matteson,IL
Mattoon,IL
Maunie,IL
Maywood,IL
Mazon,IL
McClure,IL
McCook,IL
McCullom Lake,IL
McHenry,IL
McLean,IL
McLeansboro,IL
McNabb,IL
Mechanicsburg,IL
Media,IL
Medora,IL
Melrose Park,IL
Melvin,IL
Mendon,IL
Mendota,IL
Menominee,IL
Meredosia,IL
Merrionette Park,IL
Merritt,IL
Metamora,IL
Metcalf,IL
Metropolis,IL
Mettawa,IL
Meyer,IL
Middletown,IL
Midlothian,IL
Milan,IL
Milford,IL
Mill Creek,IL
Mill Shoals,IL
Millbrook,IL
Milledgeville,IL
Millersburg,IL
Millington,IL
Millstadt,IL
Milton,IL
Mineral,IL
Minier,IL
Minonk,IL
Minooka,IL
Mitchell,IL
Modesto,IL
Mokena,IL
Moline,IL
Momence,IL
Monee,IL
Monmouth,IL
Monroe Center,IL
Montgomery,IL
Monticello,IL
Montrose,IL
Moro,IL
Morris,IL
Morrison,IL
Morrisonville,IL
Morton,IL
Morton Grove,IL
Mossville,IL
Mound City,IL
Mound Station,IL
Mounds,IL
Mount Auburn,IL
Mount Carmel,IL
Mount Carroll,IL
Mount Clare,IL
Mount Erie,IL
Mount Morris,IL
Mount Olive,IL
Mount Prospect,IL
Mount Pulaski,IL
Mount Sterling,IL
Mount Vernon,IL
Mount Zion,IL
Moweaqua,IL
Muddy,IL
Mulberry Grove,IL
Mulkeytown,IL
Muncie,IL
Mundelein,IL
Murphysboro,IL
Murrayville,IL
Nachusa,IL
Naperville,IL
Naplate,IL
Naples,IL
Nashville,IL
Nason,IL
Nauvoo,IL
Nebo,IL
Nekoma,IL
Nelson,IL
Neoga,IL
Neponset,IL
New Athens,IL
New Baden,IL
New Bedford,IL
New Berlin,IL
New Boston,IL
New Burnside,IL
New Canton,IL
New Douglas,IL
New Grand Chain,IL
New Haven,IL
New Holland,IL
New Lenox,IL
New Milford,IL
New Minden,IL
New Salem,IL
Newark,IL
Newman,IL
Newton,IL
Niantic,IL
Niles,IL
Nilwood,IL
Niota,IL
Noble,IL
Nokomis,IL
Nora,IL
Normal,IL
Norridge,IL
Norris,IL
Norris City,IL
North Aurora,IL
North Barrington,IL
North Chicago,IL
North City,IL
North Henderson,IL
North Pekin,IL
North Riverside,IL
North Utica,IL
Northbrook,IL
Northfield,IL
Northlake,IL
Norwood,IL
O'Fallon,IL
Oak Brook,IL
Oak Forest,IL
Oak Grove,IL
Oak Lawn,IL
Oak Park,IL
Oak Run,IL
Oakbrook Terrace,IL
Oakdale,IL
Oakford,IL
Oakland,IL
Oakwood,IL
Oakwood Hills,IL
Oblong,IL
Oconee,IL
Odell,IL
Odin,IL
Ogden,IL
Oglesby,IL
Ohio,IL
Ohlman,IL
Okawville,IL
Old Mill Creek,IL
Old Ripley,IL
Old Shawneetown,IL
Olive Branch,IL
Olivet,IL
Olmsted,IL
Olney,IL
Olympia Fields,IL
Omaha,IL
Onarga,IL
Oneida,IL
Opdyke,IL
Ophiem,IL
Oquawka,IL
Orangeville,IL
Oreana,IL
Oregon,IL
Orient,IL
Orion,IL
Orland Hills,IL
Orland Park,IL
Osco,IL
Oswego,IL
Ottawa,IL
Otterville,IL
Owaneco,IL
Oxville,IL
Paderborn,IL
Palatine,IL
Palestine,IL
Palmer,IL
Palmyra,IL
Paloma,IL
Palos Heights,IL
Palos Hills,IL
Palos Park,IL
Pana,IL
Panama,IL
Panola,IL
Papineau,IL
Paris,IL
Park City,IL
Park Forest,IL
Park Ridge,IL
Parkersburg,IL
Patoka,IL
Paw Paw,IL
Pawnee,IL
Paxton,IL
Payson,IL
Pearl,IL
Pearl City,IL
Pecatonica,IL
Pekin,IL
Penfield,IL
Peoria,IL
Peoria Heights,IL
Peotone,IL
Percy,IL
Perry,IL
Peru,IL
Pesotum,IL
Petersburg,IL
Phillipstown,IL
Philo,IL
Phoenix,IL
Pierron,IL
Pinckneyville,IL
Pingree Grove,IL
Piper City,IL
Pistakee Highlands,IL
Pittsburg,IL
Pittsfield,IL
Plainfield,IL
Plainville,IL
Plano,IL
Plattville,IL
Pleasant Hill,IL
Pleasant Plains,IL
Plum Valley,IL
Plymouth,IL
Pocahontas,IL
Polo,IL
Pontiac,IL
Pontoon Beach,IL
Pontoosuc,IL
Poplar Grove,IL
Port Barrington,IL
Port Byron,IL
Posen,IL
Potomac,IL
Prairie City,IL
Prairie Grove,IL
Prairie du Rocher,IL
Prairietown,IL
Preemption,IL
Prestbury,IL
Preston Heights,IL
Princeton,IL
Princeville,IL
Prophetstown,IL
Prospect Heights,IL
Pulaski,IL
Quincy,IL
Radom,IL
Raleigh,IL
Ramsey,IL
Rankin,IL
Ransom,IL
Rantoul,IL
Rapids City,IL
Raritan,IL
Raymond,IL
Red Bud,IL
Reddick,IL
Redmon,IL
Rentchler,IL
Rest Haven,IL
Reynolds,IL
Richfield,IL
Richmond,IL
Richton Park,IL
Richview,IL
Ridge Farm,IL
Ridgefield,IL
Ridgewood,IL
Ridgway,IL
Ridott,IL
Riggston,IL
Riley,IL
Ringwood,IL
Rio,IL
Ripley,IL
Ritchie,IL
River Forest,IL
River Grove,IL
Riverdale,IL
Riverside,IL
Riverton,IL
Riverwoods,IL
Roanoke,IL
Robbins,IL
Roberts,IL
Robinson,IL
Rochelle,IL
Rochester,IL
Rock City,IL
Rock Falls,IL
Rock Island,IL
Rock Island Arsenal,IL
Rockbridge,IL
Rockdale,IL
Rockford,IL
Rockport,IL
Rockton,IL
Rockwood,IL
Rolling Meadows,IL
Rome,IL
Romeoville,IL
Roodhouse,IL
Roscoe,IL
Rose Hill,IL
Roselle,IL
Rosemont,IL
Roseville,IL
Rosewood Heights,IL
Rosiclare,IL
Rossville,IL
Round Lake,IL
Round Lake Beach,IL
Round Lake Heights,IL
Round Lake Park,IL
Roxana,IL
Royal,IL
Royal Lakes,IL
Royalton,IL
Ruma,IL
Rushville,IL
Russellville,IL
Rutland,IL
Sadorus,IL
Sailor Springs,IL
Salem,IL
Sammons Point,IL
San Jose,IL
Sandoval,IL
Sandwich,IL
Sauget,IL
Sauk Village,IL
Saunemin,IL
Savanna,IL
Savoy,IL
Sawyerville,IL
Saybrook,IL
Scales Mound,IL
Schaumburg,IL
Schiller Park,IL
Schram City,IL
Sciota,IL
Scott AFB,IL
Scottville,IL
Seaton,IL
Seatonville,IL
Secor,IL
Seneca,IL
Serena,IL
Sesser,IL
Seymour,IL
Shabbona,IL
Shannon,IL
Shawneetown,IL
Sheffield,IL
Shelbyville,IL
Sheldon,IL
Sheridan,IL
Sherman,IL
Sherrard,IL
Shiloh,IL
Shipman,IL
Shirley,IL
Shorewood,IL
Shumway,IL
Sibley,IL
Sidell,IL
Sidney,IL
Sigel,IL
Silvis,IL
Simpson,IL
Sims,IL
Skokie,IL
Sleepy Hollow,IL
Smithboro,IL
Smithfield,IL
Smithton,IL
Smithville,IL
Solon Mills,IL
Somonauk,IL
Sorento,IL
South Barrington,IL
South Beloit,IL
South Chicago Heights,IL
South Elgin,IL
South Holland,IL
South Jacksonville,IL
South Pekin,IL
South Roxana,IL
South Wilmington,IL
Southern View,IL
Sparland,IL
Sparta,IL
Spaulding,IL
Spillertown,IL
Spring Bay,IL
Spring Grove,IL
Spring Valley,IL
Springerton,IL
Springfield,IL
St. Anne,IL
St. Augustine,IL
St. Charles,IL
St. David,IL
St. Elmo,IL
St. Francisville,IL
St. Jacob,IL
St. Johns,IL
St. Joseph,IL
St. Libory,IL
St. Peter,IL
St. Rose,IL
Standard,IL
Standard City,IL
Stanford,IL
Staunton,IL
Ste. Marie,IL
Steeleville,IL
Steger,IL
Sterling,IL
Steward,IL
Stewardson,IL
Stickney,IL
Stillman Valley,IL
Stockton,IL
Stone Park,IL
Stonefort,IL
Stonington,IL
Stoy,IL
Strasburg,IL
Strawn,IL
Streamwood,IL
Streator,IL
Stronghurst,IL
Sublette,IL
Sugar Grove,IL
Sullivan,IL
Summerfield,IL
Summit,IL
Sumner,IL
Sun River Terrace,IL
Sunnyland,IL
Swansea,IL
Swedona,IL
Sycamore,IL
Symerton,IL
Table Grove,IL
Tallula,IL
Tamaroa,IL
Tamms,IL
Tampico,IL
Taylor Ridge,IL
Taylor Springs,IL
Taylorville,IL
Tennessee,IL
Teutopolis,IL
Thawville,IL
Thayer,IL
The Galena Territory,IL
Thebes,IL
Third Lake,IL
Thomasboro,IL
Thompsonville,IL
Thomson,IL
Thornton,IL
Tilden,IL
Tilton,IL
Timberlane,IL
Time,IL
Tinley Park,IL
Tiskilwa,IL
Toledo,IL
Tolono,IL
Toluca,IL
Tonica,IL
Topeka,IL
Toulon,IL
Tovey,IL
Towanda,IL
Tower Hill,IL
Tower Lakes,IL
Tremont,IL
Trenton,IL
Trilla,IL
Triumph,IL
Trivoli,IL
Trout Valley,IL
Troy,IL
Troy Grove,IL
Tuscola,IL
Twin Grove,IL
Ullin,IL
Union,IL
Union Hill,IL
Unity,IL
University Park,IL
Urbana,IL
Ursa,IL
Valier,IL
Valley City,IL
Valmeyer,IL
Vandalia,IL
Varna,IL
Venedy,IL
Venetian Village,IL
Venice,IL
Vergennes,IL
Vermilion,IL
Vermont,IL
Vernon,IL
Vernon Hills,IL
Verona,IL
Versailles,IL
Victoria,IL
Vienna,IL
Villa Grove,IL
Villa Park,IL
Viola,IL
Virden,IL
Virgil,IL
Virginia,IL
Volo,IL
Wadsworth,IL
Waggoner,IL
Walnut,IL
Walnut Hill,IL
Walshville,IL
Waltonville,IL
Wamac,IL
Wapella,IL
Warren,IL
Warrensburg,IL
Warrenville,IL
Warsaw,IL
Washburn,IL
Washington,IL
Washington Park,IL
Wataga,IL
Waterloo,IL
Waterman,IL
Watseka,IL
Watson,IL
Wauconda,IL
Waukegan,IL
Waverly,IL
Wayne,IL
Wayne City,IL
Waynesville,IL
Wedron,IL
Weldon,IL
Wellington,IL
Wenona,IL
Wenonah,IL
West Brooklyn,IL
West Chicago,IL
West City,IL
West Dundee,IL
West Frankfort,IL
West Liberty,IL
West Peoria,IL
West Point,IL
West Salem,IL
West Union,IL
West York,IL
Westchester,IL
Western Springs,IL
Westervelt,IL
Westfield,IL
Westlake Village,IL
Westmont,IL
Westville,IL
Wheaton,IL
Wheeler,IL
Wheeling,IL
White City,IL
White Hall,IL
White Heath,IL
Whiteash,IL
Williamsfield,IL
Williamson,IL
Williamsville,IL
Willisville,IL
Willow Hill,IL
Willow Lake,IL
Willow Springs,IL
Willowbrook,IL
Wilmette,IL
Wilmington,IL
Wilsonville,IL
Wilton Center,IL
Winchester,IL
Windsor,IL
Winfield,IL
Winnebago,IL
Winnetka,IL
Winslow,IL
Winthrop Harbor,IL
Witt,IL
Wonder Lake,IL
Wood Dale,IL
Wood River,IL
Woodhull,IL
Woodland,IL
Woodlawn,IL
Woodridge,IL
Woodson,IL
Woodstock,IL
Worden,IL
Worth,IL
Wyanet,IL
Wyoming,IL
Xenia,IL
Yale,IL
Yates City,IL
Yorkville,IL
Zeigler,IL
Zion,IL
Aberdeen,IN
Abington,IN
Adams,IN
Adams Lake,IN
Advance,IN
Akron,IN
Alamo,IN
Albany,IN
Albion,IN
Alexandria,IN
Alford,IN
Alfordsville,IN
Alton,IN
Altona,IN
Ambia,IN
Amboy,IN
Americus,IN
Amity,IN
Amo,IN
Anderson,IN
Andersonville,IN
Andrews,IN
Angola,IN
Anoka,IN
Antioch,IN
Arcadia,IN
Arcola,IN
Ardmore,IN
Argos,IN
Arlington,IN
Arthur,IN
Ashley,IN
Atlanta,IN
Attica,IN
Auburn,IN
Aurora,IN
Austin,IN
Avilla,IN
Avoca,IN
Avon,IN
Azalia,IN
Bainbridge,IN
Barbee,IN
Bargersville,IN
Bass Lake,IN
Batesville,IN
Battle Ground,IN
Bear Lake,IN
Beaver Dam,IN
Bedford,IN
Beech Grove,IN
Belleville,IN
Bennetts Switch,IN
Benton,IN
Berne,IN
Bethany,IN
Bethel Village,IN
Beverly Shores,IN
Bicknell,IN
Big Lake,IN
Billtown,IN
Bippus,IN
Birdseye,IN
Blairsville,IN
Blanford,IN
Blocher,IN
Bloomfield,IN
Blooming Grove,IN
Bloomingdale,IN
Bloomington,IN
Blountsville,IN
Blue Ridge,IN
Bluffton,IN
Boggstown,IN
Boone Grove,IN
Boonville,IN
Borden,IN
Boston,IN
Boswell,IN
Bourbon,IN
Bowling Green,IN
Boxley,IN
Brazil,IN
Bremen,IN
Bretzville,IN
Bridgeton,IN
Bright,IN
Brimfield,IN
Bringhurst,IN
Bristol,IN
Brook,IN
Brooklyn,IN
Brooksburg,IN
Brookston,IN
Brookville,IN
Browns Crossing,IN
Brownsburg,IN
Brownstown,IN
Brownsville,IN
Bruceville,IN
Bryant,IN
Buck Creek,IN
Buckskin,IN
Buffalo,IN
Bunker Hill,IN
Burket,IN
Burlington,IN
Burnett,IN
Burnettsville,IN
Burney,IN
Burns City,IN
Burns Harbor,IN
Burrows,IN
Butler,IN
Butlerville,IN
Cadiz,IN
Cambridge City,IN
Camden,IN
Campbellsburg,IN
Canaan,IN
Cannelburg,IN
Cannelton,IN
Canton,IN
Carbon,IN
Carlisle,IN
Carmel,IN
Carrollton,IN
Cartersburg,IN
Carthage,IN
Cass,IN
Cassville,IN
Cates,IN
Cayuga,IN
Cedar Grove,IN
Cedar Lake,IN
Celestine,IN
Centenary,IN
Center,IN
Center Point,IN
Centerton,IN
Centerville,IN
Chain-O-Lakes,IN
Chalmers,IN
Chandler,IN
Charlestown,IN
Charlottesville,IN
Chesterfield,IN
Chesterton,IN
Chili,IN
Chrisney,IN
Churubusco,IN
Cicero,IN
Clarks Hill,IN
Clarksburg,IN
Clarksville,IN
Clay City,IN
Claypool,IN
Clayton,IN
Clear Lake,IN
Clermont,IN
Clifford,IN
Clinton,IN
Cloverdale,IN
Cloverland,IN
Coal City,IN
Coalmont,IN
Coatesville,IN
Coesse,IN
Colburn,IN
Colfax,IN
Columbia City,IN
Columbus,IN
Commiskey,IN
Connersville,IN
Converse,IN
Cordry Sweetwater Lakes,IN
Cortland,IN
Corunna,IN
Cory,IN
Corydon,IN
Country Club Heights,IN
Country Squire Lakes,IN
Covington,IN
Cowan,IN
Craigville,IN
Crandall,IN
Crane,IN
Crawfordsville,IN
Cree Lake,IN
Cromwell,IN
Cross Plains,IN
Crothersville,IN
Crown Point,IN
Crows Nest,IN
Culver,IN
Cumberland,IN
Cutler,IN
Cynthiana,IN
Dale,IN
Daleville,IN
Dana,IN
Danville,IN
Darlington,IN
Darmstadt,IN
Dayton,IN
De Motte,IN
Decatur,IN
Decker,IN
Deer Creek,IN
Delaware,IN
Delphi,IN
Denver,IN
Depauw,IN
Deputy,IN
Dillsboro,IN
Donaldson,IN
Dover Hill,IN
Dresser,IN
Dublin,IN
Dubois,IN
Dugger,IN
Dune Acres,IN
Duneland Beach,IN
Dunkirk,IN
Dunlap,IN
Dunreith,IN
Dupont,IN
Dyer,IN
Earl Park,IN
East Chicago,IN
East Enterprise,IN
East Germantown,IN
East Oolitic,IN
Eaton,IN
Eckerty,IN
Economy,IN
Eden,IN
Edgewood,IN
Edinburgh,IN
Edwardsport,IN
Elberfeld,IN
Elizabeth,IN
Elizabethtown,IN
Elizaville,IN
Elkhart,IN
Ellettsville,IN
Elnora,IN
Elrod,IN
Elwood,IN
Eminence,IN
Emison,IN
Enchanted Hills,IN
English,IN
Etna Green,IN
Eugene,IN
Evansville,IN
Everton,IN
Fair Oaks,IN
Fairbanks,IN
Fairland,IN
Fairmount,IN
Fairview,IN
Fairview Park,IN
Farmersburg,IN
Farmland,IN
Ferdinand,IN
Fillmore,IN
Fish Lake,IN
Fishers,IN
Fishersburg,IN
Flat Rock,IN
Flora,IN
Florence,IN
Floyds Knobs,IN
Folsomville,IN
Fontanet,IN
Forest,IN
Fort Branch,IN
Fort Wayne,IN
Fortville,IN
Foster,IN
Fountain City,IN
Fountaintown,IN
Fowler,IN
Fowlerton,IN
Foxcliff Estates,IN
Francesville,IN
Francisco,IN
Frankfort,IN
Franklin,IN
Frankton,IN
Fredericksburg,IN
Freelandville,IN
Freetown,IN
Fremont,IN
French Lick,IN
Fulton,IN
Galena,IN
Galveston,IN
Garrett,IN
Gary,IN
Gas City,IN
Gaston,IN
Geneva,IN
Gentryville,IN
Georgetown,IN
Gilmer Park,IN
Glenwood,IN
Glezen,IN
Goldsmith,IN
Goodland,IN
Goshen,IN
Gosport,IN
Grabill,IN
Grammer,IN
Grandview,IN
Grandview Lake,IN
Granger,IN
Grantsburg,IN
Grayford,IN
Graysville,IN
Green Hill,IN
Greencastle,IN
Greendale,IN
Greenfield,IN
Greens Fork,IN
Greensboro,IN
Greensburg,IN
Greentown,IN
Greenville,IN
Greenwood,IN
Griffin,IN
Griffith,IN
Grissom AFB,IN
Groveland,IN
Grovertown,IN
Gwynneville,IN
Hagerstown,IN
Hamburg,IN
Hamilton,IN
Hamlet,IN
Hammond,IN
Hanna,IN
Hanover,IN
Hardinsburg,IN
Harlan,IN
Harmony,IN
Harrison Lake,IN
Harrodsburg,IN
Hartford City,IN
Hartsville,IN
Hartz Lake,IN
Hashtown,IN
Hatfield,IN
Haubstadt,IN
Hayden,IN
Haysville,IN
Hazleton,IN
Hebron,IN
Hedrick,IN
Helmer,IN
Helmsburg,IN
Heltonville,IN
Hemlock,IN
Henryville,IN
Herbst,IN
Heritage Lake,IN
Hessen Cassel,IN
Hidden Valley,IN
Highland,IN
Hillisburg,IN
Hillsboro,IN
Hillsdale,IN
Hoagland,IN
Hobart,IN
Hobbs,IN
Hoffman Lake,IN
Holiday Woods,IN
Holland,IN
Holton,IN
Homecroft,IN
Homer,IN
Hope,IN
Hortonville,IN
Howe,IN
Hudson,IN
Hudson Lake,IN
Huntertown,IN
Huntingburg,IN
Huntington,IN
Huron,IN
Hymera,IN
Idaville,IN
Independence,IN
Indian Village,IN
Indianapolis,IN
Ingalls,IN
Ireland,IN
Jalapa,IN
Jamestown,IN
Jasonville,IN
Jasper,IN
Jefferson,IN
Jeffersonville,IN
Jerome,IN
Jimmerson Lake,IN
Johnson,IN
Jonesboro,IN
Jonesville,IN
Judah,IN
Judson,IN
Judyville,IN
Kempton,IN
Kendallville,IN
Kennard,IN
Kent,IN
Kentland,IN
Kewanna,IN
Keystone,IN
Kimmell,IN
Kingman,IN
Kingsbury,IN
Kingsford Heights,IN
Kirklin,IN
Knightstown,IN
Knightsville,IN
Knox,IN
Kokomo,IN
Koontz Lake,IN
Kouts,IN
Kramer,IN
La Crosse,IN
La Fontaine,IN
La Paz,IN
La Porte,IN
Laconia,IN
Ladoga,IN
Lafayette,IN
Lagrange,IN
Lagro,IN
Lake Bruce,IN
Lake Cicott,IN
Lake Dalecarlia,IN
Lake Eliza,IN
Lake Everett,IN
Lake Holiday,IN
Lake Holiday Hideaway,IN
Lake Santee,IN
Lake Station,IN
Lake View,IN
Lake Village,IN
Lake of the Woods,IN
Lakes of the Four Seasons,IN
Lakeshore Resort,IN
Laketon,IN
Lakeville,IN
Lakewood,IN
Lamb,IN
Landess,IN
Lanesville,IN
Laotto,IN
Lapel,IN
Larwill,IN
Laud,IN
Laurel,IN
Lawrence,IN
Lawrenceburg,IN
Lawrenceport,IN
Leavenworth,IN
Lebanon,IN
Leesburg,IN
Leiters Ford,IN
Leo-Cedarville,IN
Leopold,IN
Letts,IN
Lewis,IN
Lewisville,IN
Liberty,IN
Liberty Center,IN
Liberty Mills,IN
Libertyville,IN
Ligonier,IN
Lincoln,IN
Linden,IN
Linn Grove,IN
Linnsburg,IN
Linton,IN
Little York,IN
Livonia,IN
Lizton,IN
Logansport,IN
London,IN
Long Beach,IN
Loogootee,IN
Losantville,IN
Lowell,IN
Lucerne,IN
Lyford,IN
Lynn,IN
Lynnville,IN
Lyons,IN
Mace,IN
Mackey,IN
Macy,IN
Madison,IN
Malden,IN
Manilla,IN
Maples,IN
Marengo,IN
Mariah Hill,IN
Marietta,IN
Marion,IN
Markle,IN
Markleville,IN
Marshall,IN
Marshfield,IN
Martinsburg,IN
Martinsville,IN
Matthews,IN
Mauckport,IN
Maxwell,IN
Mays,IN
McCordsville,IN
Mecca,IN
Medaryville,IN
Medora,IN
Mellott,IN
Melody Hill,IN
Memphis,IN
Mentone,IN
Meridian Hills,IN
Merom,IN
Merriam,IN
Merrillville,IN
Metamora,IN
Metz,IN
Mexico,IN
Miami,IN
Michiana Shores,IN
Michigan City,IN
Michigantown,IN
Middlebury,IN
Middletown,IN
Midland,IN
Mier,IN
Milan,IN
Milford,IN
Millersburg,IN
Millgrove,IN
Millhousen,IN
Milltown,IN
Millville,IN
Milroy,IN
Milton,IN
Mineral Springs,IN
Mishawaka,IN
Mitchell,IN
Modoc,IN
Mongo,IN
Monon,IN
Monroe,IN
Monroe City,IN
Monroeville,IN
Monrovia,IN
Monterey,IN
Montezuma,IN
Montgomery,IN
Monticello,IN
Montmorenci,IN
Montpelier,IN
Mooreland,IN
Moores Hill,IN
Mooresville,IN
Morgantown,IN
Morocco,IN
Morris,IN
Morristown,IN
Mount Auburn,IN
Mount Ayr,IN
Mount Carmel,IN
Mount Etna,IN
Mount Summit,IN
Mount Vernon,IN
Mulberry,IN
Muncie,IN
Munster,IN
Napoleon,IN
Nappanee,IN
Nashville,IN
Needham,IN
Needmore,IN
New Albany,IN
New Amsterdam,IN
New Carlisle,IN
New Castle,IN
New Chicago,IN
New Goshen,IN
New Harmony,IN
New Haven,IN
New Lebanon,IN
New Lisbon,IN
New London,IN
New Marion,IN
New Market,IN
New Middletown,IN
New Palestine,IN
New Paris,IN
New Pekin,IN
New Point,IN
New Richmond,IN
New Ross,IN
New Salisbury,IN
New Trenton,IN
New Washington,IN
New Whiteland,IN
Newbern,IN
Newberry,IN
Newburgh,IN
Newport,IN
Newtonville,IN
Newtown,IN
Nineveh,IN
Noblesville,IN
North Crows Nest,IN
North Grove,IN
North Judson,IN
North Liberty,IN
North Manchester,IN
North Salem,IN
North Terre Haute,IN
North Vernon,IN
North Webster,IN
Norway,IN
Notre Dame,IN
Nyona Lake,IN
Oakland City,IN
Oaktown,IN
Oakville,IN
Odon,IN
Ogden Dunes,IN
Oldenburg,IN
Ontario,IN
Onward,IN
Oolitic,IN
Ora,IN
Orestes,IN
Orland,IN
Orleans,IN
Osceola,IN
Osgood,IN
Ossian,IN
Oswego,IN
Otisco,IN
Otter Lake,IN
Otterbein,IN
Otwell,IN
Owensburg,IN
Owensville,IN
Oxford,IN
Painted Hills,IN
Palestine,IN
Palmyra,IN
Paoli,IN
Paragon,IN
Paris Crossing,IN
Parker City,IN
Parkers Settlement,IN
Patoka,IN
Patricksburg,IN
Patriot,IN
Paxton,IN
Pence,IN
Pendleton,IN
Penntown,IN
Pennville,IN
Peppertown,IN
Perkinsville,IN
Perrysville,IN
Peru,IN
Petersburg,IN
Petersville,IN
Petroleum,IN
Philadelphia,IN
Pierceton,IN
Pierceville,IN
Pine Village,IN
Pittsboro,IN
Pittsburg,IN
Plainfield,IN
Plainville,IN
Pleasant Lake,IN
Pleasant Mills,IN
Pleasant View,IN
Pleasant View Village,IN
Pleasantville,IN
Plymouth,IN
Point Isabel,IN
Poland,IN
Poneto,IN
Portage,IN
Porter,IN
Portland,IN
Poseyville,IN
Pottawattamie Park,IN
Prairie Creek,IN
Prairieton,IN
Preble,IN
Prince's Lakes,IN
Princeton,IN
Prospect,IN
Pulaski,IN
Putnamville,IN
Raglesville,IN
Ragsdale,IN
Rainsville,IN
Ramsey,IN
Raub,IN
Reddington,IN
Redkey,IN
Remington,IN
Rensselaer,IN
Reo,IN
Reynolds,IN
Richland,IN
Richmond,IN
Ridgeville,IN
Riley,IN
Rising Sun,IN
River Forest,IN
Riverwood,IN
Roachdale,IN
Roann,IN
Roanoke,IN
Rob Roy,IN
Rochester,IN
Rockfield,IN
Rockford,IN
Rockport,IN
Rockville,IN
Rocky Ripple,IN
Roll,IN
Rolling Prairie,IN
Rome City,IN
Romney,IN
Rosedale,IN
Roseland,IN
Roselawn,IN
Rossville,IN
Royal Center,IN
Royerton,IN
Rushville,IN
Russellville,IN
Russiaville,IN
Saint Anthony,IN
Saint Omer,IN
Saint Wendel,IN
Salamonia,IN
Salem,IN
Saline City,IN
Salt Creek Commons,IN
Saltillo,IN
San Pierre,IN
Sandborn,IN
Sandusky,IN
Santa Claus,IN
Saratoga,IN
Sardinia,IN
Saugany Lake,IN
Schaefer Lake,IN
Schererville,IN
Schneider,IN
Schnellville,IN
Scipio,IN
Scircleville,IN
Scotland,IN
Scott,IN
Scottsburg,IN
Seelyville,IN
Sellersburg,IN
Selma,IN
Servia,IN
Seymour,IN
Shadeland,IN
Shamrock Lakes,IN
Sharpsville,IN
Shelburn,IN
Shelby,IN
Shelbyville,IN
Shepardsville,IN
Sheridan,IN
Shipshewana,IN
Shipshewana Lake,IN
Shirley,IN
Shoals,IN
Shorewood Forest,IN
Sidney,IN
Silver Lake,IN
Simonton Lake,IN
Sims,IN
Smithville-Sanders,IN
Snow Lake,IN
Solsberry,IN
Somerset,IN
Somerville,IN
South Bend,IN
South Center,IN
South Haven,IN
South Milford,IN
South Whitley,IN
Southport,IN
Spartanburg,IN
Speedway,IN
Spencer,IN
Spencerville,IN
Spiceland,IN
Spring Grove,IN
Spring Hill,IN
Spring Lake,IN
Springport,IN
Spurgeon,IN
St. Bernice,IN
St. Joe,IN
St. John,IN
St. Leon,IN
St. Mary of the Woods,IN
St. Meinrad,IN
St. Paul,IN
Stanford,IN
Star City,IN
State Line City,IN
Staunton,IN
Stendal,IN
Stewartsville,IN
Stilesville,IN
Stillwell,IN
Stinesville,IN
Stockwell,IN
Stone Bluff,IN
Straughn,IN
Stroh,IN
Sullivan,IN
Sulphur Springs,IN
Sumava Resorts,IN
Summitville,IN
Sunman,IN
Swayzee,IN
Sweetser,IN
Switz City,IN
Syracuse,IN
Tab,IN
Talma,IN
Taswell,IN
Taylorsville,IN
Tecumseh,IN
Teegarden,IN
Tell City,IN
Templeton,IN
Tennyson,IN
Terre Haute,IN
Thayer,IN
Thorntown,IN
Tippecanoe,IN
Tipton,IN
Toad Hop,IN
Tocsin,IN
Topeka,IN
Town of Pines,IN
Trafalgar,IN
Trail Creek,IN
Tri-Lakes,IN
Troy,IN
Tunnelton,IN
Twelve Mile,IN
Tyner,IN
Ulen,IN
Underwood,IN
Union City,IN
Union Mills,IN
Uniondale,IN
Universal,IN
Upland,IN
Urbana,IN
Utica,IN
Vallonia,IN
Valparaiso,IN
Van Bibber Lake,IN
Van Buren,IN
Veedersburg,IN
Velpen,IN
Vera Cruz,IN
Vernon,IN
Versailles,IN
Vevay,IN
Vicksburg,IN
Vincennes,IN
Vistula,IN
Wabash,IN
Wadesville,IN
Wakarusa,IN
Waldron,IN
Walesboro,IN
Walkerton,IN
Wall Lake,IN
Wallace,IN
Walton,IN
Wanatah,IN
Warren,IN
Warren Park,IN
Warrington,IN
Warsaw,IN
Washington,IN
Waterloo,IN
Waveland,IN
Waverly,IN
Wawaka,IN
Waynesville,IN
Waynetown,IN
Webster,IN
Wellsboro,IN
West Baden Springs,IN
West College Corner,IN
West Harrison,IN
West Lafayette,IN
West Lebanon,IN
West Middleton,IN
West Point,IN
West Terre Haute,IN
Westfield,IN
Westphalia,IN
Westport,IN
Westville,IN
Westwood,IN
Wheatfield,IN
Wheatland,IN
Wheeler,IN
Whiteland,IN
Whitestown,IN
Whitewater,IN
Whiting,IN
Wildwood,IN
Wilkinson,IN
Williams,IN
Williams Creek,IN
Williamsburg,IN
Williamsport,IN
Willow Branch,IN
Winamac,IN
Winchester,IN
Windfall City,IN
Windsor,IN
Winfield,IN
Wingate,IN
Winona Lake,IN
Winslow,IN
Wolcott,IN
Wolcottville,IN
Wolflake,IN
Woodburn,IN
Woodlawn Heights,IN
Wooster,IN
Worthington,IN
Wyatt,IN
Wynnedale,IN
Yeoman,IN
Yorktown,IN
Young America,IN
Zanesville,IN
Zionsville,IN
Abbyville,KS
Abilene,KS
Ada,KS
Admire,KS
Agenda,KS
Agra,KS
Albert,KS
Alden,KS
Alexander,KS
Allen,KS
Alma,KS
Almena,KS
Alta Vista,KS
Altamont,KS
Alton,KS
Altoona,KS
Americus,KS
Ames,KS
Andale,KS
Andover,KS
Anthony,KS
Arcadia,KS
Argonia,KS
Arkansas City,KS
Arlington,KS
Arma,KS
Asherville,KS
Ashland,KS
Assaria,KS
Atchison,KS
Athol,KS
Atlanta,KS
Attica,KS
Atwood,KS
Auburn,KS
Augusta,KS
Aurora,KS
Axtell,KS
Baileyville,KS
Bala,KS
Baldwin City,KS
Barnard,KS
Barnes,KS
Bartlett,KS
Basehor,KS
Bassett,KS
Bavaria,KS
Baxter Springs,KS
Bazine,KS
Beattie,KS
Beaumont,KS
Beaver,KS
Belle Plaine,KS
Belleville,KS
Beloit,KS
Belpre,KS
Belvue,KS
Bendena,KS
Benedict,KS
Bennington,KS
Bentley,KS
Benton,KS
Bern,KS
Beverly,KS
Big Bow,KS
Bird City,KS
Bison,KS
Blue Mound,KS
Blue Rapids,KS
Bluff City,KS
Bogue,KS
Bonner Springs,KS
Bremen,KS
Brewster,KS
Bridgeport,KS
Bronson,KS
Brookville,KS
Brownell,KS
Bucklin,KS
Bucyrus,KS
Buffalo,KS
Buhler,KS
Bunker Hill,KS
Burden,KS
Burdett,KS
Burdick,KS
Burlingame,KS
Burlington,KS
Burns,KS
Burr Oak,KS
Burrton,KS
Bushong,KS
Bushton,KS
Byers,KS
Caldwell,KS
Cambridge,KS
Caney,KS
Canton,KS
Carbondale,KS
Carlton,KS
Cassoday,KS
Catharine,KS
Cawker City,KS
Cedar,KS
Cedar Point,KS
Cedar Vale,KS
Centerville,KS
Centralia,KS
Centropolis,KS
Chanute,KS
Chapman,KS
Chase,KS
Chautauqua,KS
Cheney,KS
Cherokee,KS
Cherryvale,KS
Chetopa,KS
Chicopee,KS
Cimarron,KS
Circleville,KS
Claflin,KS
Clay Center,KS
Clayton,KS
Clearwater,KS
Clifton,KS
Climax,KS
Clyde,KS
Coats,KS
Codell,KS
Coffeyville,KS
Colby,KS
Coldwater,KS
Collyer,KS
Colony,KS
Columbus,KS
Colwich,KS
Concordia,KS
Conway Springs,KS
Coolidge,KS
Copeland,KS
Corning,KS
Cottonwood Falls,KS
Council Grove,KS
Courtland,KS
Coyville,KS
Crestline,KS
Croweburg,KS
Cuba,KS
Cullison,KS
Culver,KS
Cunningham,KS
Damar,KS
Danville,KS
De Soto,KS
Dearing,KS
Deerfield,KS
Delia,KS
Delphos,KS
Denison,KS
Dennis,KS
Denton,KS
Derby,KS
Detroit,KS
Devon,KS
Dexter,KS
Dighton,KS
Dodge City,KS
Dorrance,KS
Douglass,KS
Downs,KS
Dresden,KS
Dunlap,KS
Durham,KS
Dwight,KS
Earlton,KS
Eastborough,KS
Easton,KS
Eastshore,KS
Edgerton,KS
Edmond,KS
Edna,KS
Edson,KS
Edwardsville,KS
Effingham,KS
El Dorado,KS
Elbing,KS
Elgin,KS
Elk City,KS
Elk Falls,KS
Elkhart,KS
Ellinwood,KS
Ellis,KS
Ellsworth,KS
Elmdale,KS
Elsmore,KS
Elwood,KS
Elyria,KS
Emmett,KS
Emporia,KS
Englewood,KS
Ensign,KS
Enterprise,KS
Erie,KS
Esbon,KS
Eskridge,KS
Eudora,KS
Eureka,KS
Everest,KS
Fairview,KS
Fairway,KS
Fall River,KS
Falun,KS
Farlington,KS
Florence,KS
Fontana,KS
Ford,KS
Formoso,KS
Fort Dodge,KS
Fort Riley,KS
Fort Scott,KS
Fowler,KS
Frankfort,KS
Franklin,KS
Frederick,KS
Fredonia,KS
Frontenac,KS
Fulton,KS
Furley,KS
Galatia,KS
Galena,KS
Galesburg,KS
Galva,KS
Garden City,KS
Garden Plain,KS
Gardner,KS
Garfield,KS
Garland,KS
Garnett,KS
Gas,KS
Gaylord,KS
Gem,KS
Geneseo,KS
Geuda Springs,KS
Girard,KS
Glade,KS
Glasco,KS
Glen Elder,KS
Goddard,KS
Goessel,KS
Goff,KS
Goodland,KS
Gorham,KS
Gove City,KS
Grainfield,KS
Grandview Plaza,KS
Grantville,KS
Great Bend,KS
Greeley,KS
Green,KS
Greenleaf,KS
Greensburg,KS
Greenwich,KS
Grenola,KS
Gridley,KS
Grinnell,KS
Gypsum,KS
Haddam,KS
Hallowell,KS
Halstead,KS
Hamilton,KS
Hamlin,KS
Hanover,KS
Hanston,KS
Hardtner,KS
Harper,KS
Harris,KS
Hartford,KS
Harveyville,KS
Havana,KS
Haven,KS
Havensville,KS
Haviland,KS
Hays,KS
Haysville,KS
Hazelton,KS
Healy,KS
Hepler,KS
Herington,KS
Herkimer,KS
Herndon,KS
Hesston,KS
Hiawatha,KS
Highland,KS
Hill City,KS
Hillsboro,KS
Hillsdale,KS
Hoisington,KS
Holcomb,KS
Hollenberg,KS
Holton,KS
Holyrood,KS
Home,KS
Hope,KS
Horace,KS
Horton,KS
Howard,KS
Hoxie,KS
Hoyt,KS
Hudson,KS
Hugoton,KS
Humboldt,KS
Hunnewell,KS
Hunter,KS
Huron,KS
Hutchinson,KS
Idana,KS
Independence,KS
Ingalls,KS
Inman,KS
Iola,KS
Ionia,KS
Isabel,KS
Iuka,KS
Jamestown,KS
Jennings,KS
Jetmore,KS
Jewell,KS
Johnson City,KS
Junction City,KS
Kanopolis,KS
Kanorado,KS
Kansas City,KS
Keats,KS
Kechi,KS
Kelly,KS
Kensington,KS
Kickapoo Site 1,KS
Kickapoo Site 2,KS
Kickapoo Site 5,KS
Kickapoo Site 6,KS
Kickapoo Site 7,KS
Kickapoo Tribal Center,KS
Kincaid,KS
Kingman,KS
Kinsley,KS
Kiowa,KS
Kipp,KS
Kirwin,KS
Kismet,KS
La Crosse,KS
La Cygne,KS
La Harpe,KS
Labette,KS
Lafontaine,KS
Lake City,KS
Lake Quivira,KS
Lakin,KS
Lancaster,KS
Lane,KS
Langdon,KS
Lansing,KS
Larned,KS
Latham,KS
Latimer,KS
Lawrence,KS
LeRoy,KS
Leavenworth,KS
Leawood,KS
Lebanon,KS
Lebo,KS
Lecompton,KS
Lehigh,KS
Lenexa,KS
Lenora,KS
Leon,KS
Leona,KS
Leonardville,KS
Leoti,KS
Levant,KS
Lewis,KS
Liberal,KS
Liberty,KS
Liebenthal,KS
Lincoln Center,KS
Lincolnville,KS
Lindsborg,KS
Linn,KS
Linn Valley,KS
Linwood,KS
Little River,KS
Logan,KS
Lone Elm,KS
Long Island,KS
Longford,KS
Longton,KS
Lorraine,KS
Lost Springs,KS
Louisburg,KS
Louisville,KS
Lowell,KS
Lucas,KS
Ludell,KS
Luray,KS
Lyndon,KS
Lyons,KS
Macksville,KS
Madison,KS
Mahaska,KS
Maize,KS
Manchester,KS
Manhattan,KS
Mankato,KS
Manter,KS
Maple Hill,KS
Mapleton,KS
Marienthal,KS
Marion,KS
Marquette,KS
Marysville,KS
Matfield Green,KS
Mayetta,KS
Mayfield,KS
McConnell AFB,KS
McCracken,KS
McCune,KS
McDonald,KS
McFarland,KS
McLouth,KS
McPherson,KS
Meade,KS
Medicine Lodge,KS
Melvern,KS
Menlo,KS
Mentor,KS
Meriden,KS
Merriam,KS
Milan,KS
Mildred,KS
Milford,KS
Milton,KS
Miltonvale,KS
Minneapolis,KS
Minneola,KS
Mission,KS
Mission Hills,KS
Mission Woods,KS
Moline,KS
Mont Ida,KS
Montezuma,KS
Monument,KS
Moran,KS
Morganville,KS
Morland,KS
Morrill,KS
Morrowville,KS
Moscow,KS
Mound City,KS
Mound Valley,KS
Moundridge,KS
Mount Hope,KS
Mulberry,KS
Mullinville,KS
Mulvane,KS
Munden,KS
Munjor,KS
Murdock,KS
Muscotah,KS
Narka,KS
Nashville,KS
Natoma,KS
Navarre,KS
Neal,KS
Neodesha,KS
Neosho Falls,KS
Neosho Rapids,KS
Ness City,KS
Netawaka,KS
New Albany,KS
New Cambria,KS
New Salem,KS
New Strawn,KS
Newbury,KS
Newton,KS
Nickerson,KS
Nicodemus,KS
Niles,KS
Niotaze,KS
Norcatur,KS
North Newton,KS
Norton,KS
Nortonville,KS
Norway,KS
Norwich,KS
Oak Hill,KS
Oaklawn-Sunview,KS
Oakley,KS
Oberlin,KS
Odin,KS
Offerle,KS
Ogallah,KS
Ogden,KS
Oketo,KS
Olathe,KS
Olivet,KS
Olmitz,KS
Olpe,KS
Olsburg,KS
Onaga,KS
Oneida,KS
Opolis,KS
Osage City,KS
Osawatomie,KS
Osborne,KS
Oskaloosa,KS
Oswego,KS
Otis,KS
Ottawa,KS
Overbrook,KS
Overland Park,KS
Oxford,KS
Ozawkie,KS
Palco,KS
Palmer,KS
Paola,KS
Paradise,KS
Park,KS
Park City,KS
Parker,KS
Parkerfield,KS
Parkerville,KS
Parsons,KS
Partridge,KS
Pawnee Rock,KS
Paxico,KS
Peabody,KS
Peck,KS
Penalosa,KS
Perry,KS
Peru,KS
Phillipsburg,KS
Piedmont,KS
Pierceville,KS
Pilsen,KS
Piqua,KS
Pittsburg,KS
Plains,KS
Plainville,KS
Pleasanton,KS
Plevna,KS
Pomona,KS
Portis,KS
Potwin,KS
Powhattan,KS
Prairie View,KS
Prairie Village,KS
Pratt,KS
Prescott,KS
Preston,KS
Pretty Prairie,KS
Princeton,KS
Protection,KS
Quenemo,KS
Quinter,KS
Radium,KS
Radley,KS
Ramona,KS
Randall,KS
Randolph,KS
Ransom,KS
Rantoul,KS
Raymond,KS
Reading,KS
Redfield,KS
Republic,KS
Reserve,KS
Rexford,KS
Richfield,KS
Richmond,KS
Riley,KS
Ringo,KS
Riverton,KS
Robinson,KS
Rock,KS
Roeland Park,KS
Rolla,KS
Rosalia,KS
Rose Hill,KS
Roseland,KS
Rossville,KS
Roxbury,KS
Rozel,KS
Rush Center,KS
Russell,KS
Russell Springs,KS
Sabetha,KS
Saint Benedict,KS
Saint Marks,KS
Salina,KS
Satanta,KS
Savonburg,KS
Sawyer,KS
Scammon,KS
Scandia,KS
Schoenchen,KS
Scott City,KS
Scottsville,KS
Scranton,KS
Sedan,KS
Sedgwick,KS
Selden,KS
Seneca,KS
Severance,KS
Severy,KS
Seward,KS
Shallow Water,KS
Sharon,KS
Sharon Springs,KS
Shawnee,KS
Silver Lake,KS
Silverdale,KS
Simpson,KS
Smith Center,KS
Smolan,KS
Soldier,KS
Solomon,KS
Somerset,KS
South Haven,KS
South Hutchinson,KS
South Mound,KS
Spearville,KS
Speed,KS
Spivey,KS
Spring Hill,KS
St. Francis,KS
St. George,KS
St. John,KS
St. Marys,KS
St. Paul,KS
Stafford,KS
Stark,KS
Sterling,KS
Stockton,KS
Strong City,KS
Stuttgart,KS
Sublette,KS
Summerfield,KS
Sun City,KS
Susank,KS
Sycamore,KS
Sylvan Grove,KS
Sylvia,KS
Syracuse,KS
Talmage,KS
Tampa,KS
Tecumseh,KS
Tescott,KS
Thayer,KS
The Highlands,KS
Timken,KS
Tipton,KS
Tonganoxie,KS
Topeka,KS
Toronto,KS
Towanda,KS
Tribune,KS
Troy,KS
Turon,KS
Tyro,KS
Udall,KS
Ulysses,KS
Uniontown,KS
Urbana,KS
Utica,KS
Valley Center,KS
Valley Falls,KS
Vassar,KS
Vermillion,KS
Victoria,KS
Vining,KS
Viola,KS
Virgil,KS
WaKeeney,KS
Wabaunsee,KS
Wakarusa,KS
Wakefield,KS
Waldo,KS
Waldron,KS
Wallace,KS
Walnut,KS
Walton,KS
Wamego,KS
Washington,KS
Waterville,KS
Wathena,KS
Waverly,KS
Wayside,KS
Webber,KS
Weir,KS
Welda,KS
Wellington,KS
Wells,KS
Wellsville,KS
Weskan,KS
West Mineral,KS
Westmoreland,KS
Westphalia,KS
Westwood,KS
Westwood Hills,KS
Wetmore,KS
Wheaton,KS
White City,KS
White Cloud,KS
Whitewater,KS
Whiting,KS
Wichita,KS
Willard,KS
Williamsburg,KS
Williamstown,KS
Willis,KS
Willowbrook,KS
Wilmore,KS
Wilroads Gardens,KS
Wilsey,KS
Wilson,KS
Winchester,KS
Windom,KS
Winfield,KS
Winona,KS
Woodbine,KS
Woodruff,KS
Woodston,KS
Wright,KS
Yale,KS
Yates Center,KS
Yoder,KS
Zeandale,KS
Zenda,KS
Zurich,KS
Adairville,KY
Ages,KY
Albany,KY
Alexandria,KY
Allen,KY
Allensville,KY
Anchorage,KY
Annville,KY
Anthoston,KY
Arjay,KY
Arlington,KY
Artemus,KY
Ashland,KY
Auburn,KY
Audubon Park,KY
Augusta,KY
Auxier,KY
Bancroft,KY
Bandana,KY
Barbourmeade,KY
Barbourville,KY
Bardstown,KY
Bardwell,KY
Barlow,KY
Beattyville,KY
Beaver Dam,KY
Bedford,KY
Beech Grove,KY
Beechmont,KY
Beechwood Village,KY
Belfry,KY
Bellefonte,KY
Bellemeade,KY
Belleview,KY
Bellevue,KY
Bellewood,KY
Benham,KY
Benton,KY
Berea,KY
Berry,KY
Betsy Layne,KY
Big Clifty,KY
Blackey,KY
Blaine,KY
Blandville,KY
Bloomfield,KY
Blue Ridge Manor,KY
Bonnieville,KY
Booneville,KY
Boston,KY
Bowling Green,KY
Bradfordsville,KY
Brandenburg,KY
Breckinridge Center,KY
Bremen,KY
Briarwood,KY
Brodhead,KY
Broeck Pointe,KY
Bromley,KY
Brooks,KY
Brooksville,KY
Brownsboro Farm,KY
Brownsboro Village,KY
Brownsville,KY
Buckhorn,KY
Buckner,KY
Buffalo,KY
Burgin,KY
Burkesville,KY
Burlington,KY
Burna,KY
Burnside,KY
Butler,KY
Cadiz,KY
Calhoun,KY
California,KY
Calvert City,KY
Camargo,KY
Cambridge,KY
Campbellsburg,KY
Campbellsville,KY
Campton,KY
Caneyville,KY
Cannonsburg,KY
Carlisle,KY
Carrollton,KY
Carrsville,KY
Catlettsburg,KY
Cave City,KY
Cawood,KY
Cayce,KY
Cecilia,KY
Centertown,KY
Central City,KY
Cerulean,KY
Chaplin,KY
Clarkson,KY
Claryville,KY
Clay,KY
Clay City,KY
Cleaton,KY
Clinton,KY
Cloverport,KY
Coal Run Village,KY
Cold Spring,KY
Coldiron,KY
Coldstream,KY
Columbia,KY
Columbus,KY
Combs,KY
Concord,KY
Corbin,KY
Corinth,KY
Corydon,KY
Covington,KY
Coxton,KY
Crab Orchard,KY
Crayne,KY
Creekside,KY
Crescent Springs,KY
Crestview,KY
Crestview Hills,KY
Crestwood,KY
Crittenden,KY
Crofton,KY
Crossgate,KY
Cumberland,KY
Cunningham,KY
Curdsville,KY
Cynthiana,KY
Danville,KY
Dawson Springs,KY
Dayton,KY
Dexter,KY
Diablock,KY
Dixon,KY
Doe Valley,KY
Douglass Hills,KY
Dover,KY
Drakesboro,KY
Druid Hills,KY
Dry Ridge,KY
Dunmor,KY
Dwale,KY
Earlington,KY
East Bernstadt,KY
Eddyville,KY
Edgewood,KY
Edmonton,KY
Ekron,KY
Elizabethtown,KY
Elizaville,KY
Elk Creek,KY
Elkhorn City,KY
Elkton,KY
Elsmere,KY
Eminence,KY
Emlyn,KY
Erlanger,KY
Eubank,KY
Evarts,KY
Ewing,KY
Ezel,KY
Fairfield,KY
Fairview,KY
Falmouth,KY
Fancy Farm,KY
Farley,KY
Farmers,KY
Farmington,KY
Ferguson,KY
Fincastle,KY
Flat Lick,KY
Flatwoods,KY
Fleming-Neon,KY
Flemingsburg,KY
Florence,KY
Fordsville,KY
Forest Hills,KY
Fort Campbell North,KY
Fort Knox,KY
Fort Mitchell,KY
Fort Thomas,KY
Fort Wright,KY
Fountain Run,KY
Fox Chase,KY
Francisville,KY
Frankfort,KY
Franklin,KY
Fredonia,KY
Freeburn,KY
Frenchburg,KY
Fulton,KY
Gamaliel,KY
Garrison,KY
Georgetown,KY
Germantown,KY
Ghent,KY
Gilbertsville,KY
Glasgow,KY
Glencoe,KY
Glenview,KY
Glenview Hills,KY
Glenview Manor,KY
Goose Creek,KY
Goshen,KY
Gracey,KY
Grand Rivers,KY
Gratz,KY
Graymoor-Devondale,KY
Grayson,KY
Green Spring,KY
Greensburg,KY
Greenup,KY
Greenville,KY
Guthrie,KY
Hanson,KY
Hardin,KY
Hardinsburg,KY
Hardyville,KY
Harlan,KY
Harrodsburg,KY
Hartford,KY
Hawesville,KY
Hazard,KY
Hazel,KY
Hazel Green,KY
Hebron,KY
Hebron Estates,KY
Henderson,KY
Hendron,KY
Heritage Creek,KY
Hickman,KY
Hickory,KY
Hickory Hill,KY
High Bridge,KY
Highland Heights,KY
Hills and Dales,KY
Hillview,KY
Hindman,KY
Hiseville,KY
Hodgenville,KY
Hollow Creek,KY
Hollyvilla,KY
Hopkinsville,KY
Horse Cave,KY
Houston Acres,KY
Hunters Hollow,KY
Hurstbourne,KY
Hurstbourne Acres,KY
Hustonville,KY
Hyden,KY
Independence,KY
Indian Hills,KY
Inez,KY
Ironville,KY
Irvine,KY
Irvington,KY
Island,KY
Jackson,KY
Jamestown,KY
Jeff,KY
Jeffersontown,KY
Jeffersonville,KY
Jenkins,KY
Junction City,KY
Keene,KY
Kenton Vale,KY
Kenvir,KY
Kevil,KY
Kingsley,KY
Knottsville,KY
Kuttawa,KY
La Center,KY
La Grange,KY
LaFayette,KY
Lakeside Park,KY
Lakeview Heights,KY
Lancaster,KY
Langdon Place,KY
Lawrenceburg,KY
Lebanon,KY
Lebanon Junction,KY
Ledbetter,KY
Leitchfield,KY
Lewisburg,KY
Lewisport,KY
Lexington,KY
Liberty,KY
Lincolnshire,KY
Livermore,KY
Livingston,KY
London,KY
Loretto,KY
Louisa,KY
Louisville,KY
Lovelaceville,KY
Lowes,KY
Loyall,KY
Ludlow,KY
Lynch,KY
Lyndon,KY
Lynnview,KY
Maceo,KY
Mackville,KY
Madisonville,KY
Magnolia,KY
Manchester,KY
Manitou,KY
Manor Creek,KY
Marion,KY
Marrowbone,KY
Martin,KY
Maryhill Estates,KY
Masonville,KY
Massac,KY
Mayfield,KY
Mayking,KY
Mays Lick,KY
Maysville,KY
Maytown,KY
McCarr,KY
McDowell,KY
McHenry,KY
McKee,KY
McKinney,KY
McRoberts,KY
Meadow Vale,KY
Meadowbrook Farm,KY
Meadowview Estates,KY
Melbourne,KY
Mentor,KY
Middlesborough,KY
Middletown,KY
Midway,KY
Millersburg,KY
Millstone,KY
Milton,KY
Mockingbird Valley,KY
Monterey,KY
Monticello,KY
Moorland,KY
Morehead,KY
Morganfield,KY
Morgantown,KY
Mortons Gap,KY
Moseleyville,KY
Mount Olivet,KY
Mount Sterling,KY
Mount Vernon,KY
Mount Washington,KY
Muldraugh,KY
Munfordville,KY
Murray,KY
Murray Hill,KY
Nebo,KY
New Castle,KY
New Haven,KY
New Hope,KY
Newport,KY
Nicholasville,KY
Norbourne Estates,KY
North Corbin,KY
North Middletown,KY
Northfield,KY
Nortonville,KY
Norwood,KY
Oak Grove,KY
Oakbrook,KY
Oakland,KY
Old Brownsboro Place,KY
Olive Hill,KY
Oneida,KY
Onton,KY
Orchard Grass Hills,KY
Owensboro,KY
Owenton,KY
Owingsville,KY
Paducah,KY
Paintsville,KY
Panther,KY
Paris,KY
Park City,KY
Park Hills,KY
Parkway Village,KY
Pathfork,KY
Payne Gap,KY
Pembroke,KY
Perryville,KY
Petersburg,KY
Pewee Valley,KY
Phelps,KY
Philpot,KY
Pikeville,KY
Pine Knot,KY
Pineville,KY
Pioneer Village,KY
Pippa Passes,KY
Plano,KY
Plantation,KY
Pleasant Ridge,KY
Pleasant View,KY
Pleasureville,KY
Plum Springs,KY
Poole,KY
Poplar Hills,KY
Powderly,KY
Prestonsburg,KY
Prestonville,KY
Princeton,KY
Prospect,KY
Providence,KY
Pryorsburg,KY
Rabbit Hash,KY
Raceland,KY
Radcliff,KY
Ravenna,KY
Raywick,KY
Reidland,KY
Richlawn,KY
Richmond,KY
Rineyville,KY
River Bluff,KY
Riverwood,KY
Robards,KY
Rochester,KY
Rockholds,KY
Rockport,KY
Rolling Fields,KY
Rolling Hills,KY
Rosine,KY
Russell,KY
Russell Springs,KY
Russellville,KY
Ryland Heights,KY
Sacramento,KY
Sadieville,KY
Saint Joseph,KY
Salem,KY
Salt Lick,KY
Salvisa,KY
Salyersville,KY
Sanders,KY
Sandy Hook,KY
Sardis,KY
Science Hill,KY
Scottsville,KY
Sebree,KY
Sedalia,KY
Seneca Gardens,KY
Sharpsburg,KY
Shelbyville,KY
Shepherdsville,KY
Shively,KY
Silver Grove,KY
Simpsonville,KY
Slaughters,KY
Smithfield,KY
Smithland,KY
Smiths Grove,KY
Somerset,KY
Sonora,KY
Sorgho,KY
South Carrollton,KY
South Park View,KY
South Shore,KY
South Wallins,KY
South Williamson,KY
Southgate,KY
Sparta,KY
Spottsville,KY
Spring Mill,KY
Spring Valley,KY
Springfield,KY
St. Charles,KY
St. Mary,KY
St. Matthews,KY
St. Regis Park,KY
Stamping Ground,KY
Stanford,KY
Stanley,KY
Stanton,KY
Stearns,KY
Strathmoor Manor,KY
Strathmoor Village,KY
Sturgis,KY
Summer Shade,KY
Summersville,KY
Sycamore,KY
Symsonia,KY
Taylor Mill,KY
Taylorsville,KY
Ten Broeck,KY
Thornhill,KY
Thruston,KY
Tolu,KY
Tompkinsville,KY
Trenton,KY
Union,KY
Uniontown,KY
Upton,KY
Utica,KY
Van Lear,KY
Vanceburg,KY
Verona,KY
Versailles,KY
Vicco,KY
Villa Hills,KY
Vine Grove,KY
Virgie,KY
Wallins Creek,KY
Walton,KY
Warfield,KY
Warsaw,KY
Water Valley,KY
Watterson Park,KY
Waverly,KY
Wayland,KY
Wellington,KY
West Buechel,KY
West Liberty,KY
West Louisville,KY
West Point,KY
West Van Lear,KY
Westport,KY
Westwood,KY
Wheatcroft,KY
Wheelwright,KY
White Plains,KY
Whitesburg,KY
Whitesville,KY
Whitley City,KY
Wickliffe,KY
Wilder,KY
Wildwood,KY
Williamsburg,KY
Williamstown,KY
Willisburg,KY
Wilmore,KY
Winchester,KY
Windy Hills,KY
Wingo,KY
Woodburn,KY
Woodbury,KY
Woodland Hills,KY
Woodlawn,KY
Woodlawn Park,KY
Worthington,KY
Worthington Hills,KY
Worthville,KY
Wurtland,KY
Yelvington,KY
Abbeville,LA
Abita Springs,LA
Addis,LA
Albany,LA
Alexandria,LA
Ama,LA
Amelia,LA
Amite City,LA
Anacoco,LA
Angie,LA
Arabi,LA
Arcadia,LA
Arnaudville,LA
Ashland,LA
Athens,LA
Atlanta,LA
Avondale,LA
Baker,LA
Baldwin,LA
Ball,LA
Banks Springs,LA
Barataria,LA
Basile,LA
Baskin,LA
Bastrop,LA
Baton Rouge,LA
Bawcomville,LA
Bayou Blue,LA
Bayou Cane,LA
Bayou Corne,LA
Bayou Country Club,LA
Bayou Gauche,LA
Bayou Goula,LA
Bayou L'Ourse,LA
Bayou Vista,LA
Belcher,LA
Belle Chasse,LA
Belle Rose,LA
Belmont,LA
Benton,LA
Bernice,LA
Berwick,LA
Bienville,LA
Blanchard,LA
Bogalusa,LA
Bonita,LA
Boothville,LA
Bordelonville,LA
Bossier City,LA
Bourg,LA
Boutte,LA
Boyce,LA
Branch,LA
Breaux Bridge,LA
Bridge City,LA
Broussard,LA
Brownfields,LA
Brownsville,LA
Brusly,LA
Bryceland,LA
Bunkie,LA
Buras,LA
Cade,LA
Calhoun,LA
Calvin,LA
Cameron,LA
Campti,LA
Cankton,LA
Carencro,LA
Carlyss,LA
Castor,LA
Catahoula,LA
Cecilia,LA
Center Point,LA
Centerville,LA
Central,LA
Chackbay,LA
Chalmette,LA
Charenton,LA
Chataignier,LA
Chatham,LA
Chauvin,LA
Cheneyville,LA
Choctaw,LA
Choudrant,LA
Church Point,LA
Claiborne,LA
Clarence,LA
Clarks,LA
Clayton,LA
Clinton,LA
Colfax,LA
Collinston,LA
Columbia,LA
Convent,LA
Converse,LA
Cotton Valley,LA
Cottonport,LA
Coushatta,LA
Covington,LA
Creola,LA
Crescent,LA
Crowley,LA
Cullen,LA
Cut Off,LA
Darrow,LA
DeQuincy,LA
DeRidder,LA
Delacroix,LA
Delcambre,LA
Delhi,LA
Delta,LA
Denham Springs,LA
Des Allemands,LA
Destrehan,LA
Deville,LA
Dixie Inn,LA
Dodson,LA
Donaldsonville,LA
Dorseyville,LA
Downsville,LA
Doyline,LA
Dry Prong,LA
Dubach,LA
Dubberly,LA
Dulac,LA
Duson,LA
East Hodge,LA
Eastwood,LA
Echo,LA
Eden Isle,LA
Edgard,LA
Edgefield,LA
Egan,LA
Elizabeth,LA
Elmwood,LA
Elton,LA
Empire,LA
Epps,LA
Erath,LA
Eros,LA
Erwinville,LA
Estelle,LA
Estherwood,LA
Eunice,LA
Evergreen,LA
Farmerville,LA
Fenton,LA
Ferriday,LA
Fifth Ward,LA
Fisher,LA
Florien,LA
Folsom,LA
Fordoche,LA
Forest,LA
Forest Hill,LA
Fort Jesup,LA
Fort Polk North,LA
Fort Polk South,LA
Franklin,LA
Franklinton,LA
French Settlement,LA
Frierson,LA
Galliano,LA
Gardere,LA
Garyville,LA
Georgetown,LA
Gibsland,LA
Gilbert,LA
Gilliam,LA
Gillis,LA
Glencoe,LA
Glenmora,LA
Gloster,LA
Golden Meadow,LA
Goldonna,LA
Gonzales,LA
Good Pine,LA
Grambling,LA
Gramercy,LA
Grand Cane,LA
Grand Coteau,LA
Grand Isle,LA
Grand Point,LA
Gray,LA
Grayson,LA
Greensburg,LA
Greenwood,LA
Gretna,LA
Grosse Tete,LA
Gueydan,LA
Hackberry,LA
Hahnville,LA
Hall Summit,LA
Hammond,LA
Harahan,LA
Harrisonburg,LA
Harvey,LA
Haughton,LA
Hayes,LA
Haynesville,LA
Heflin,LA
Henderson,LA
Hessmer,LA
Hester,LA
Hodge,LA
Homer,LA
Hornbeck,LA
Hosston,LA
Houma,LA
Ida,LA
Independence,LA
Inniswold,LA
Iota,LA
Iowa,LA
Jackson,LA
Jamestown,LA
Jean Lafitte,LA
Jeanerette,LA
Jefferson,LA
Jena,LA
Jennings,LA
Jonesboro,LA
Jonesville,LA
Jordan Hill,LA
Joyce,LA
Junction City,LA
Kaplan,LA
Keachi,LA
Kenner,LA
Kentwood,LA
Kilbourne,LA
Killian,LA
Killona,LA
Kinder,LA
Kraemer,LA
Krotz Springs,LA
Labadieville,LA
Lacassine,LA
Lacombe,LA
Lafayette,LA
Lafitte,LA
Lafourche Crossing,LA
Lake Arthur,LA
Lake Charles,LA
Lake Providence,LA
Lakeshore,LA
Lakeview,LA
Laplace,LA
Larose,LA
Lawtell,LA
Lecompte,LA
Leesville,LA
Lemannville,LA
Leonville,LA
Lewisburg,LA
Lillie,LA
Lisbon,LA
Livingston,LA
Livonia,LA
Lockport,LA
Lockport Heights,LA
Logansport,LA
Longstreet,LA
Longville,LA
Loreauville,LA
Lucky,LA
Luling,LA
Lutcher,LA
Lydia,LA
Madisonville,LA
Mamou,LA
Mandeville,LA
Mangham,LA
Mansfield,LA
Mansura,LA
Many,LA
Maringouin,LA
Marion,LA
Marksville,LA
Marrero,LA
Marthaville,LA
Martin,LA
Mathews,LA
Maurice,LA
McNary,LA
Melville,LA
Mer Rouge,LA
Meraux,LA
Mermentau,LA
Merrydale,LA
Merryville,LA
Metairie,LA
Midland,LA
Midway,LA
Milton,LA
Minden,LA
Minorca,LA
Monroe,LA
Montegut,LA
Monterey,LA
Montgomery,LA
Monticello,LA
Montpelier,LA
Montz,LA
Moonshine,LA
Mooringsport,LA
Moreauville,LA
Morgan City,LA
Morganza,LA
Morrow,LA
Morse,LA
Moss Bluff,LA
Mound,LA
Mount Lebanon,LA
Napoleonville,LA
Natalbany,LA
Natchez,LA
Natchitoches,LA
New Iberia,LA
New Llano,LA
New Orleans,LA
New Orleans Station,LA
New Roads,LA
New Sarpy,LA
Newellton,LA
Noble,LA
Norco,LA
North Hodge,LA
North Vacherie,LA
Norwood,LA
Oak Grove,LA
Oak Hills Place,LA
Oak Ridge,LA
Oakdale,LA
Oberlin,LA
Oil City,LA
Old Jefferson,LA
Olla,LA
Opelousas,LA
Oretta,LA
Ossun,LA
Paincourtville,LA
Palmetto,LA
Paradis,LA
Parks,LA
Patterson,LA
Paulina,LA
Pearl River,LA
Perry,LA
Pierre Part,LA
Pine Prairie,LA
Pineville,LA
Pioneer,LA
Pitkin,LA
Plain Dealing,LA
Plaquemine,LA
Plaucheville,LA
Pleasant Hill,LA
Pleasure Bend,LA
Point Place,LA
Pointe a la Hache,LA
Pollock,LA
Ponchatoula,LA
Port Allen,LA
Port Barre,LA
Port Sulphur,LA
Port Vincent,LA
Powhatan,LA
Poydras,LA
Prairieville,LA
Presquille,LA
Prien,LA
Prospect,LA
Provencal,LA
Quitman,LA
Raceland,LA
Rayne,LA
Rayville,LA
Red Chute,LA
Reddell,LA
Reeves,LA
Reserve,LA
Richmond,LA
Richwood,LA
Ridgecrest,LA
Ringgold,LA
Rio,LA
River Ridge,LA
Roanoke,LA
Robeline,LA
Rock Hill,LA
Rodessa,LA
Romeville,LA
Rosedale,LA
Roseland,LA
Rosepine,LA
Ruston,LA
Saline,LA
Sarepta,LA
Schriever,LA
Scott,LA
Shenandoah,LA
Shongaloo,LA
Shreveport,LA
Sibley,LA
Sicily Island,LA
Sikes,LA
Simmesport,LA
Simpson,LA
Simsboro,LA
Singer,LA
Siracusaville,LA
Slaughter,LA
Slidell,LA
Sorrel,LA
Sorrento,LA
South Mansfield,LA
South Vacherie,LA
Spearsville,LA
Spokane,LA
Springfield,LA
Springhill,LA
St. Francisville,LA
St. Gabriel,LA
St. James,LA
St. Joseph,LA
St. Martinville,LA
St. Maurice,LA
St. Rose,LA
Stanley,LA
Starks,LA
Start,LA
Sterlington,LA
Stonewall,LA
Sugartown,LA
Sulphur,LA
Sun,LA
Sunset,LA
Supreme,LA
Swartz,LA
Taft,LA
Tallulah,LA
Tangipahoa,LA
Terrytown,LA
Thibodaux,LA
Tickfaw,LA
Timberlane,LA
Triumph,LA
Trout,LA
Tullos,LA
Turkey Creek,LA
Union,LA
Urania,LA
Varnado,LA
Venice,LA
Ventress,LA
Vidalia,LA
Vienna,LA
Vienna Bend,LA
Village St. George,LA
Ville Platte,LA
Vinton,LA
Violet,LA
Vivian,LA
Waggaman,LA
Walker,LA
Wallace,LA
Wallace Ridge,LA
Washington,LA
Waterproof,LA
Watson,LA
Welcome,LA
Welsh,LA
West Monroe,LA
Westlake,LA
Westminster,LA
Westwego,LA
White Castle,LA
Wilson,LA
Winnfield,LA
Winnsboro,LA
Wisner,LA
Woodmere,LA
Woodworth,LA
Youngsville,LA
Zachary,LA
Zwolle,LA
Acushnet Center,MA
Attleboro,MA
Baldwinville,MA
Beverly,MA
Bliss Corner,MA
Boston,MA
Brockton,MA
Buzzards Bay,MA
Cambridge,MA
Cedar Crest,MA
Chelsea,MA
Chicopee,MA
Cochituate,MA
Cordaville,MA
Dennis Port,MA
Devens,MA
East Dennis,MA
East Douglas,MA
East Falmouth,MA
East Harwich,MA
East Pepperell,MA
East Sandwich,MA
Everett,MA
Fall River,MA
Fiskdale,MA
Fitchburg,MA
Forestdale,MA
Framingham,MA
Gardner,MA
Gloucester,MA
Green Harbor,MA
Hanscom AFB,MA
Harwich Center,MA
Harwich Port,MA
Haverhill,MA
Holyoke,MA
Housatonic,MA
Lawrence,MA
Lenox Dale,MA
Leominster,MA
Littleton Common,MA
Lowell,MA
Lynn,MA
Madaket,MA
Malden,MA
Mansfield Center,MA
Marion Center,MA
Marlborough,MA
Marshfield Hills,MA
Mashpee Neck,MA
Mattapoisett Center,MA
Medford,MA
Melrose,MA
Methuen Town,MA
Middleborough Center,MA
Millers Falls,MA
Millis-Clicquot,MA
Monomoscoy Island,MA
Monson Center,MA
Monument Beach,MA
New Bedford,MA
New Seabury,MA
Newburyport,MA
Newton,MA
North Adams,MA
North Eastham,MA
North Falmouth,MA
North Lakeville,MA
North Pembroke,MA
North Plymouth,MA
North Scituate,MA
North Seekonk,MA
North Westport,MA
Northampton,MA
Northwest Harwich,MA
Norton Center,MA
Oak Bluffs,MA
Ocean Bluff-Brant Rock,MA
Ocean Grove,MA
Onset,MA
Peabody,MA
Pinehurst,MA
Pittsfield,MA
Pocasset,MA
Popponesset,MA
Popponesset Island,MA
Quincy,MA
Raynham Center,MA
Revere,MA
Sagamore,MA
Salem,MA
Seabrook,MA
Seconsett Island,MA
Shelburne Falls,MA
Siasconset,MA
Smith Mills,MA
Somerville,MA
South Ashburnham,MA
South Deerfield,MA
South Dennis,MA
South Duxbury,MA
South Lancaster,MA
South Yarmouth,MA
Springfield,MA
Taunton,MA
Teaticket,MA
The Pinehills,MA
Turners Falls,MA
Vineyard Haven,MA
Waltham,MA
Wareham Center,MA
Watertown Town,MA
West Chatham,MA
West Concord,MA
West Dennis,MA
West Falmouth,MA
West Wareham,MA
West Warren,MA
West Yarmouth,MA
Westfield,MA
Weweantic,MA
White Island Shores,MA
Whitinsville,MA
Woburn,MA
Woods Hole,MA
Worcester,MA
Yarmouth Port,MA
Aberdeen,MD
Aberdeen Proving Ground,MD
Abingdon,MD
Accident,MD
Accokeek,MD
Adamstown,MD
Adelphi,MD
Algonquin,MD
Allen,MD
Andrews AFB,MD
Annapolis,MD
Annapolis Neck,MD
Antietam,MD
Aquasco,MD
Arbutus,MD
Arden on the Severn,MD
Arnold,MD
Ashton-Sandy Spring,MD
Aspen Hill,MD
Baden,MD
Bagtown,MD
Bakersville,MD
Ballenger Creek,MD
Baltimore,MD
Baltimore Highlands,MD
Barclay,MD
Barnesville,MD
Barrelville,MD
Barton,MD
Bartonsville,MD
Beaver Creek,MD
Bel Air,MD
Bel Air North,MD
Bel Air South,MD
Beltsville,MD
Benedict,MD
Bensville,MD
Berlin,MD
Berwyn Heights,MD
Bethesda,MD
Betterton,MD
Bier,MD
Big Pool,MD
Big Spring,MD
Bishopville,MD
Bivalve,MD
Bladensburg,MD
Bloomington,MD
Boonsboro,MD
Bowie,MD
Bowleys Quarters,MD
Bowling Green,MD
Bowmans Addition,MD
Braddock Heights,MD
Brandywine,MD
Breathedsville,MD
Brentwood,MD
Brock Hall,MD
Brookeville,MD
Brooklyn Park,MD
Brookmont,MD
Brookview,MD
Broomes Island,MD
Brown Station,MD
Brownsville,MD
Brunswick,MD
Bryans Road,MD
Bryantown,MD
Buckeystown,MD
Burkittsville,MD
Burnt Mills,MD
Burtonsville,MD
Butlertown,MD
Cabin John,MD
California,MD
Callaway,MD
Calvert Beach,MD
Calverton,MD
Cambridge,MD
Camp Springs,MD
Cape St. Claire,MD
Capitol Heights,MD
Carlos,MD
Carney,MD
Catonsville,MD
Cavetown,MD
Cearfoss,MD
Cecilton,MD
Cedar Heights,MD
Cedarville,MD
Centreville,MD
Chance,MD
Charlestown,MD
Charlotte Hall,MD
Charlton,MD
Chesapeake Beach,MD
Chesapeake City,MD
Chesapeake Landing,MD
Chesapeake Ranch Estates,MD
Chester,MD
Chestertown,MD
Cheverly,MD
Chevy Chase,MD
Chevy Chase Section Five,MD
Chevy Chase Section Three,MD
Chevy Chase View,MD
Chevy Chase Village,MD
Chewsville,MD
Chillum,MD
Choptank,MD
Church Creek,MD
Church Hill,MD
Clarksburg,MD
Clarysville,MD
Clear Spring,MD
Clinton,MD
Cloverly,MD
Cobb Island,MD
Cockeysville,MD
Colesville,MD
College Park,MD
Colmar Manor,MD
Columbia,MD
Coral Hills,MD
Cordova,MD
Corriganville,MD
Cottage City,MD
Crellin,MD
Cresaptown,MD
Crisfield,MD
Crofton,MD
Croom,MD
Crownsville,MD
Crumpton,MD
Cumberland,MD
Damascus,MD
Dames Quarter,MD
Danville,MD
Dargan,MD
Darlington,MD
Darnestown,MD
Dawson,MD
Deal Island,MD
Deale,MD
Deer Park,MD
Delmar,MD
Denton,MD
Derwood,MD
Detmold,MD
District Heights,MD
Downsville,MD
Drum Point,MD
Dundalk,MD
Dunkirk,MD
Eagle Harbor,MD
Eakles Mill,MD
East New Market,MD
East Riverdale,MD
Easton,MD
Eckhart Mines,MD
Eden,MD
Edesville,MD
Edgemere,MD
Edgemont,MD
Edgewater,MD
Edgewood,MD
Edmonston,MD
Eldersburg,MD
Eldorado,MD
Elkridge,MD
Elkton,MD
Ellerslie,MD
Ellicott City,MD
Elliott,MD
Emmitsburg,MD
Ernstville,MD
Essex,MD
Fairland,MD
Fairlee,MD
Fairmount,MD
Fairmount Heights,MD
Fairplay,MD
Fairview,MD
Fairwood,MD
Fallston,MD
Federalsburg,MD
Ferndale,MD
Finzel,MD
Fishing Creek,MD
Flintstone,MD
Flower Hill,MD
Forest Glen,MD
Forest Heights,MD
Forestville,MD
Fort Meade,MD
Fort Ritchie,MD
Fort Washington,MD
Fountainhead-Orchard Hills,MD
Four Corners,MD
Franklin,MD
Frederick,MD
Frenchtown-Rumbly,MD
Friendly,MD
Friendship,MD
Friendship Heights Village,MD
Friendsville,MD
Frostburg,MD
Fruitland,MD
Fulton,MD
Funkstown,MD
Gaithersburg,MD
Galena,MD
Galestown,MD
Galesville,MD
Gambrills,MD
Gapland,MD
Garrett Park,MD
Garretts Mill,MD
Garrison,MD
Georgetown,MD
Germantown,MD
Gilmore,MD
Girdletree,MD
Glassmanor,MD
Glen Burnie,MD
Glen Echo,MD
Glenarden,MD
Glenmont,MD
Glenn Dale,MD
Golden Beach,MD
Goldsboro,MD
Gorman,MD
Graceham,MD
Grahamtown,MD
Grantsville,MD
Grasonville,MD
Green Valley,MD
Greenbelt,MD
Greensboro,MD
Greensburg,MD
Hagerstown,MD
Halfway,MD
Hampstead,MD
Hampton,MD
Hancock,MD
Havre de Grace,MD
Hebron,MD
Henderson,MD
Herald Harbor,MD
Highfield-Cascade,MD
Highland,MD
Highland Beach,MD
Hillandale,MD
Hillcrest Heights,MD
Hillsboro,MD
Honeygo,MD
Hughesville,MD
Huntingtown,MD
Hurlock,MD
Hutton,MD
Hyattsville,MD
Ilchester,MD
Indian Head,MD
Indian Springs,MD
Jarrettsville,MD
Jefferson,MD
Jennings,MD
Jessup,MD
Jesterville,MD
Joppatowne,MD
Jugtown,MD
Keedysville,MD
Kemp Mill,MD
Kemps Mill,MD
Kennedyville,MD
Kensington,MD
Kent Narrows,MD
Kettering,MD
Kingstown,MD
Kingsville,MD
Kitzmiller,MD
Klondike,MD
Konterra,MD
La Plata,MD
La Vale,MD
Lake Arbor,MD
Lake Shore,MD
Landover,MD
Landover Hills,MD
Langley Park,MD
Lanham,MD
Lansdowne,MD
Largo,MD
Laurel,MD
Layhill,MD
Laytonsville,MD
Leisure World,MD
Leitersburg,MD
Leonardtown,MD
Lewistown,MD
Lexington Park,MD
Libertytown,MD
Linganore,MD
Linthicum,MD
Lisbon,MD
Little Orleans,MD
Loch Lynn Heights,MD
Lochearn,MD
Lonaconing,MD
Long Beach,MD
Luke,MD
Lusby,MD
Lutherville,MD
Madison,MD
Manchester,MD
Mapleville,MD
Mardela Springs,MD
Marlboro Meadows,MD
Marlboro Village,MD
Marlow Heights,MD
Marlton,MD
Martin's Additions,MD
Marydel,MD
Maryland City,MD
Maryland Park,MD
Maugansville,MD
Mayo,MD
Mays Chapel,MD
McCoole,MD
Mechanicsville,MD
Melwood,MD
Mercersville,MD
Middle River,MD
Middleburg,MD
Middletown,MD
Midland,MD
Midlothian,MD
Milford Mill,MD
Millington,MD
Mitchellville,MD
Monrovia,MD
Montgomery Village,MD
Morningside,MD
Moscow,MD
Mount Aetna,MD
Mount Airy,MD
Mount Briar,MD
Mount Lena,MD
Mount Rainier,MD
Mount Savage,MD
Mount Vernon,MD
Mountain Lake Park,MD
Myersville,MD
Nanticoke,MD
Nanticoke Acres,MD
National,MD
National Harbor,MD
Naval Academy,MD
New Carrollton,MD
New Market,MD
New Windsor,MD
Newark,MD
Nikep,MD
North Beach,MD
North Bethesda,MD
North Brentwood,MD
North Chevy Chase,MD
North East,MD
North Kensington,MD
North Laurel,MD
North Potomac,MD
Oakland,MD
Ocean,MD
Ocean City,MD
Ocean Pines,MD
Odenton,MD
Oldtown,MD
Olney,MD
Overlea,MD
Owings,MD
Owings Mills,MD
Oxford,MD
Oxon Hill,MD
Paramount-Long Meadow,MD
Parkville,MD
Parole,MD
Parsonsburg,MD
Pasadena,MD
Pecktonville,MD
Peppermill Village,MD
Perry Hall,MD
Perryman,MD
Perryville,MD
Pikesville,MD
Pinesburg,MD
Piney Point,MD
Pittsville,MD
Pleasant Grove,MD
Pleasant Hills,MD
Pocomoke City,MD
Point of Rocks,MD
Pomfret,MD
Pondsville,MD
Poolesville,MD
Port Deposit,MD
Port Tobacco Village,MD
Potomac,MD
Potomac Heights,MD
Potomac Park,MD
Powellville,MD
Preston,MD
Prince Frederick,MD
Princess Anne,MD
Pylesville,MD
Quantico,MD
Queen Anne,MD
Queensland,MD
Queenstown,MD
Randallstown,MD
Rawlings,MD
Redland,MD
Reid,MD
Reisterstown,MD
Ridgely,MD
Ringgold,MD
Rising Sun,MD
Riva,MD
Riverdale Park,MD
Riverside,MD
Riviera Beach,MD
Robinwood,MD
Rock Hall,MD
Rock Point,MD
Rockville,MD
Rohrersville,MD
Romancoke,MD
Rosaryville,MD
Rosedale,MD
Rosemont,MD
Rossville,MD
Sabillasville,MD
Salisbury,MD
San Mar,MD
Sandy Hook,MD
Savage,MD
Scaggsville,MD
Seabrook,MD
Seat Pleasant,MD
Secretary,MD
Severn,MD
Severna Park,MD
Shady Side,MD
Shaft,MD
Sharpsburg,MD
Sharptown,MD
Silver Hill,MD
Silver Spring,MD
Smith Island,MD
Smithsburg,MD
Snow Hill,MD
Solomons,MD
Somerset,MD
South Kensington,MD
South Laurel,MD
Spencerville,MD
Spring Gap,MD
Spring Ridge,MD
Springdale,MD
St. George Island,MD
St. James,MD
St. Leonard,MD
St. Michaels,MD
Stevensville,MD
Still Pond,MD
Stockton,MD
Sudlersville,MD
Suitland,MD
Summerfield,MD
Swanton,MD
Sykesville,MD
Takoma Park,MD
Tall Timbers,MD
Taneytown,MD
Taylors Island,MD
Temple Hills,MD
Templeville,MD
Ten Mile Creek,MD
Thurmont,MD
Tilghman Island,MD
Tilghmanton,MD
Timonium,MD
Tolchester,MD
Towson,MD
Trappe,MD
Travilah,MD
Trego-Rohrersville Station,MD
Tyaskin,MD
Union Bridge,MD
University Park,MD
Upper Marlboro,MD
Urbana,MD
Vale Summit,MD
Vienna,MD
Waldorf,MD
Walker Mill,MD
Walkersville,MD
Washington Grove,MD
Waterview,MD
West Denton,MD
West Laurel,MD
West Ocean City,MD
West Pocomoke,MD
Westernport,MD
Westminster,MD
Westphalia,MD
Whaleyville,MD
Wheaton,MD
White Marsh,MD
White Oak,MD
Whitehaven,MD
Wildewood,MD
Willards,MD
Williamsport,MD
Williston,MD
Wilson-Conococheague,MD
Woodland,MD
Woodlawn,MD
Woodmore,MD
Woodsboro,MD
Worton,MD
Yarrowsburg,MD
Zihlman,MD
Auburn,ME
Augusta,ME
Bangor,ME
Bath,ME
Belfast,ME
Bethel,ME
Biddeford,ME
Bradley,ME
Brewer,ME
Brownville Junction,ME
Calais,ME
Cape Neddick,ME
Caribou,ME
Chisholm,ME
Corinna,ME
Cornish,ME
Cousins Island,ME
Cumberland Center,ME
Danforth,ME
Dunstan,ME
Eastport,ME
Ellsworth,ME
Falmouth Foreside,ME
Gardiner,ME
Grand Isle,ME
Greene,ME
Hallowell,ME
Island Falls,ME
Jonesport,ME
Kezar Falls,ME
Kingfield,ME
Kittery Point,ME
Lake Arrowhead,ME
Lewiston,ME
Lisbon,ME
Lisbon Falls,ME
Little Falls,ME
Littlejohn Island,ME
Mattawamkeag,ME
Milbridge,ME
North Anson,ME
North Windham,ME
Northeast Harbor,ME
Oakfield,ME
Old Town,ME
Patten,ME
Portland,ME
Presque Isle,ME
Rangeley,ME
Rockland,ME
Sabattus,ME
Saco,ME
Sanford,ME
South Berwick,ME
South Eliot,ME
South Paris,ME
South Portland,ME
South Windham,ME
Steep Falls,ME
Turner,ME
Vanceboro,ME
Veazie,ME
Waterville,ME
West Kennebunk,ME
Westbrook,ME
York Harbor,ME
Addison,MI
Adrian,MI
Advance,MI
Ahmeek,MI
Akron,MI
Alanson,MI
Alba,MI
Albion,MI
Alden,MI
Algonac,MI
Allegan,MI
Allen,MI
Allen Park,MI
Allendale,MI
Alma,MI
Almont,MI
Alpena,MI
Alpha,MI
Amasa,MI
Ann Arbor,MI
Applegate,MI
Arcadia,MI
Argentine,MI
Armada,MI
Ashley,MI
Athens,MI
Atlanta,MI
Atlantic Mine,MI
Attica,MI
Au Gres,MI
Au Sable,MI
Auburn,MI
Auburn Hills,MI
Augusta,MI
Bad Axe,MI
Baldwin,MI
Bancroft,MI
Bangor,MI
Baraga,MI
Barnes Lake,MI
Baroda,MI
Barryton,MI
Barton Hills,MI
Bath,MI
Battle Creek,MI
Bay City,MI
Bay Port,MI
Bay Shore,MI
Bay View,MI
Beal City,MI
Bear Lake,MI
Beaverton,MI
Beecher,MI
Beechwood,MI
Belding,MI
Bellaire,MI
Belleville,MI
Bellevue,MI
Bendon,MI
Benton Harbor,MI
Benton Heights,MI
Benzonia,MI
Bergland,MI
Berkley,MI
Berrien Springs,MI
Bessemer,MI
Beulah,MI
Beverly Hills,MI
Big Bay,MI
Big Rapids,MI
Bingham Farms,MI
Birch Run,MI
Birmingham,MI
Blissfield,MI
Bloomfield Hills,MI
Bloomingdale,MI
Boon,MI
Boyne City,MI
Boyne Falls,MI
Breckenridge,MI
Breedsville,MI
Brethren,MI
Bridgeport,MI
Bridgman,MI
Brighton,MI
Brimley,MI
Britton,MI
Bronson,MI
Brooklyn,MI
Brown City,MI
Brownlee Park,MI
Bruce Crossing,MI
Brutus,MI
Buchanan,MI
Buckley,MI
Buena Vista,MI
Burlington,MI
Burr Oak,MI
Burt,MI
Burton,MI
Byron,MI
Byron Center,MI
Caberfae,MI
Cadillac,MI
Caledonia,MI
Calumet,MI
Cambria,MI
Camden,MI
Canada Creek Ranch,MI
Canadian Lakes,MI
Cannonsburg,MI
Capac,MI
Carleton,MI
Carney,MI
Caro,MI
Carp Lake,MI
Carson City,MI
Carsonville,MI
Caseville,MI
Casnovia,MI
Caspian,MI
Cass City,MI
Cassopolis,MI
Cedar,MI
Cedar Springs,MI
Cement City,MI
Center Line,MI
Central Lake,MI
Centreville,MI
Charlevoix,MI
Charlotte,MI
Chassell,MI
Chatham,MI
Cheboygan,MI
Chelsea,MI
Chesaning,MI
Chums Corner,MI
Clare,MI
Clarksville,MI
Clawson,MI
Clayton,MI
Clifford,MI
Climax,MI
Clinton,MI
Clio,MI
Coldwater,MI
Coleman,MI
Coloma,MI
Colon,MI
Columbiaville,MI
Comstock Northwest,MI
Comstock Park,MI
Concord,MI
Constantine,MI
Conway,MI
Coopersville,MI
Copemish,MI
Copper City,MI
Copper Harbor,MI
Corunna,MI
Covington,MI
Cross Village,MI
Croswell,MI
Crystal,MI
Crystal Downs Country Club,MI
Crystal Falls,MI
Crystal Mountain,MI
Custer,MI
Cutlerville,MI
Daggett,MI
Dansville,MI
Davison,MI
De Tour Village,MI
DeWitt,MI
Dearborn,MI
Dearborn Heights,MI
Decatur,MI
Deckerville,MI
Deerfield,MI
Delton,MI
Detroit,MI
Detroit Beach,MI
Dexter,MI
Dimondale,MI
Dodgeville,MI
Dollar Bay,MI
Dorr,MI
Douglas,MI
Dowagiac,MI
Dowling,MI
Dryden,MI
Dundee,MI
Durand,MI
Eagle,MI
Eagle Harbor,MI
Eagle River,MI
East Grand Rapids,MI
East Jordan,MI
East Lansing,MI
East Tawas,MI
Eastlake,MI
Eastpointe,MI
Eastport,MI
Eastwood,MI
Eaton Rapids,MI
Eau Claire,MI
Ecorse,MI
Edgemont Park,MI
Edmore,MI
Edwardsburg,MI
Elberta,MI
Elk Rapids,MI
Elkton,MI
Ellsworth,MI
Elm Hall,MI
Elsie,MI
Emmett,MI
Empire,MI
Escanaba,MI
Essexville,MI
Estral Beach,MI
Eureka,MI
Evart,MI
Ewen,MI
Fair Plain,MI
Fairgrove,MI
Falmouth,MI
Farmington,MI
Farmington Hills,MI
Farwell,MI
Fennville,MI
Fenton,MI
Ferndale,MI
Ferrysburg,MI
Fife Lake,MI
Filer City,MI
Flat Rock,MI
Flint,MI
Flushing,MI
Forest Hills,MI
Forestville,MI
Fostoria,MI
Fountain,MI
Fowler,MI
Fowlerville,MI
Frankenmuth,MI
Frankfort,MI
Franklin,MI
Fraser,MI
Free Soil,MI
Freeland,MI
Freeport,MI
Fremont,MI
Fruitport,MI
Fulton,MI
Gaastra,MI
Gagetown,MI
Gaines,MI
Galesburg,MI
Galien,MI
Garden,MI
Garden City,MI
Gaylord,MI
Gibraltar,MI
Gladstone,MI
Gladwin,MI
Glen Arbor,MI
Gobles,MI
Goodrich,MI
Grand Beach,MI
Grand Blanc,MI
Grand Haven,MI
Grand Ledge,MI
Grand Marais,MI
Grand Rapids,MI
Grandville,MI
Grant,MI
Grass Lake,MI
Grawn,MI
Grayling,MI
Greenland,MI
Greenville,MI
Greilickville,MI
Grosse Pointe,MI
Grosse Pointe Farms,MI
Grosse Pointe Park,MI
Grosse Pointe Woods,MI
Gwinn,MI
Hamtramck,MI
Hancock,MI
Hanover,MI
Harbor Beach,MI
Harbor Springs,MI
Hardwood Acres,MI
Haring,MI
Harper Woods,MI
Harrietta,MI
Harrison,MI
Harrisville,MI
Hart,MI
Hartford,MI
Hartland,MI
Harvey,MI
Haslett,MI
Hastings,MI
Hazel Park,MI
Hemlock,MI
Henderson,MI
Hermansville,MI
Hersey,MI
Hesperia,MI
Hickory Corners,MI
Highland Park,MI
Hillman,MI
Hillsdale,MI
Holland,MI
Holly,MI
Holt,MI
Homer,MI
Honor,MI
Hopkins,MI
Horton Bay,MI
Houghton,MI
Houghton Lake,MI
Howard City,MI
Howell,MI
Hubbard Lake,MI
Hubbardston,MI
Hubbell,MI
Hudson,MI
Hudsonville,MI
Huntington Woods,MI
Hurontown,MI
Ida,MI
Imlay City,MI
Indian River,MI
Inkster,MI
Interlochen,MI
Ionia,MI
Iron Mountain,MI
Iron River,MI
Ironton,MI
Ironwood,MI
Ishpeming,MI
Ithaca,MI
Jackson,MI
Jasper,MI
Jenison,MI
Jennings,MI
Jonesville,MI
K. I. Sawyer,MI
Kalamazoo,MI
Kaleva,MI
Kalkaska,MI
Keego Harbor,MI
Kent City,MI
Kentwood,MI
Kincheloe,MI
Kinde,MI
Kingsford,MI
Kingsley,MI
Kingston,MI
L'Anse,MI
Laingsburg,MI
Lake Angelus,MI
Lake Ann,MI
Lake City,MI
Lake Fenton,MI
Lake Gogebic,MI
Lake Isabella,MI
Lake LeAnn,MI
Lake Leelanau,MI
Lake Linden,MI
Lake Michigan Beach,MI
Lake Odessa,MI
Lake Orion,MI
Lake Victoria,MI
Lakeport,MI
Lakes of the North,MI
Lakeview,MI
Lakewood Club,MI
Lambertville,MI
Lamont,MI
Lansing,MI
Lapeer,MI
Lathrup Village,MI
Laurium,MI
Lawrence,MI
Lawton,MI
Le Roy,MI
Leland,MI
Lennon,MI
Leonard,MI
Leslie,MI
Level Park-Oak Park,MI
Levering,MI
Lewiston,MI
Lexington,MI
Lincoln,MI
Lincoln Park,MI
Linden,MI
Litchfield,MI
Livonia,MI
Loomis,MI
Lost Lake Woods,MI
Lowell,MI
Ludington,MI
Luna Pier,MI
Lupton,MI
Luther,MI
Lyons,MI
Mackinac Island,MI
Mackinaw City,MI
Madison Heights,MI
Mancelona,MI
Manchester,MI
Manistee,MI
Manistee Lake,MI
Manistique,MI
Manitou Beach-Devils Lake,MI
Manton,MI
Maple City,MI
Maple Grove,MI
Maple Rapids,MI
Marcellus,MI
Marenisco,MI
Marine City,MI
Marion,MI
Marlette,MI
Marquette,MI
Marshall,MI
Martin,MI
Marysville,MI
Mason,MI
Mass City,MI
Mattawan,MI
Maybee,MI
Mayville,MI
McBain,MI
McBride,MI
Mears,MI
Mecosta,MI
Melvin,MI
Melvindale,MI
Memphis,MI
Mendon,MI
Menominee,MI
Merrill,MI
Mesick,MI
Metamora,MI
Michiana,MI
Michigamme,MI
Michigan Center,MI
Middletown,MI
Middleville,MI
Midland,MI
Milan,MI
Milford,MI
Millburg,MI
Millers Lake,MI
Millersburg,MI
Millington,MI
Minden City,MI
Mio,MI
Mohawk,MI
Monroe,MI
Montague,MI
Montgomery,MI
Montrose,MI
Morenci,MI
Morley,MI
Morrice,MI
Mount Clemens,MI
Mount Morris,MI
Mount Pleasant,MI
Muir,MI
Mulliken,MI
Munising,MI
Muskegon,MI
Muskegon Heights,MI
Napoleon,MI
Nashville,MI
Naubinway,MI
Negaunee,MI
Nessen City,MI
New Baltimore,MI
New Buffalo,MI
New Era,MI
New Haven,MI
New Lothrop,MI
New Troy,MI
Newaygo,MI
Newberry,MI
Niles,MI
North Adams,MI
North Branch,MI
North Muskegon,MI
Northport,MI
Northview,MI
Northville,MI
Norton Shores,MI
Norway,MI
Norwood,MI
Novi,MI
Nunica,MI
Oak Hill,MI
Oak Park,MI
Oakley,MI
Oden,MI
Okemos,MI
Olivet,MI
Omena,MI
Omer,MI
Onaway,MI
Onekama,MI
Onsted,MI
Ontonagon,MI
Ortonville,MI
Oscoda,MI
Ossineke,MI
Otisville,MI
Otsego,MI
Otter Lake,MI
Ovid,MI
Owendale,MI
Owosso,MI
Oxford,MI
Painesdale,MI
Palmer,MI
Palo,MI
Parchment,MI
Paris,MI
Parkdale,MI
Parma,MI
Paw Paw,MI
Paw Paw Lake,MI
Pearl Beach,MI
Peck,MI
Pelkie,MI
Pellston,MI
Pentwater,MI
Perrinton,MI
Perry,MI
Petersburg,MI
Petoskey,MI
Pewamo,MI
Pierson,MI
Pigeon,MI
Pilgrim,MI
Pinckney,MI
Pinconning,MI
Pittsford,MI
Plainwell,MI
Pleasant Ridge,MI
Plymouth,MI
Ponshewaing,MI
Pontiac,MI
Port Austin,MI
Port Hope,MI
Port Huron,MI
Port Sanilac,MI
Portage,MI
Portland,MI
Posen,MI
Potterville,MI
Powers,MI
Prescott,MI
Presque Isle Harbor,MI
Prudenville,MI
Quincy,MI
Quinnesec,MI
Ramsay,MI
Rapid City,MI
Rapid River,MI
Ravenna,MI
Reading,MI
Reed City,MI
Reese,MI
Republic,MI
Richland,MI
Richmond,MI
River Rouge,MI
Riverdale,MI
Riverview,MI
Robin Glen-Indiantown,MI
Rochester,MI
Rochester Hills,MI
Rock,MI
Rockford,MI
Rockland,MI
Rockwood,MI
Rogers City,MI
Romeo,MI
Romulus,MI
Roosevelt Park,MI
Roscommon,MI
Rose City,MI
Rosebush,MI
Roseville,MI
Rothbury,MI
Royal Oak,MI
Ruby,MI
Saginaw,MI
Saline,MI
Sand Lake,MI
Sandusky,MI
Sanford,MI
Saranac,MI
Saugatuck,MI
Sault Ste. Marie,MI
Schoolcraft,MI
Scotts,MI
Scottville,MI
Sebewaing,MI
Shaftsburg,MI
Shelby,MI
Shepherd,MI
Sheridan,MI
Sherwood,MI
Shields,MI
Shoreham,MI
Shorewood-Tower Hills-Harbert,MI
Skanee,MI
Skidway Lake,MI
Snover,MI
South Boardman,MI
South Gull Lake,MI
South Haven,MI
South Lyon,MI
South Monroe,MI
South Range,MI
South Rockwood,MI
Southfield,MI
Southgate,MI
Sparta,MI
Spring Arbor,MI
Spring Lake,MI
Springfield,MI
Springport,MI
St. Charles,MI
St. Clair,MI
St. Clair Shores,MI
St. Helen,MI
St. Ignace,MI
St. James,MI
St. Johns,MI
St. Joseph,MI
St. Louis,MI
Standish,MI
Stanton,MI
Stanwood,MI
Stephenson,MI
Sterling,MI
Sterling Heights,MI
Stevensville,MI
Stockbridge,MI
Stony Point,MI
Stronach,MI
Sturgis,MI
Sunfield,MI
Suttons Bay,MI
Swartz Creek,MI
Sylvan Lake,MI
Tawas City,MI
Taylor,MI
Tecumseh,MI
Tekonsha,MI
Temperance,MI
Thompsonville,MI
Three Lakes,MI
Three Oaks,MI
Three Rivers,MI
Tower,MI
Traverse City,MI
Trenton,MI
Trimountain,MI
Trowbridge Park,MI
Troy,MI
Trufant,MI
Turner,MI
Tustin,MI
Twin Lake,MI
Twining,MI
Ubly,MI
Union City,MI
Unionville,MI
Utica,MI
Vandalia,MI
Vanderbilt,MI
Vandercook Lake,MI
Vassar,MI
Vermontville,MI
Vernon,MI
Vicksburg,MI
Vineyard Lake,MI
Wacousta,MI
Wakefield,MI
Waldron,MI
Walker,MI
Walkerville,MI
Walled Lake,MI
Walloon Lake,MI
Warren,MI
Watersmeet,MI
Watervliet,MI
Waverly,MI
Wayland,MI
Wayne,MI
Webberville,MI
Wedgewood,MI
Weidman,MI
Wellston,MI
West Branch,MI
West Ishpeming,MI
West Monroe,MI
Westland,MI
Westphalia,MI
Westwood,MI
White Cloud,MI
White Pigeon,MI
White Pine,MI
Whitehall,MI
Whitmore Lake,MI
Whittemore,MI
Williamston,MI
Winn,MI
Wixom,MI
Wolf Lake,MI
Wolverine,MI
Wolverine Lake,MI
Woodhaven,MI
Woodland,MI
Woodland Beach,MI
Wyandotte,MI
Wyoming,MI
Yale,MI
Ypsilanti,MI
Zeba,MI
Zeeland,MI
Zilwaukee,MI
Ada,MN
Adams,MN
Adrian,MN
Afton,MN
Aitkin,MN
Akeley,MN
Albany,MN
Albert Lea,MN
Alberta,MN
Albertville,MN
Alden,MN
Aldrich,MN
Alexandria,MN
Alpha,MN
Altura,MN
Alvarado,MN
Amboy,MN
Andover,MN
Angle Inlet,MN
Annandale,MN
Anoka,MN
Apple Valley,MN
Appleton,MN
Arco,MN
Arden Hills,MN
Argyle,MN
Arlington,MN
Ashby,MN
Askov,MN
Atwater,MN
Audubon,MN
Aurora,MN
Austin,MN
Avoca,MN
Avon,MN
Babbitt,MN
Backus,MN
Badger,MN
Bagley,MN
Baker,MN
Balaton,MN
Ball Club,MN
Barnesville,MN
Barnum,MN
Barrett,MN
Barry,MN
Battle Lake,MN
Baudette,MN
Baxter,MN
Bayport,MN
Beardsley,MN
Beaulieu,MN
Beaver Bay,MN
Beaver Creek,MN
Becker,MN
Bejou,MN
Belgrade,MN
Belle Plaine,MN
Bellechester,MN
Bellingham,MN
Beltrami,MN
Belview,MN
Bemidji,MN
Bena,MN
Benson,MN
Bertha,MN
Bethel,MN
Big Falls,MN
Big Lake,MN
Bigelow,MN
Bigfork,MN
Bingham Lake,MN
Bird Island,MN
Biscay,MN
Biwabik,MN
Blackduck,MN
Blaine,MN
Blomkest,MN
Blooming Prairie,MN
Bloomington,MN
Blue Earth,MN
Bluffton,MN
Bock,MN
Borup,MN
Bovey,MN
Bowlus,MN
Boy River,MN
Boyd,MN
Braham,MN
Brainerd,MN
Brandon,MN
Breckenridge,MN
Breezy Point,MN
Brewster,MN
Bricelyn,MN
Brook Park,MN
Brooklyn Center,MN
Brooklyn Park,MN
Brooks,MN
Brookston,MN
Brooten,MN
Browerville,MN
Browns Valley,MN
Brownsdale,MN
Brownsville,MN
Brownton,MN
Bruno,MN
Buckman,MN
Buffalo,MN
Buffalo Lake,MN
Buhl,MN
Burnsville,MN
Burtrum,MN
Butterfield,MN
Byron,MN
Caledonia,MN
Callaway,MN
Calumet,MN
Cambridge,MN
Campbell,MN
Canby,MN
Cannon Falls,MN
Canton,MN
Carlos,MN
Carlton,MN
Carver,MN
Cass Lake,MN
Cedar Mills,MN
Center City,MN
Centerville,MN
Ceylon,MN
Champlin,MN
Chandler,MN
Chanhassen,MN
Chaska,MN
Chatfield,MN
Chickamaw Beach,MN
Chisago City,MN
Chisholm,MN
Chokio,MN
Circle Pines,MN
Clara City,MN
Claremont,MN
Clarissa,MN
Clarkfield,MN
Clarks Grove,MN
Clear Lake,MN
Clearbrook,MN
Clearwater,MN
Clements,MN
Cleveland,MN
Climax,MN
Clinton,MN
Clitherall,MN
Clontarf,MN
Cloquet,MN
Coates,MN
Cobden,MN
Cohasset,MN
Cokato,MN
Cold Spring,MN
Coleraine,MN
Cologne,MN
Columbia Heights,MN
Columbus,MN
Comfrey,MN
Comstock,MN
Conger,MN
Cook,MN
Coon Rapids,MN
Corcoran,MN
Correll,MN
Cosmos,MN
Cottage Grove,MN
Cottonwood,MN
Courtland,MN
Credit River,MN
Cromwell,MN
Crookston,MN
Crosby,MN
Crown College,MN
Crystal,MN
Currie,MN
Cuyuna,MN
Cyrus,MN
Dakota,MN
Dalton,MN
Danube,MN
Danvers,MN
Darfur,MN
Darwin,MN
Dassel,MN
Dawson,MN
Dayton,MN
De Graff,MN
Deephaven,MN
Deer Creek,MN
Deer River,MN
Deerwood,MN
Delano,MN
Delavan,MN
Delhi,MN
Dellwood,MN
Denham,MN
Dennison,MN
Dent,MN
Detroit Lakes,MN
Dexter,MN
Dilworth,MN
Dodge Center,MN
Donaldson,MN
Donnelly,MN
Doran,MN
Dover,MN
Dovray,MN
Dresbach,MN
Duluth,MN
Dumont,MN
Dundas,MN
Dundee,MN
Dunnell,MN
Eagan,MN
Eagle Bend,MN
Eagle Lake,MN
East Bethel,MN
East Grand Forks,MN
East Gull Lake,MN
Easton,MN
Ebro,MN
Echo,MN
Eden Prairie,MN
Eden Valley,MN
Edgerton,MN
Edina,MN
Effie,MN
Eitzen,MN
Elba,MN
Elbow Lake,MN
Elgin,MN
Elizabeth,MN
Elk River,MN
Elko New Market,MN
Elkton,MN
Ellendale,MN
Ellsworth,MN
Elmdale,MN
Elmore,MN
Elrosa,MN
Ely,MN
Elysian,MN
Emily,MN
Emmons,MN
Erhard,MN
Erskine,MN
Esko,MN
Essig,MN
Evan,MN
Evansville,MN
Eveleth,MN
Excelsior,MN
Eyota,MN
Fairfax,MN
Fairhaven,MN
Fairmont,MN
Falcon Heights,MN
Faribault,MN
Farmington,MN
Farwell,MN
Federal Dam,MN
Felton,MN
Fergus Falls,MN
Fertile,MN
Fifty Lakes,MN
Finland,MN
Finlayson,MN
Fisher,MN
Flensburg,MN
Floodwood,MN
Florence,MN
Foley,MN
Forada,MN
Forest Lake,MN
Foreston,MN
Fort Ripley,MN
Fosston,MN
Fountain,MN
Foxhome,MN
Franklin,MN
Frazee,MN
Freeborn,MN
Freeport,MN
Fridley,MN
Frontenac,MN
Frost,MN
Fulda,MN
Funkley,MN
Garden City,MN
Garfield,MN
Garrison,MN
Garvin,MN
Gary,MN
Gaylord,MN
Gem Lake,MN
Geneva,MN
Genola,MN
Georgetown,MN
Ghent,MN
Gibbon,MN
Gilbert,MN
Gilman,MN
Glencoe,MN
Glenville,MN
Glenwood,MN
Glyndon,MN
Golden Valley,MN
Gonvick,MN
Good Thunder,MN
Goodhue,MN
Goodland,MN
Goodridge,MN
Goodview,MN
Graceville,MN
Granada,MN
Grand Marais,MN
Grand Meadow,MN
Grand Rapids,MN
Granite Falls,MN
Grant,MN
Grasston,MN
Green Isle,MN
Greenbush,MN
Greenfield,MN
Greenwald,MN
Greenwood,MN
Grey Eagle,MN
Grove City,MN
Grygla,MN
Gully,MN
Hackensack,MN
Hadley,MN
Hallock,MN
Halma,MN
Halstad,MN
Ham Lake,MN
Hamburg,MN
Hammond,MN
Hampton,MN
Hancock,MN
Hanley Falls,MN
Hanover,MN
Hanska,MN
Harding,MN
Hardwick,MN
Harmony,MN
Harris,MN
Hartland,MN
Hastings,MN
Hatfield,MN
Hawley,MN
Hayfield,MN
Hayward,MN
Hazel Run,MN
Hector,MN
Heidelberg,MN
Henderson,MN
Hendricks,MN
Hendrum,MN
Henning,MN
Henriette,MN
Herman,MN
Hermantown,MN
Heron Lake,MN
Hewitt,MN
Hibbing,MN
High Forest,MN
Hill City,MN
Hillman,MN
Hills,MN
Hilltop,MN
Hinckley,MN
Hitterdal,MN
Hoffman,MN
Hokah,MN
Holdingford,MN
Holland,MN
Hollandale,MN
Holloway,MN
Holt,MN
Homer,MN
Hopkins,MN
Houston,MN
Howard Lake,MN
Hoyt Lakes,MN
Hubbard,MN
Hugo,MN
Humboldt,MN
Hutchinson,MN
Ihlen,MN
Independence,MN
Inger,MN
International Falls,MN
Inver Grove Heights,MN
Iona,MN
Iron Junction,MN
Ironton,MN
Isanti,MN
Isle,MN
Ivanhoe,MN
Jackson,MN
Janesville,MN
Jasper,MN
Jeffers,MN
Jenkins,MN
Johnson,MN
Jordan,MN
Kandiyohi,MN
Karlstad,MN
Kasota,MN
Kasson,MN
Keewatin,MN
Kelliher,MN
Kellogg,MN
Kennedy,MN
Kenneth,MN
Kensington,MN
Kent,MN
Kenyon,MN
Kerkhoven,MN
Kerrick,MN
Kettle River,MN
Kiester,MN
Kilkenny,MN
Kimball,MN
Kinbrae,MN
Kingston,MN
Kinney,MN
Knife River,MN
La Crescent,MN
La Prairie,MN
La Salle,MN
Lafayette,MN
Lake Benton,MN
Lake Bronson,MN
Lake City,MN
Lake Crystal,MN
Lake Elmo,MN
Lake George,MN
Lake Henry,MN
Lake Lillian,MN
Lake Park,MN
Lake Shore,MN
Lake St. Croix Beach,MN
Lake Wilson,MN
Lakefield,MN
Lakeland,MN
Lakeland Shores,MN
Lakeville,MN
Lamberton,MN
Lancaster,MN
Landfall,MN
Lanesboro,MN
Lansing,MN
Laporte,MN
Lastrup,MN
Lauderdale,MN
Le Center,MN
Le Roy,MN
Le Sueur,MN
Lengby,MN
Leonard,MN
Leonidas,MN
Leota,MN
Lester Prairie,MN
Lewiston,MN
Lewisville,MN
Lexington,MN
Lilydale,MN
Lindstrom,MN
Lino Lakes,MN
Lismore,MN
Litchfield,MN
Little Canada,MN
Little Falls,MN
Little Rock,MN
Littlefork,MN
Long Beach,MN
Long Lake,MN
Long Prairie,MN
Longville,MN
Lonsdale,MN
Loretto,MN
Louisburg,MN
Lowry,MN
Lucan,MN
Lutsen,MN
Luverne,MN
Lyle,MN
Lynd,MN
Mabel,MN
Madelia,MN
Madison,MN
Madison Lake,MN
Magnolia,MN
Mahnomen,MN
Mahtomedi,MN
Mahtowa,MN
Manchester,MN
Manhattan Beach,MN
Mankato,MN
Mantorville,MN
Maple Grove,MN
Maple Lake,MN
Maple Plain,MN
Mapleton,MN
Mapleview,MN
Maplewood,MN
Marble,MN
Marietta,MN
Marine on St. Croix,MN
Marion,MN
Marshall,MN
Martin Lake,MN
Mayer,MN
Maynard,MN
Mazeppa,MN
McGrath,MN
McGregor,MN
McIntosh,MN
McKinley,MN
Meadowlands,MN
Medford,MN
Medicine Lake,MN
Medina,MN
Meire Grove,MN
Melrose,MN
Menahga,MN
Mendota,MN
Mendota Heights,MN
Mentor,MN
Merrifield,MN
Middle River,MN
Midway,MN
Miesville,MN
Milaca,MN
Milan,MN
Millerville,MN
Millville,MN
Milroy,MN
Miltona,MN
Minneapolis,MN
Minneiska,MN
Minneota,MN
Minnesota City,MN
Minnesota Lake,MN
Minnetonka,MN
Minnetonka Beach,MN
Minnetrista,MN
Mizpah,MN
Montevideo,MN
Montgomery,MN
Monticello,MN
Montrose,MN
Moorhead,MN
Moose Lake,MN
Mora,MN
Morgan,MN
Morris,MN
Morristown,MN
Morton,MN
Motley,MN
Mound,MN
Mounds View,MN
Mountain Iron,MN
Mountain Lake,MN
Murdock,MN
Myrtle,MN
Nashua,MN
Nashwauk,MN
Nassau,MN
Naytahwaush,MN
Nelson,MN
Nerstrand,MN
Nevis,MN
New Auburn,MN
New Brighton,MN
New Germany,MN
New Hope,MN
New London,MN
New Munich,MN
New Prague,MN
New Richland,MN
New Trier,MN
New Ulm,MN
New York Mills,MN
Newfolden,MN
Newport,MN
Nicollet,MN
Nielsville,MN
Nimrod,MN
Nisswa,MN
Norcross,MN
North Branch,MN
North Mankato,MN
North Oaks,MN
North St. Paul,MN
Northfield,MN
Northome,MN
Northrop,MN
Norwood Young America,MN
Nowthen,MN
Oak Grove,MN
Oak Park Heights,MN
Oakdale,MN
Odessa,MN
Odin,MN
Ogema,MN
Ogilvie,MN
Okabena,MN
Oklee,MN
Olivia,MN
Onamia,MN
Ormsby,MN
Orono,MN
Oronoco,MN
Orr,MN
Ortonville,MN
Osage,MN
Osakis,MN
Oslo,MN
Osseo,MN
Ostrander,MN
Otsego,MN
Ottertail,MN
Owatonna,MN
Palisade,MN
Park Rapids,MN
Parkers Prairie,MN
Paynesville,MN
Pease,MN
Pelican Rapids,MN
Pemberton,MN
Pennock,MN
Pequot Lakes,MN
Perham,MN
Perley,MN
Peterson,MN
Pickwick,MN
Pierz,MN
Pillager,MN
Pine Bend,MN
Pine City,MN
Pine Island,MN
Pine Point,MN
Pine River,MN
Pine Springs,MN
Pipestone,MN
Plainview,MN
Plato,MN
Plummer,MN
Plymouth,MN
Ponemah,MN
Porter,MN
Preston,MN
Princeton,MN
Prinsburg,MN
Prior Lake,MN
Proctor,MN
Quamba,MN
Racine,MN
Ramsey,MN
Randall,MN
Randolph,MN
Ranier,MN
Raymond,MN
Red Lake,MN
Red Lake Falls,MN
Red Wing,MN
Redby,MN
Redwood Falls,MN
Regal,MN
Remer,MN
Renville,MN
Revere,MN
Rice,MN
Rice Lake,MN
Richfield,MN
Richmond,MN
Richville,MN
Riverland,MN
Riverton,MN
Robbinsdale,MN
Rochester,MN
Rock Creek,MN
Rockford,MN
Rockville,MN
Rogers,MN
Rollingstone,MN
Ronneby,MN
Roosevelt,MN
Roscoe,MN
Rose Creek,MN
Roseau,MN
Rosemount,MN
Roseville,MN
Rothsay,MN
Round Lake,MN
Roy Lake,MN
Royalton,MN
Rush City,MN
Rushford,MN
Rushford Village,MN
Rushmore,MN
Russell,MN
Ruthton,MN
Rutledge,MN
Sabin,MN
Sacred Heart,MN
Saint John's University,MN
Sanborn,MN
Sandstone,MN
Sargeant,MN
Sartell,MN
Sauk Centre,MN
Sauk Rapids,MN
Savage,MN
Scandia,MN
Scanlon,MN
Seaforth,MN
Searles,MN
Sebeka,MN
Sedan,MN
Shafer,MN
Shakopee,MN
Shelly,MN
Sherburn,MN
Shevlin,MN
Shoreview,MN
Shorewood,MN
Silver Bay,MN
Silver Creek,MN
Silver Lake,MN
Skyline,MN
Slayton,MN
Sleepy Eye,MN
Sobieski,MN
Solway,MN
Soudan,MN
South End,MN
South Haven,MN
South St. Paul,MN
Spicer,MN
Spring Grove,MN
Spring Hill,MN
Spring Lake Park,MN
Spring Park,MN
Spring Valley,MN
Springfield,MN
Squaw Lake,MN
St. Anthony,MN
St. Augusta,MN
St. Bonifacius,MN
St. Charles,MN
St. Clair,MN
St. Cloud,MN
St. Francis,MN
St. Hilaire,MN
St. James,MN
St. Joseph,MN
St. Leo,MN
St. Louis Park,MN
St. Martin,MN
St. Marys Point,MN
St. Michael,MN
St. Paul,MN
St. Paul Park,MN
St. Peter,MN
St. Rosa,MN
St. Stephen,MN
St. Vincent,MN
Stacy,MN
Stanchfield,MN
Staples,MN
Starbuck,MN
Steen,MN
Stephen,MN
Stewart,MN
Stewartville,MN
Stillwater,MN
Stockton,MN
Storden,MN
Strandquist,MN
Strathcona,MN
Sturgeon Lake,MN
Sunburg,MN
Sunfish Lake,MN
Swanville,MN
Taconite,MN
Tamarack,MN
Taopi,MN
Taunton,MN
Taylors Falls,MN
Tenstrike,MN
The Lakes,MN
The Ranch,MN
Thief River Falls,MN
Tintah,MN
Tonka Bay,MN
Tower,MN
Tracy,MN
Trail,MN
Trimont,MN
Trommald,MN
Trosky,MN
Truman,MN
Turtle River,MN
Twin Lakes,MN
Twin Valley,MN
Two Harbors,MN
Tyler,MN
Ulen,MN
Underwood,MN
Upsala,MN
Urbank,MN
Utica,MN
Vadnais Heights,MN
Vergas,MN
Vermillion,MN
Verndale,MN
Vernon Center,MN
Vesta,MN
Victoria,MN
Viking,MN
Villard,MN
Vineland,MN
Vining,MN
Virginia,MN
Wabasha,MN
Wabasso,MN
Waconia,MN
Wadena,MN
Wahkon,MN
Waite Park,MN
Waldorf,MN
Walker,MN
Walnut Grove,MN
Walters,MN
Waltham,MN
Wanamingo,MN
Wanda,MN
Warba,MN
Warren,MN
Warroad,MN
Warsaw,MN
Waseca,MN
Watertown,MN
Waterville,MN
Watkins,MN
Watson,MN
Waubun,MN
Waverly,MN
Wayzata,MN
Welcome,MN
Wells,MN
Wendell,MN
West Concord,MN
West Roy Lake,MN
West St. Paul,MN
West Union,MN
Westbrook,MN
Westport,MN
Whalan,MN
Wheaton,MN
Whipholt,MN
White Bear Lake,MN
White Earth,MN
Wilder,MN
Willernie,MN
Williams,MN
Willmar,MN
Willow River,MN
Wilmont,MN
Wilton,MN
Windom,MN
Winger,MN
Winnebago,MN
Winona,MN
Winsted,MN
Winthrop,MN
Winton,MN
Wolf Lake,MN
Wolverton,MN
Wood Lake,MN
Woodbury,MN
Woodland,MN
Woodstock,MN
Worthington,MN
Wrenshall,MN
Wright,MN
Wykoff,MN
Wyoming,MN
Zemple,MN
Zimmerman,MN
Zumbro Falls,MN
Zumbrota,MN
Adrian,MO
Advance,MO
Affton,MO
Agency,MO
Airport Drive,MO
Alba,MO
Albany,MO
Aldrich,MO
Alexandria,MO
Allendale,MO
Allenville,MO
Alma,MO
Altamont,MO
Altenburg,MO
Alton,MO
Amazonia,MO
Amity,MO
Amoret,MO
Amsterdam,MO
Anderson,MO
Annada,MO
Annapolis,MO
Anniston,MO
Appleton City,MO
Arbela,MO
Arbyrd,MO
Arcadia,MO
Archie,MO
Arcola,MO
Argyle,MO
Arkoe,MO
Armstrong,MO
Arnold,MO
Arrow Point,MO
Arrow Rock,MO
Asbury,MO
Ash Grove,MO
Ashburn,MO
Ashland,MO
Ashley,MO
Atlanta,MO
Augusta,MO
Aullville,MO
Aurora,MO
Aurora Springs,MO
Auxvasse,MO
Ava,MO
Avalon,MO
Avilla,MO
Avondale,MO
Bagnell,MO
Baker,MO
Bakersfield,MO
Baldwin Park,MO
Ballwin,MO
Baring,MO
Barnard,MO
Barnett,MO
Barnhart,MO
Bates City,MO
Battlefield,MO
Bel-Nor,MO
Bel-Ridge,MO
Bell City,MO
Bella Villa,MO
Belle,MO
Bellefontaine Neighbors,MO
Bellerive Acres,MO
Bellflower,MO
Belton,MO
Bennett Springs,MO
Bent Tree Harbor,MO
Benton,MO
Benton City,MO
Berger,MO
Berkeley,MO
Bernie,MO
Bertrand,MO
Bethany,MO
Bethel,MO
Beverly Hills,MO
Bevier,MO
Biehle,MO
Big Lake,MO
Big Spring,MO
Bigelow,MO
Billings,MO
Birch Tree,MO
Birmingham,MO
Bismarck,MO
Black Jack,MO
Blackburn,MO
Blackwater,MO
Blairstown,MO
Blanchard,MO
Bland,MO
Blodgett,MO
Bloomfield,MO
Bloomsdale,MO
Blue Eye,MO
Blue Springs,MO
Blue Summit,MO
Blythedale,MO
Bogard,MO
Bolckow,MO
Bolivar,MO
Bonne Terre,MO
Boonville,MO
Bosworth,MO
Bourbon,MO
Bowling Green,MO
Bragg City,MO
Brandsville,MO
Branson,MO
Branson West,MO
Brashear,MO
Braymer,MO
Breckenridge,MO
Breckenridge Hills,MO
Brentwood,MO
Brewer,MO
Briarwood Estates,MO
Bridgeton,MO
Brimson,MO
Bronaugh,MO
Brookfield,MO
Brooklyn Heights,MO
Broseley,MO
Browning,MO
Brownington,MO
Brumley,MO
Brunswick,MO
Bucklin,MO
Buckner,MO
Buell,MO
Buffalo,MO
Bull Creek,MO
Bunceton,MO
Bunker,MO
Burfordville,MO
Burgess,MO
Burlington Junction,MO
Butler,MO
Butterfield,MO
Byrnes Mill,MO
Cabool,MO
Cainsville,MO
Cairo,MO
Caledonia,MO
Calhoun,MO
California,MO
Callao,MO
Calverton Park,MO
Camden,MO
Camden Point,MO
Camdenton,MO
Cameron,MO
Campbell,MO
Canalou,MO
Canton,MO
Cape Girardeau,MO
Cardwell,MO
Carl Junction,MO
Carrollton,MO
Carterville,MO
Carthage,MO
Caruthersville,MO
Carytown,MO
Cassville,MO
Castle Point,MO
Catron,MO
Cave,MO
Cedar Hill,MO
Cedar Hill Lakes,MO
Center,MO
Centertown,MO
Centerview,MO
Centerville,MO
Centralia,MO
Chaffee,MO
Chain of Rocks,MO
Chain-O-Lakes,MO
Chamois,MO
Champ,MO
Charlack,MO
Charleston,MO
Charmwood,MO
Cherokee Pass,MO
Chesapeake,MO
Chesterfield,MO
Chilhowee,MO
Chillicothe,MO
Chula,MO
Clarence,MO
Clark,MO
Clarksburg,MO
Clarksdale,MO
Clarkson Valley,MO
Clarksville,MO
Clarkton,MO
Claycomo,MO
Clayton,MO
Clearmont,MO
Cleveland,MO
Clever,MO
Cliff Village,MO
Clifton Hill,MO
Climax Springs,MO
Clinton,MO
Clyde,MO
Cobalt,MO
Coffey,MO
Cole Camp,MO
Collins,MO
Columbia,MO
Commerce,MO
Conception,MO
Conception Junction,MO
Concord,MO
Concordia,MO
Coney Island,MO
Connelsville,MO
Conway,MO
Cool Valley,MO
Cooter,MO
Corder,MO
Corning,MO
Cosby,MO
Cottleville,MO
Country Club,MO
Country Club Hills,MO
Country Life Acres,MO
Cowgill,MO
Craig,MO
Crane,MO
Creighton,MO
Crestwood,MO
Creve Coeur,MO
Crocker,MO
Cross Timbers,MO
Crystal City,MO
Crystal Lake Park,MO
Crystal Lakes,MO
Cuba,MO
Curryville,MO
Dadeville,MO
Dalton,MO
Danville,MO
Dardenne Prairie,MO
Darlington,MO
Dawn,MO
De Kalb,MO
De Soto,MO
De Witt,MO
Dearborn,MO
Deepwater,MO
Deerfield,MO
Deering,MO
Defiance,MO
Dellwood,MO
Delta,MO
Dennis Acres,MO
Denton,MO
Denver,MO
Des Arc,MO
Des Peres,MO
Desloge,MO
Dexter,MO
Diamond,MO
Diehlstadt,MO
Diggins,MO
Dixon,MO
Doe Run,MO
Doniphan,MO
Doolittle,MO
Dover,MO
Downing,MO
Drexel,MO
Dudley,MO
Duenweg,MO
Duquesne,MO
Dutchtown,MO
Eagle Rock,MO
Eagleville,MO
East Lynne,MO
East Prairie,MO
Easton,MO
Edgar Springs,MO
Edgerton,MO
Edina,MO
Edinburg,MO
Edmundson,MO
El Dorado Springs,MO
Eldon,MO
Ellington,MO
Ellisville,MO
Ellsinore,MO
Elmer,MO
Elmira,MO
Elmo,MO
Elsberry,MO
Emerald Beach,MO
Eminence,MO
Emma,MO
Eolia,MO
Essex,MO
Ethel,MO
Eugene,MO
Eureka,MO
Evergreen,MO
Everton,MO
Ewing,MO
Excello,MO
Excelsior Estates,MO
Excelsior Springs,MO
Exeter,MO
Fair Grove,MO
Fair Play,MO
Fairdealing,MO
Fairfax,MO
Fairview,MO
Farber,MO
Farley,MO
Farmington,MO
Faucett,MO
Fayette,MO
Fenton,MO
Ferguson,MO
Ferrelview,MO
Festus,MO
Fidelity,MO
Fillmore,MO
Fisk,MO
Fleming,MO
Flemington,MO
Flint Hill,MO
Flordell Hills,MO
Florida,MO
Florissant,MO
Foley,MO
Fordland,MO
Forest City,MO
Foristell,MO
Forsyth,MO
Fort Leonard Wood,MO
Fortescue,MO
Fortuna,MO
Foster,MO
Fountain N' Lakes,MO
Frankclay,MO
Frankford,MO
Franklin,MO
Fredericktown,MO
Freeburg,MO
Freeman,MO
Freistatt,MO
Fremont,MO
Fremont Hills,MO
Friedenswald,MO
Frisbee,MO
Frohna,MO
Frontenac,MO
Fulton,MO
Gainesville,MO
Galena,MO
Gallatin,MO
Galt,MO
Garden City,MO
Gasconade,MO
Gentry,MO
Gerald,MO
Gerster,MO
Gibbs,MO
Gideon,MO
Gilliam,MO
Gilman City,MO
Ginger Blue,MO
Gladstone,MO
Glasgow,MO
Glasgow Village,MO
Glen Allen,MO
Glen Echo Park,MO
Glenaire,MO
Glendale,MO
Glenwood,MO
Golden,MO
Golden City,MO
Goodman,MO
Goose Creek Lake,MO
Gordonville,MO
Goss,MO
Gower,MO
Graham,MO
Grain Valley,MO
Granby,MO
Grand Falls Plaza,MO
Grand Pass,MO
Grandin,MO
Grandview,MO
Granger,MO
Grant City,MO
Grantwood Village,MO
Gravois Mills,MO
Gray Summit,MO
Grayhawk,MO
Grayridge,MO
Grayson,MO
Green City,MO
Green Park,MO
Green Ridge,MO
Greencastle,MO
Greendale,MO
Greenfield,MO
Greentop,MO
Greenville,MO
Greenwood,MO
Grovespring,MO
Guilford,MO
Gunn City,MO
Hale,MO
Halfway,MO
Hallsville,MO
Halltown,MO
Hamilton,MO
Hanley Hills,MO
Hannibal,MO
Hardin,MO
Harris,MO
Harrisburg,MO
Harrisonville,MO
Hartsburg,MO
Hartville,MO
Hartwell,MO
Harviell,MO
Harwood,MO
Hawk Point,MO
Hayti,MO
Hayti Heights,MO
Hayward,MO
Haywood City,MO
Hazelwood,MO
Henrietta,MO
Herculaneum,MO
Hermann,MO
Hermitage,MO
Higbee,MO
Higginsville,MO
High Hill,MO
High Ridge,MO
Highlandville,MO
Hillsboro,MO
Hillsdale,MO
Hoberg,MO
Holcomb,MO
Holden,MO
Holland,MO
Holliday,MO
Hollister,MO
Hollywood,MO
Holt,MO
Holts Summit,MO
Homestead,MO
Homestown,MO
Hopkins,MO
Horine,MO
Hornersville,MO
Houston,MO
Houston Lake,MO
Houstonia,MO
Howardville,MO
Hughesville,MO
Humansville,MO
Hume,MO
Humphreys,MO
Hunnewell,MO
Hunter,MO
Huntleigh,MO
Huntsdale,MO
Huntsville,MO
Hurdland,MO
Hurley,MO
Iantha,MO
Iatan,MO
Iberia,MO
Imperial,MO
Independence,MO
Indian Lake,MO
Indian Point,MO
Innsbrook,MO
Ionia,MO
Irena,MO
Iron Mountain Lake,MO
Irondale,MO
Ironton,MO
Irwin,MO
Jackson,MO
Jacksonville,MO
Jameson,MO
Jamesport,MO
Jamestown,MO
Jane,MO
Jasper,MO
Jefferson City,MO
Jennings,MO
Jerico Springs,MO
Jonesburg,MO
Joplin,MO
Josephville,MO
Junction City,MO
Kahoka,MO
Kansas City,MO
Kearney,MO
Kelso,MO
Kennett,MO
Keytesville,MO
Kidder,MO
Kimberling City,MO
Kimmswick,MO
King City,MO
Kingdom City,MO
Kingston,MO
Kingsville,MO
Kinloch,MO
Kirbyville,MO
Kirksville,MO
Kirkwood,MO
Kissee Mills,MO
Knob Lick,MO
Knob Noster,MO
Knox City,MO
Koshkonong,MO
La Belle,MO
La Grange,MO
La Monte,MO
La Plata,MO
La Russell,MO
La Tour,MO
LaBarque Creek,MO
Laclede,MO
Laddonia,MO
Ladue,MO
Lake Annette,MO
Lake Arrowhead,MO
Lake Lafayette,MO
Lake Lotawana,MO
Lake Ozark,MO
Lake Saint Clair,MO
Lake St. Louis,MO
Lake Tapawingo,MO
Lake Tekakwitha,MO
Lake Timberline,MO
Lake Viking,MO
Lake Waukomis,MO
Lake Winnebago,MO
Lakeshire,MO
Lakeside,MO
Lamar,MO
Lamar Heights,MO
Lambert,MO
Lanagan,MO
Lancaster,MO
Laredo,MO
Latham,MO
Lathrop,MO
Laurie,MO
Lawson,MO
Leadington,MO
Leadwood,MO
Leasburg,MO
Leawood,MO
Lebanon,MO
Lee's Summit,MO
Leeton,MO
Leisure Lake,MO
Lemay,MO
Leonard,MO
Leslie,MO
Levasy,MO
Lewis and Clark Village,MO
Lewistown,MO
Lexington,MO
Liberal,MO
Liberty,MO
Licking,MO
Lilbourn,MO
Lincoln,MO
Linn,MO
Linn Creek,MO
Linneus,MO
Lithium,MO
Livonia,MO
Loch Lloyd,MO
Lock Springs,MO
Lockwood,MO
Lohman,MO
Loma Linda,MO
Lone Jack,MO
Longtown,MO
Louisburg,MO
Louisiana,MO
Lowry City,MO
Lucerne,MO
Ludlow,MO
Lupus,MO
Luray,MO
Macks Creek,MO
Macon,MO
Madison,MO
Maitland,MO
Malden,MO
Malta Bend,MO
Manchester,MO
Mansfield,MO
Maplewood,MO
Marble Hill,MO
Marceline,MO
Marionville,MO
Marlborough,MO
Marquand,MO
Marshall,MO
Marshfield,MO
Marston,MO
Marthasville,MO
Martinsburg,MO
Maryland Heights,MO
Maryville,MO
Matthews,MO
Maysville,MO
Mayview,MO
McBaine,MO
McCord Bend,MO
McFall,MO
McKittrick,MO
Meadville,MO
Medill,MO
Mehlville,MO
Memphis,MO
Mendon,MO
Mercer,MO
Merriam Woods,MO
Merwin,MO
Meta,MO
Metz,MO
Mexico,MO
Miami,MO
Middle Grove,MO
Middletown,MO
Milan,MO
Milford,MO
Mill Spring,MO
Millard,MO
Miller,MO
Millersville,MO
Milo,MO
Mindenmines,MO
Mine La Motte,MO
Miner,MO
Mineral Point,MO
Miramiguoa Park,MO
Missouri City,MO
Moberly,MO
Mokane,MO
Moline Acres,MO
Monett,MO
Monroe City,MO
Montgomery City,MO
Monticello,MO
Montier,MO
Montreal,MO
Montrose,MO
Mooresville,MO
Morehouse,MO
Morley,MO
Morrison,MO
Morrisville,MO
Mosby,MO
Moscow Mills,MO
Mound City,MO
Moundville,MO
Mount Leonard,MO
Mount Moriah,MO
Mount Vernon,MO
Mountain Grove,MO
Mountain View,MO
Murphy,MO
Napoleon,MO
Naylor,MO
Neck City,MO
Neelyville,MO
Nelson,MO
Neosho,MO
Nevada,MO
New Bloomfield,MO
New Cambria,MO
New Florence,MO
New Franklin,MO
New Hamburg,MO
New Hampton,MO
New Haven,MO
New London,MO
New Madrid,MO
New Market,MO
New Melle,MO
New Wells,MO
Newark,MO
Newburg,MO
Newtonia,MO
Newtown,MO
Niangua,MO
Nixa,MO
Noel,MO
Norborne,MO
Normandy,MO
North Kansas City,MO
North Lilbourn,MO
Northmoor,MO
Northwoods,MO
Norwood,MO
Norwood Court,MO
Novelty,MO
Novinger,MO
O'Fallon,MO
Oak Grove,MO
Oak Grove Village,MO
Oak Ridge,MO
Oakland,MO
Oaks,MO
Oakview,MO
Oakville,MO
Oakwood,MO
Oakwood Park,MO
Odessa,MO
Old Appleton,MO
Old Jamestown,MO
Old Monroe,MO
Olean,MO
Olivette,MO
Olympian Village,MO
Oran,MO
Oregon,MO
Oronogo,MO
Orrick,MO
Osage Beach,MO
Osborn,MO
Osceola,MO
Osgood,MO
Otterville,MO
Overland,MO
Owensville,MO
Oxly,MO
Ozark,MO
Ozora,MO
Pacific,MO
Pagedale,MO
Palmyra,MO
Paradise,MO
Paris,MO
Park Hills,MO
Parkdale,MO
Parkville,MO
Parkway,MO
Parma,MO
Parnell,MO
Pasadena Hills,MO
Pasadena Park,MO
Pascola,MO
Passaic,MO
Pattonsburg,MO
Paynesville,MO
Peaceful Village,MO
Peculiar,MO
Pendleton,MO
Penermon,MO
Perkins,MO
Perry,MO
Perryville,MO
Pevely,MO
Phelps City,MO
Philadelphia,MO
Phillipsburg,MO
Pickering,MO
Piedmont,MO
Pierce City,MO
Pierpont,MO
Pilot Grove,MO
Pilot Knob,MO
Pine Lawn,MO
Pineville,MO
Pinhook,MO
Plato,MO
Platte City,MO
Platte Woods,MO
Plattsburg,MO
Pleasant Hill,MO
Pleasant Hope,MO
Pleasant Valley,MO
Plevna,MO
Pocahontas,MO
Pollock,MO
Polo,MO
Pomona,MO
Pontiac,MO
Poplar Bluff,MO
Portage Des Sioux,MO
Portageville,MO
Potosi,MO
Powersville,MO
Prairie Hill,MO
Prairie Home,MO
Prathersville,MO
Preston,MO
Princeton,MO
Purcell,MO
Purdin,MO
Purdy,MO
Puxico,MO
Queen City,MO
Quitman,MO
Qulin,MO
Raintree Plantation,MO
Randolph,MO
Ravanna,MO
Ravenwood,MO
Raymondville,MO
Raymore,MO
Raytown,MO
Rayville,MO
Rea,MO
Redings Mill,MO
Reeds,MO
Reeds Spring,MO
Renick,MO
Rensselaer,MO
Republic,MO
Revere,MO
Rhineland,MO
Rich Hill,MO
Richards,MO
Richland,MO
Richmond,MO
Richmond Heights,MO
Ridgely,MO
Ridgeway,MO
Risco,MO
Ritchey,MO
River Bend,MO
Riverside,MO
Riverview,MO
Riverview Estates,MO
Rives,MO
Rocheport,MO
Rock Hill,MO
Rock Port,MO
Rockaway Beach,MO
Rockville,MO
Rocky Comfort,MO
Rogersville,MO
Rolla,MO
Roscoe,MO
Rosebud,MO
Rosendale,MO
Rothville,MO
Rush Hill,MO
Rushville,MO
Russellville,MO
Rutledge,MO
Saddlebrooke,MO
Saginaw,MO
Saint Catharine,MO
Salem,MO
Salisbury,MO
Sappington,MO
Sarcoxie,MO
Savannah,MO
Saverton,MO
Schell City,MO
Scotsdale,MO
Scott City,MO
Sedalia,MO
Sedgewickville,MO
Seligman,MO
Senath,MO
Seneca,MO
Seymour,MO
Shakertowne,MO
Shawneetown,MO
Shelbina,MO
Shelbyville,MO
Sheldon,MO
Shell Knob,MO
Sheridan,MO
Shoal Creek Drive,MO
Shoal Creek Estates,MO
Shrewsbury,MO
Sibley,MO
Sikeston,MO
Silex,MO
Skidmore,MO
Slater,MO
Smithton,MO
Smithville,MO
South Fork,MO
South Gifford,MO
South Gorin,MO
South Greenfield,MO
South Lineville,MO
Southwest City,MO
Spanish Lake,MO
Sparta,MO
Spickard,MO
Spokane,MO
Springfield,MO
St. Ann,MO
St. Charles,MO
St. Clair,MO
St. Clement,MO
St. Cloud,MO
St. Elizabeth,MO
St. Francisville,MO
St. George,MO
St. James,MO
St. John,MO
St. Joseph,MO
St. Louis,MO
St. Martins,MO
St. Mary,MO
St. Paul,MO
St. Peters,MO
St. Robert,MO
St. Thomas,MO
Stanberry,MO
Stanton,MO
Stark City,MO
Ste. Genevieve,MO
Steele,MO
Steelville,MO
Stella,MO
Stewartsville,MO
Stockton,MO
Stotesbury,MO
Stotts City,MO
Stoutland,MO
Stoutsville,MO
Stover,MO
Strafford,MO
Strasburg,MO
Sturgeon,MO
Sugar Creek,MO
Sullivan,MO
Summer Set,MO
Summersville,MO
Sumner,MO
Sundown,MO
Sunrise Beach,MO
Sunset Hills,MO
Sweet Springs,MO
Sycamore Hills,MO
Syracuse,MO
Tallapoosa,MO
Taneyville,MO
Taos,MO
Tarkio,MO
Tarrants,MO
Tarsney Lakes,MO
Tebbetts,MO
Terre du Lac,MO
Thayer,MO
Theodosia,MO
Thomasville,MO
Three Creeks,MO
Tightwad,MO
Tina,MO
Tindall,MO
Tipton,MO
Town and Country,MO
Tracy,MO
Trenton,MO
Trimble,MO
Triplett,MO
Troy,MO
Truesdale,MO
Truxton,MO
Turney,MO
Tuscumbia,MO
Twin Oaks,MO
Umber View Heights,MO
Union,MO
Union Star,MO
Unionville,MO
Unity Village,MO
University City,MO
Uplands Park,MO
Urbana,MO
Urich,MO
Utica,MO
Valley Park,MO
Van Buren,MO
Vandalia,MO
Vandiver,MO
Vanduser,MO
Velda City,MO
Velda Village Hills,MO
Verona,MO
Versailles,MO
Vibbard,MO
Viburnum,MO
Vienna,MO
Villa Ridge,MO
Village of Four Seasons,MO
Vinita Park,MO
Vista,MO
Waco,MO
Walker,MO
Walnut Grove,MO
Wardell,MO
Wardsville,MO
Warrensburg,MO
Warrenton,MO
Warsaw,MO
Warson Woods,MO
Washburn,MO
Washington,MO
Wasola,MO
Watson,MO
Waverly,MO
Wayland,MO
Waynesville,MO
Weatherby,MO
Weatherby Lake,MO
Weaubleau,MO
Webb City,MO
Webster Groves,MO
Weingarten,MO
Weldon Spring,MO
Weldon Spring Heights,MO
Wellington,MO
Wellston,MO
Wellsville,MO
Wentworth,MO
Wentzville,MO
West Alton,MO
West Line,MO
West Plains,MO
West Sullivan,MO
Westboro,MO
Weston,MO
Westphalia,MO
Westwood,MO
Wheatland,MO
Wheaton,MO
Wheeling,MO
White Branch,MO
White Oak,MO
Whiteman AFB,MO
Whiteside,MO
Whitewater,MO
Whiting,MO
Wilbur Park,MO
Wildwood,MO
Willard,MO
Williamstown,MO
Williamsville,MO
Willow Springs,MO
Wilson City,MO
Winchester,MO
Windsor,MO
Windsor Place,MO
Winfield,MO
Winigan,MO
Winona,MO
Winston,MO
Wood Heights,MO
Woodson Terrace,MO
Wooldridge,MO
Worth,MO
Wortham,MO
Worthington,MO
Wright City,MO
Wyaconda,MO
Wyatt,MO
Zalma,MO
Abbeville,MS
Aberdeen,MS
Ackerman,MS
Agricola,MS
Alcorn State University,MS
Algoma,MS
Alligator,MS
Amory,MS
Anguilla,MS
Arcola,MS
Arkabutla,MS
Arnold Line,MS
Artesia,MS
Ashland,MS
Austin,MS
Baldwyn,MS
Bassfield,MS
Batesville,MS
Baxterville,MS
Bay Springs,MS
Bay St. Louis,MS
Beaumont,MS
Beauregard,MS
Beechwood,MS
Belmont,MS
Belzoni,MS
Benndale,MS
Benoit,MS
Benton,MS
Bentonia,MS
Bethlehem,MS
Beulah,MS
Big Creek,MS
Big Point,MS
Biggersville,MS
Biloxi,MS
Blue Mountain,MS
Blue Springs,MS
Bobo,MS
Bogue Chitto,MS
Bolivar,MS
Bolton,MS
Bond,MS
Booneville,MS
Bovina,MS
Boyle,MS
Brandon,MS
Braxton,MS
Bridgetown,MS
Brookhaven,MS
Brooksville,MS
Bruce,MS
Buckatunna,MS
Bude,MS
Burnsville,MS
Byhalia,MS
Byram,MS
Caledonia,MS
Calhoun City,MS
Canton,MS
Carrollton,MS
Carthage,MS
Cary,MS
Centreville,MS
Chalybeate,MS
Charleston,MS
Chunky,MS
Clara,MS
Clarksdale,MS
Cleary,MS
Cleveland,MS
Clinton,MS
Cloverdale,MS
Coahoma,MS
Coffeeville,MS
Coldwater,MS
Collins,MS
Collinsville,MS
Columbia,MS
Columbus,MS
Columbus AFB,MS
Como,MS
Conehatta,MS
Corinth,MS
Courtland,MS
Crawford,MS
Crenshaw,MS
Crosby,MS
Crowder,MS
Cruger,MS
Crystal Springs,MS
D'Iberville,MS
D'Lo,MS
Darling,MS
De Kalb,MS
De Soto,MS
DeLisle,MS
Decatur,MS
Delta City,MS
Dennis,MS
Derma,MS
Diamondhead,MS
Doddsville,MS
Drew,MS
Dublin,MS
Duck Hill,MS
Dumas,MS
Duncan,MS
Dundee,MS
Durant,MS
Eagle Bend,MS
Eastabuchie,MS
Ecru,MS
Eden,MS
Edwards,MS
Elizabeth,MS
Elliott,MS
Ellisville,MS
Enterprise,MS
Escatawpa,MS
Ethel,MS
Eudora,MS
Eupora,MS
Falcon,MS
Falkner,MS
Farmington,MS
Farrell,MS
Fayette,MS
Fernwood,MS
Flora,MS
Florence,MS
Flowood,MS
Forest,MS
Foxworth,MS
French Camp,MS
Friars Point,MS
Fulton,MS
Gattman,MS
Gautier,MS
Georgetown,MS
Glen,MS
Glen Allan,MS
Glendale,MS
Glendora,MS
Gloster,MS
Gluckstadt,MS
Golden,MS
Goodman,MS
Grace,MS
Greenville,MS
Greenwood,MS
Grenada,MS
Gulf Hills,MS
Gulf Park Estates,MS
Gulfport,MS
Gunnison,MS
Guntown,MS
Hamilton,MS
Harperville,MS
Hatley,MS
Hattiesburg,MS
Hazlehurst,MS
Heidelberg,MS
Helena,MS
Henderson Point,MS
Hermanville,MS
Hernando,MS
Hickory,MS
Hickory Flat,MS
Hide-A-Way Lake,MS
Hillsboro,MS
Holcomb,MS
Hollandale,MS
Holly Springs,MS
Horn Lake,MS
Houston,MS
Hurley,MS
Independence,MS
Indianola,MS
Inverness,MS
Isola,MS
Itta Bena,MS
Iuka,MS
Jacinto,MS
Jackson,MS
Jonestown,MS
Jumpertown,MS
Kearney Park,MS
Kilmichael,MS
Kiln,MS
Kirkville,MS
Kokomo,MS
Kosciusko,MS
Kossuth,MS
Lake,MS
Lakeview,MS
Lamar,MS
Lambert,MS
Latimer,MS
Lauderdale,MS
Laurel,MS
Leaf,MS
Leakesville,MS
Learned,MS
Leland,MS
Lena,MS
Lexington,MS
Liberty,MS
Long Beach,MS
Longview,MS
Louin,MS
Louise,MS
Louisville,MS
Lucedale,MS
Lula,MS
Lumberton,MS
Lyman,MS
Lynchburg,MS
Lyon,MS
Maben,MS
Macon,MS
Madison,MS
Magee,MS
Magnolia,MS
Mantachie,MS
Mantee,MS
Marietta,MS
Marion,MS
Marks,MS
Mathiston,MS
Mayersville,MS
McComb,MS
McCool,MS
McLain,MS
Meadville,MS
Mendenhall,MS
Meridian,MS
Meridian Station,MS
Merigold,MS
Metcalfe,MS
Mississippi State,MS
Mississippi Valley State University,MS
Mize,MS
Monticello,MS
Montrose,MS
Mooreville,MS
Moorhead,MS
Morgan City,MS
Morgantown,MS
Morton,MS
Moselle,MS
Moss Point,MS
Mound Bayou,MS
Mount Olive,MS
Mount Pleasant,MS
Myrtle,MS
Natchez,MS
Nellieburg,MS
Nettleton,MS
New Albany,MS
New Augusta,MS
New Hamilton,MS
New Hebron,MS
New Hope,MS
New Houlka,MS
New Site,MS
Newton,MS
Nicholson,MS
Nitta Yuma,MS
North Carrollton,MS
North Tunica,MS
Noxapater,MS
Oak Grove,MS
Oakland,MS
Ocean Springs,MS
Okolona,MS
Olive Branch,MS
Osyka,MS
Ovett,MS
Oxford,MS
Pace,MS
Pachuta,MS
Paden,MS
Panther Burn,MS
Paris,MS
Pascagoula,MS
Pass Christian,MS
Pattison,MS
Pearl,MS
Pearl River,MS
Pearlington,MS
Pelahatchie,MS
Petal,MS
Pheba,MS
Philadelphia,MS
Picayune,MS
Pickens,MS
Pittsboro,MS
Plantersville,MS
Polkville,MS
Pontotoc,MS
Pope,MS
Poplarville,MS
Port Gibson,MS
Porterville,MS
Potts Camp,MS
Prentiss,MS
Puckett,MS
Purvis,MS
Quitman,MS
Raleigh,MS
Randolph,MS
Rawls Springs,MS
Raymond,MS
Red Banks,MS
Redwater,MS
Redwood,MS
Rena Lara,MS
Renova,MS
Richland,MS
Richton,MS
Ridgeland,MS
Rienzi,MS
Ripley,MS
Robinhood,MS
Rolling Fork,MS
Rosedale,MS
Roxie,MS
Ruleville,MS
Runnelstown,MS
Sallis,MS
Saltillo,MS
Sandersville,MS
Sardis,MS
Satartia,MS
Saucier,MS
Schlater,MS
Scooba,MS
Scott,MS
Sebastopol,MS
Seminary,MS
Senatobia,MS
Shannon,MS
Sharon,MS
Shaw,MS
Shelby,MS
Sherman,MS
Shubuta,MS
Shuqualak,MS
Sidon,MS
Silver City,MS
Silver Creek,MS
Skene,MS
Slate Springs,MS
Sledge,MS
Smithville,MS
Snow Lake Shores,MS
Soso,MS
Southaven,MS
St. Martin,MS
Standing Pine,MS
Starkville,MS
State Line,MS
Stewart,MS
Stoneville,MS
Stonewall,MS
Strayhorn,MS
Sturgis,MS
Summit,MS
Sumner,MS
Sumrall,MS
Sunflower,MS
Sylvarena,MS
Symonds,MS
Taylor,MS
Taylorsville,MS
Tchula,MS
Terry,MS
Thaxton,MS
Tillatoba,MS
Tishomingo,MS
Toccopola,MS
Toomsuba,MS
Tremont,MS
Tucker,MS
Tula,MS
Tunica,MS
Tunica Resorts,MS
Tupelo,MS
Tutwiler,MS
Tylertown,MS
Union,MS
University,MS
Utica,MS
Vaiden,MS
Valley Park,MS
Van Vleet,MS
Vancleave,MS
Vardaman,MS
Verona,MS
Vicksburg,MS
Victoria,MS
Wade,MS
Walls,MS
Walnut,MS
Walnut Grove,MS
Walthall,MS
Water Valley,MS
Waterford,MS
Waveland,MS
Waynesboro,MS
Webb,MS
Weir,MS
Wesson,MS
West,MS
West Hattiesburg,MS
West Point,MS
Wheeler,MS
White Oak,MS
Wiggins,MS
Winona,MS
Winstonville,MS
Winterville,MS
Woodland,MS
Woodville,MS
Yazoo City,MS
Absarokee,MT
Acton,MT
Alberton,MT
Alder,MT
Alzada,MT
Amsterdam,MT
Anaconda,MT
Antelope,MT
Argenta,MT
Arlee,MT
Ashland,MT
Augusta,MT
Avon,MT
Ayers Ranch Colony,MT
Azure,MT
Babb,MT
Bainville,MT
Baker,MT
Ballantine,MT
Basin,MT
Batavia,MT
Bear Dance,MT
Bearcreek,MT
Beaver Creek,MT
Belfry,MT
Belgrade,MT
Belknap,MT
Belt,MT
Biddle,MT
Big Arm,MT
Big Sandy,MT
Big Sky,MT
Big Sky Colony,MT
Big Stone Colony,MT
Big Timber,MT
Bigfork,MT
Billings,MT
Birch Creek Colony,MT
Birney,MT
Black Eagle,MT
Blackfoot,MT
Bloomfield,MT
Boneau,MT
Bonner-West Riverside,MT
Boulder,MT
Box Elder,MT
Boyd,MT
Bozeman,MT
Brady,MT
Brandon,MT
Bridger,MT
Broadus,MT
Broadview,MT
Brockton,MT
Brockway,MT
Brooks,MT
Browning,MT
Bull Lake,MT
Busby,MT
Butte,MT
Bynum,MT
Camas,MT
Camp Three,MT
Camrose Colony,MT
Canyon Creek,MT
Cardwell,MT
Carlton,MT
Carter,MT
Cascade,MT
Cascade Colony,MT
Centerville,MT
Charlo,MT
Charlos Heights,MT
Chester,MT
Chinook,MT
Choteau,MT
Churchill,MT
Circle,MT
Clancy,MT
Clinton,MT
Clyde Park,MT
Coffee Creek,MT
Colstrip,MT
Columbia Falls,MT
Columbus,MT
Condon,MT
Conner,MT
Conrad,MT
Cooke City,MT
Coram,MT
Corvallis,MT
Corwin Springs,MT
Craig,MT
Crane,MT
Crow Agency,MT
Culbertson,MT
Custer,MT
Cut Bank,MT
Cyr,MT
Danvers,MT
Darby,MT
Dayton,MT
De Borgia,MT
Deer Lodge,MT
Deerfield Colony,MT
Dell,MT
Denton,MT
Dewey,MT
Dillon,MT
Dixon,MT
Dodson,MT
Drummond,MT
Duncan Ranch Colony,MT
Dupuyer,MT
Dutton,MT
Eagle Creek Colony,MT
East End Colony,MT
East Glacier Park Village,MT
East Helena,MT
East Malta Colony,MT
East Missoula,MT
Edgar,MT
Ekalaka,MT
Elkhorn,MT
Elliston,MT
Elmo,MT
Emigrant,MT
Ennis,MT
Essex,MT
Eureka,MT
Evaro,MT
Evergreen,MT
Fair Haven Colony,MT
Fairfield,MT
Fairview,MT
Fallon,MT
Finley Point,MT
Fishtail,MT
Flat Willow Colony,MT
Flaxville,MT
Florence,MT
Floweree,MT
Fords Creek Colony,MT
Forest Hill Village,MT
Forsyth,MT
Fort Belknap Agency,MT
Fort Benton,MT
Fort Peck,MT
Fort Shaw,MT
Fort Smith,MT
Fortine,MT
Forty Mile Colony,MT
Four Corners,MT
Fox,MT
Fox Lake,MT
Frazer,MT
Frenchtown,MT
Froid,MT
Fromberg,MT
Gallatin Gateway,MT
Gallatin River Ranch,MT
Gardiner,MT
Garrison,MT
Geraldine,MT
Geyser,MT
Gibson Flats,MT
Gildford,MT
Gildford Colony,MT
Gilman,MT
Glacier Colony,MT
Glasgow,MT
Glen,MT
Glendale Colony,MT
Glendive,MT
Goldcreek,MT
Golden Valley Colony,MT
Grant,MT
Grass Range,MT
Great Falls,MT
Greycliff,MT
Hall,MT
Hamilton,MT
Happys Inn,MT
Hardin,MT
Hardy,MT
Harlem,MT
Harlowton,MT
Harrison,MT
Hartland Colony,MT
Haugan,MT
Havre,MT
Havre North,MT
Hays,MT
Heart Butte,MT
Hebgen Lake Estates,MT
Helena,MT
Helena Flats,MT
Helena Valley Northeast,MT
Helena Valley Northwest,MT
Helena Valley Southeast,MT
Helena Valley West Central,MT
Helena West Side,MT
Helmville,MT
Heron,MT
Herron,MT
Hidden Lake Colony,MT
Highwood,MT
Hilger,MT
Hilldale Colony,MT
Hillside Colony,MT
Hingham,MT
Hinsdale,MT
Hobson,MT
Hogeland,MT
Homestead,MT
Horizon Colony,MT
Hot Springs,MT
Hungry Horse,MT
Huntley,MT
Huson,MT
Hysham,MT
Indian Springs,MT
Inverness,MT
Ismay,MT
Jackson,MT
Jardine,MT
Jeffers,MT
Jefferson City,MT
Jette,MT
Joliet,MT
Joplin,MT
Jordan,MT
Judith Gap,MT
Kalispell,MT
Kerr,MT
Kevin,MT
Kicking Horse,MT
Kila,MT
Kilby Butte Colony,MT
King Arthur Park,MT
King Ranch Colony,MT
Kings Point,MT
Kingsbury Colony,MT
Klein,MT
Kremlin,MT
Lake Mary Ronan,MT
Lakeside,MT
Lakeview,MT
Lame Deer,MT
Landusky,MT
Laredo,MT
Laurel,MT
Lavina,MT
Lewistown,MT
Lewistown Heights,MT
Libby,MT
Lima,MT
Lincoln,MT
Lindisfarne,MT
Lindsay,MT
Little Bitterroot Lake,MT
Little Browning,MT
Livingston,MT
Lockwood,MT
Lodge Grass,MT
Lodge Pole,MT
Logan,MT
Lolo,MT
Loma,MT
Lonepine,MT
Loring Colony,MT
Luther,MT
Malmstrom AFB,MT
Malta,MT
Mammoth,MT
Manhattan,MT
Marion,MT
Martin City,MT
Martinsdale,MT
Marysville,MT
Maverick Mountain,MT
Maxville,MT
McAllister,MT
Medicine Lake,MT
Melstone,MT
Midway Colony,MT
Miles City,MT
Milford Colony,MT
Miller Colony,MT
Missoula,MT
Moccasin,MT
Monarch,MT
Montana City,MT
Montaqua,MT
Moore,MT
Mountain View Colony,MT
Muddy,MT
Musselshell,MT
Nashua,MT
Neihart,MT
New Miami Colony,MT
New Rockport Colony,MT
Niarada,MT
Nibbe,MT
Norris,MT
North Browning,MT
North Harlem Colony,MT
Noxon,MT
Nye,MT
Old Agency,MT
Olney,MT
Opheim,MT
Orchard Homes,MT
Outlook,MT
Ovando,MT
Pablo,MT
Paradise,MT
Park City,MT
Parker School,MT
Peerless,MT
Pendroy,MT
Philipsburg,MT
Piltzville,MT
Pine Creek,MT
Pinesdale,MT
Pinnacle,MT
Pioneer Junction,MT
Plains,MT
Pleasant Valley Colony,MT
Plentywood,MT
Plevna,MT
Polebridge,MT
Polson,MT
Pompeys Pillar,MT
Pondera Colony,MT
Ponderosa Pines,MT
Pony,MT
Poplar,MT
Potomac,MT
Power,MT
Prairie Elk Colony,MT
Pray,MT
Pryor,MT
Racetrack,MT
Rader Creek,MT
Radersburg,MT
Rapelje,MT
Ravalli,MT
Raynesford,MT
Red Lodge,MT
Redstone,MT
Reed Point,MT
Reserve,MT
Rexford,MT
Rhodes,MT
Riceville,MT
Richey,MT
Rimini,MT
Rimrock Colony,MT
Riverbend,MT
Riverview Colony,MT
Roberts,MT
Rockport Colony,MT
Rockvale,MT
Rocky Boy West,MT
Rocky Boy's Agency,MT
Rocky Point,MT
Rollins,MT
Ronan,MT
Roscoe,MT
Rosebud,MT
Roundup,MT
Roy,MT
Rudyard,MT
Ryegate,MT
Saco,MT
Saddle Butte,MT
Sage Creek Colony,MT
Saint Mary,MT
Saltese,MT
Sand Coulee,MT
Sangrey,MT
Santa Rita,MT
Sapphire Ridge,MT
Savage,MT
Scobey,MT
Sedan,MT
Seeley Lake,MT
Seville Colony,MT
Shawmut,MT
Shelby,MT
Shepherd,MT
Sheridan,MT
Sidney,MT
Silesia,MT
Silver Gate,MT
Silver Star,MT
Simms,MT
Sleeping Buffalo,MT
Snowslip,MT
Somers,MT
South Browning,MT
South Glastonbury,MT
South Hills,MT
Spokane Creek,MT
Spring Creek Colony,MT
Springdale,MT
Springdale Colony,MT
Springhill,MT
Springwater Colony,MT
Square Butte,MT
St. Ignatius,MT
St. Marie,MT
St. Pierre,MT
St. Regis,MT
St. Xavier,MT
Stanford,MT
Starr School,MT
Stevensville,MT
Stockett,MT
Stryker,MT
Sula,MT
Sun Prairie,MT
Sun River,MT
Sunburst,MT
Sunnybrook Colony,MT
Superior,MT
Surprise Creek Colony,MT
Swan Lake,MT
Sweet Grass,MT
Sylvanite,MT
Terry,MT
The Silos,MT
Thompson Falls,MT
Three Forks,MT
Toston,MT
Townsend,MT
Tracy,MT
Trego,MT
Trout Creek,MT
Troy,MT
Turah,MT
Turner,MT
Turner Colony,MT
Turtle Lake,MT
Twin Bridges,MT
Twin Creeks,MT
Twin Hills Colony,MT
Twodot,MT
Ulm,MT
Unionville,MT
Utica,MT
Valier,MT
Vaughn,MT
Victor,MT
Vida,MT
Virginia City,MT
Walkerville,MT
Warm Spring Creek,MT
Weeksville,MT
West Glacier,MT
West Glendive,MT
West Havre,MT
West Kootenai,MT
West Yellowstone,MT
Westby,MT
Wheatland,MT
White Haven,MT
White Sulphur Springs,MT
Whitefish,MT
Whitehall,MT
Whitetail,MT
Whitewater,MT
Whitlash,MT
Wibaux,MT
Willow Creek,MT
Wilsall,MT
Windham,MT
Wineglass,MT
Winifred,MT
Winnett,MT
Winston,MT
Wisdom,MT
Wise River,MT
Wolf Creek,MT
Wolf Point,MT
Woods Bay,MT
Worden,MT
Wye,MT
Wyola,MT
Yaak,MT
York,MT
Zenith Colony,MT
Zortman,MT
Zurich,MT
Aberdeen,NC
Advance,NC
Ahoskie,NC
Alamance,NC
Albemarle,NC
Alexis,NC
Alliance,NC
Altamahaw,NC
Anderson Creek,NC
Andrews,NC
Angier,NC
Ansonville,NC
Apex,NC
Aquadale,NC
Arapahoe,NC
Archdale,NC
Archer Lodge,NC
Arrowhead Beach,NC
Asheboro,NC
Asheville,NC
Ashley Heights,NC
Askewville,NC
Atkinson,NC
Atlantic,NC
Atlantic Beach,NC
Aulander,NC
Aurora,NC
Autryville,NC
Avery Creek,NC
Avon,NC
Ayden,NC
Badin,NC
Bailey,NC
Bakersville,NC
Bald Head Island,NC
Balfour,NC
Banner Elk,NC
Barker Heights,NC
Barker Ten Mile,NC
Barnardsville,NC
Bath,NC
Bayboro,NC
Bayshore,NC
Bayview,NC
Bear Grass,NC
Beaufort,NC
Beech Mountain,NC
Belhaven,NC
Bell Arthur,NC
Belmont,NC
Belville,NC
Belvoir,NC
Belwood,NC
Bennett,NC
Benson,NC
Bent Creek,NC
Bermuda Run,NC
Bessemer City,NC
Bethania,NC
Bethel,NC
Bethlehem,NC
Beulaville,NC
Biltmore Forest,NC
Biscoe,NC
Black Creek,NC
Black Mountain,NC
Bladenboro,NC
Blowing Rock,NC
Blue Clay Farms,NC
Boardman,NC
Bogue,NC
Boiling Spring Lakes,NC
Boiling Springs,NC
Bolivia,NC
Bolton,NC
Bonnetsville,NC
Boone,NC
Boonville,NC
Bostic,NC
Bowdens,NC
Bowmore,NC
Brandywine Bay,NC
Brevard,NC
Briar Chapel,NC
Brices Creek,NC
Bridgeton,NC
Broad Creek,NC
Broadway,NC
Brogden,NC
Brookford,NC
Brunswick,NC
Bryson City,NC
Buies Creek,NC
Bunn,NC
Bunnlevel,NC
Burgaw,NC
Burlington,NC
Burnsville,NC
Butner,NC
Butters,NC
Buxton,NC
Cajah's Mountain,NC
Calabash,NC
Calypso,NC
Camden,NC
Cameron,NC
Candor,NC
Canton,NC
Cape Carteret,NC
Cape Colony,NC
Caroleen,NC
Carolina Beach,NC
Carolina Meadows,NC
Carolina Shores,NC
Carrboro,NC
Carthage,NC
Cary,NC
Casar,NC
Cashiers,NC
Castalia,NC
Castle Hayne,NC
Caswell Beach,NC
Catawba,NC
Cedar Point,NC
Cedar Rock,NC
Centerville,NC
Cerro Gordo,NC
Chadbourn,NC
Chapel Hill,NC
Charlotte,NC
Cherokee,NC
Cherry Branch,NC
Cherryville,NC
Chimney Rock Village,NC
China Grove,NC
Chinquapin,NC
Chocowinity,NC
Chowan Beach,NC
Claremont,NC
Clarkton,NC
Clayton,NC
Clemmons,NC
Cleveland,NC
Cliffside,NC
Clinton,NC
Clyde,NC
Coats,NC
Cofield,NC
Coinjock,NC
Colerain,NC
Columbia,NC
Columbus,NC
Como,NC
Concord,NC
Conetoe,NC
Connelly Springs,NC
Conover,NC
Conway,NC
Cooleemee,NC
Cordova,NC
Cornelius,NC
Cove City,NC
Cove Creek,NC
Cramerton,NC
Creedmoor,NC
Creswell,NC
Cricket,NC
Crossnore,NC
Crouse,NC
Cullowhee,NC
Cypress Landing,NC
Dallas,NC
Dana,NC
Danbury,NC
Davidson,NC
Davis,NC
Deep Run,NC
Deercroft,NC
Delco,NC
Dellview,NC
Delway,NC
Denton,NC
Denver,NC
Dillsboro,NC
Dobbins Heights,NC
Dobson,NC
Dortches,NC
Dover,NC
Drexel,NC
Dublin,NC
Duck,NC
Dudley,NC
Dundarrach,NC
Dunn,NC
Durham,NC
Earl,NC
East Arcadia,NC
East Bend,NC
East Flat Rock,NC
East Laurinburg,NC
East Rockingham,NC
East Spencer,NC
Eastover,NC
Eden,NC
Edenton,NC
Edneyville,NC
Efland,NC
Elizabeth City,NC
Elizabethtown,NC
Elk Park,NC
Elkin,NC
Ellenboro,NC
Ellerbe,NC
Elm City,NC
Elon,NC
Elrod,NC
Elroy,NC
Emerald Isle,NC
Emma,NC
Enfield,NC
Engelhard,NC
Enochville,NC
Erwin,NC
Etowah,NC
Eureka,NC
Everetts,NC
Evergreen,NC
Fair Bluff,NC
Fairfield,NC
Fairfield Harbour,NC
Fairmont,NC
Fairplains,NC
Fairview,NC
Faison,NC
Faith,NC
Falcon,NC
Falkland,NC
Fallston,NC
Farmington,NC
Farmville,NC
Fayetteville,NC
Fearrington Village,NC
Five Points,NC
Flat Rock,NC
Fletcher,NC
Fontana Dam,NC
Forest City,NC
Forest Hills,NC
Forest Oaks,NC
Foscoe,NC
Fountain,NC
Four Oaks,NC
Foxfire,NC
Franklin,NC
Franklinton,NC
Franklinville,NC
Fremont,NC
Frisco,NC
Fruitland,NC
Fuquay-Varina,NC
Gamewell,NC
Garland,NC
Garner,NC
Garysburg,NC
Gaston,NC
Gastonia,NC
Gatesville,NC
Germanton,NC
Gerton,NC
Gibson,NC
Gibsonville,NC
Glen Alpine,NC
Glen Raven,NC
Glenville,NC
Glenwood,NC
Gloucester,NC
Godwin,NC
Gold Hill,NC
Goldsboro,NC
Goldston,NC
Gorman,NC
Governors Club,NC
Governors Village,NC
Graham,NC
Graingers,NC
Grandy,NC
Granite Falls,NC
Granite Quarry,NC
Grantsboro,NC
Green Level,NC
Greenevers,NC
Greensboro,NC
Greenville,NC
Grifton,NC
Grimesland,NC
Grover,NC
Gulf,NC
Half Moon,NC
Halifax,NC
Hallsboro,NC
Hamilton,NC
Hamlet,NC
Hampstead,NC
Harkers Island,NC
Harmony,NC
Harrells,NC
Harrellsville,NC
Harrisburg,NC
Hassell,NC
Hatteras,NC
Havelock,NC
Haw River,NC
Hayesville,NC
Hays,NC
Hemby Bridge,NC
Henderson,NC
Hendersonville,NC
Henrietta,NC
Hertford,NC
Hickory,NC
Hiddenite,NC
High Point,NC
High Shoals,NC
Highlands,NC
Hightsville,NC
Hildebran,NC
Hillsborough,NC
Hobgood,NC
Hobucken,NC
Hoffman,NC
Holden Beach,NC
Hollister,NC
Holly Ridge,NC
Holly Springs,NC
Hookerton,NC
Hoopers Creek,NC
Hope Mills,NC
Horse Shoe,NC
Hot Springs,NC
Hudson,NC
Huntersville,NC
Icard,NC
Indian Beach,NC
Indian Trail,NC
Ingold,NC
Iron Station,NC
Ivanhoe,NC
JAARS,NC
Jackson,NC
Jackson Heights,NC
Jackson Springs,NC
Jacksonville,NC
James City,NC
Jamestown,NC
Jamesville,NC
Jefferson,NC
Jonesville,NC
Kannapolis,NC
Keener,NC
Kelford,NC
Kelly,NC
Kenansville,NC
Kenly,NC
Kernersville,NC
Kill Devil Hills,NC
King,NC
Kings Grant,NC
Kings Mountain,NC
Kingstown,NC
Kinston,NC
Kittrell,NC
Kitty Hawk,NC
Knightdale,NC
Kure Beach,NC
La Grange,NC
Lake Junaluska,NC
Lake Lure,NC
Lake Norman of Catawba,NC
Lake Park,NC
Lake Royale,NC
Lake Santeetlah,NC
Lake Waccamaw,NC
Landis,NC
Lansing,NC
Lasker,NC
Lattimore,NC
Laurel Hill,NC
Laurel Park,NC
Laurinburg,NC
Lawndale,NC
Leggett,NC
Leland,NC
Lenoir,NC
Lewiston Woodville,NC
Lewisville,NC
Lexington,NC
Liberty,NC
Light Oak,NC
Lilesville,NC
Lillington,NC
Lincolnton,NC
Linden,NC
Linville,NC
Littleton,NC
Locust,NC
Long Creek,NC
Long View,NC
Louisburg,NC
Love Valley,NC
Lowell,NC
Lowesville,NC
Lowgap,NC
Lucama,NC
Lumber Bridge,NC
Lumberton,NC
Macclesfield,NC
Macon,NC
Madison,NC
Maggie Valley,NC
Magnolia,NC
Maiden,NC
Mamers,NC
Manns Harbor,NC
Manteo,NC
Mar-Mac,NC
Marble,NC
Marietta,NC
Marion,NC
Mars Hill,NC
Marshall,NC
Marshallberg,NC
Marshville,NC
Marvin,NC
Matthews,NC
Maury,NC
Maxton,NC
Mayodan,NC
Maysville,NC
McAdenville,NC
McDonald,NC
McFarlan,NC
McLeansville,NC
Mebane,NC
Mesic,NC
Micro,NC
Middleburg,NC
Middlesex,NC
Midland,NC
Midway,NC
Millers Creek,NC
Millingport,NC
Mills River,NC
Milton,NC
Milwaukee,NC
Mineral Springs,NC
Minnesott Beach,NC
Mint Hill,NC
Misenheimer,NC
Mocksville,NC
Momeyer,NC
Moncure,NC
Monroe,NC
Montreat,NC
Mooresboro,NC
Mooresville,NC
Moravian Falls,NC
Morehead City,NC
Morganton,NC
Morrisville,NC
Morven,NC
Mount Airy,NC
Mount Gilead,NC
Mount Holly,NC
Mount Olive,NC
Mount Pleasant,NC
Mountain Home,NC
Mountain View,NC
Moyock,NC
Mulberry,NC
Murfreesboro,NC
Murphy,NC
Murraysville,NC
Myrtle Grove,NC
Nags Head,NC
Nashville,NC
Navassa,NC
Nebo,NC
Neuse Forest,NC
New Bern,NC
New Hope,NC
New London,NC
Newland,NC
Newport,NC
Newton,NC
Newton Grove,NC
Norlina,NC
Norman,NC
North Topsail Beach,NC
North Wilkesboro,NC
Northchase,NC
Northlakes,NC
Northwest,NC
Norwood,NC
Oak City,NC
Oak Island,NC
Oak Ridge,NC
Oakboro,NC
Ocean Isle Beach,NC
Ocracoke,NC
Ogden,NC
Old Fort,NC
Old Hundred,NC
Oriental,NC
Orrum,NC
Ossipee,NC
Oxford,NC
Pantego,NC
Parkton,NC
Parmele,NC
Patterson Springs,NC
Peachland,NC
Peletier,NC
Pembroke,NC
Pikeville,NC
Pilot Mountain,NC
Pine Knoll Shores,NC
Pine Level,NC
Pinebluff,NC
Pinehurst,NC
Pinetops,NC
Pinetown,NC
Pineville,NC
Piney Green,NC
Pink Hill,NC
Pinnacle,NC
Pittsboro,NC
Plain View,NC
Pleasant Garden,NC
Pleasant Hill,NC
Plymouth,NC
Polkton,NC
Polkville,NC
Pollocksville,NC
Porters Neck,NC
Potters Hill,NC
Powellsville,NC
Princeton,NC
Princeville,NC
Proctorville,NC
Prospect,NC
Pumpkin Center,NC
Raeford,NC
Raemon,NC
Raleigh,NC
Ramseur,NC
Randleman,NC
Ranlo,NC
Raynham,NC
Red Cross,NC
Red Oak,NC
Red Springs,NC
Reidsville,NC
Rennert,NC
Rex,NC
Rhodhiss,NC
Rich Square,NC
Richfield,NC
Richlands,NC
Riegelwood,NC
River Bend,NC
River Road,NC
Roanoke Rapids,NC
Robbins,NC
Robbinsville,NC
Roberdel,NC
Robersonville,NC
Rockfish,NC
Rockingham,NC
Rockwell,NC
Rocky Mount,NC
Rocky Point,NC
Rodanthe,NC
Rolesville,NC
Ronda,NC
Roper,NC
Rose Hill,NC
Roseboro,NC
Rosman,NC
Rougemont,NC
Rowland,NC
Roxboro,NC
Roxobel,NC
Royal Pines,NC
Ruffin,NC
Rural Hall,NC
Ruth,NC
Rutherford College,NC
Rutherfordton,NC
Salem,NC
Salemburg,NC
Salisbury,NC
Saluda,NC
Salvo,NC
Sandy Creek,NC
Sandyfield,NC
Sanford,NC
Saratoga,NC
Sawmills,NC
Saxapahaw,NC
Scotch Meadows,NC
Scotland Neck,NC
Sea Breeze,NC
Seaboard,NC
Seagrove,NC
Sedalia,NC
Selma,NC
Seven Devils,NC
Seven Lakes,NC
Seven Springs,NC
Severn,NC
Shallotte,NC
Shannon,NC
Sharpsburg,NC
Shelby,NC
Siler City,NC
Silver City,NC
Silver Lake,NC
Simpson,NC
Sims,NC
Skippers Corner,NC
Smithfield,NC
Smithtown,NC
Sneads Ferry,NC
Snow Hill,NC
South Henderson,NC
South Mills,NC
South Rosemary,NC
South Weldon,NC
Southern Pines,NC
Southern Shores,NC
Southmont,NC
Southport,NC
Sparta,NC
Speed,NC
Spencer,NC
Spencer Mountain,NC
Spindale,NC
Spout Springs,NC
Spring Hope,NC
Spring Lake,NC
Springdale,NC
Spruce Pine,NC
St. Helena,NC
St. James,NC
St. Pauls,NC
St. Stephens,NC
Staley,NC
Stallings,NC
Stanfield,NC
Stanley,NC
Stantonsburg,NC
Star,NC
Statesville,NC
Stedman,NC
Stem,NC
Stokes,NC
Stokesdale,NC
Stoneville,NC
Stonewall,NC
Stony Point,NC
Stovall,NC
Sugar Mountain,NC
Summerfield,NC
Sunbury,NC
Sunset Beach,NC
Surf City,NC
Swan Quarter,NC
Swannanoa,NC
Swansboro,NC
Swepsonville,NC
Sylva,NC
Tabor City,NC
Tar Heel,NC
Tarboro,NC
Taylorsville,NC
Taylortown,NC
Teachey,NC
Thomasville,NC
Toast,NC
Tobaccoville,NC
Topsail Beach,NC
Trent Woods,NC
Trenton,NC
Trinity,NC
Troutman,NC
Troy,NC
Tryon,NC
Turkey,NC
Tyro,NC
Unionville,NC
Valdese,NC
Valle Crucis,NC
Valley Hill,NC
Vanceboro,NC
Vandemere,NC
Vander,NC
Vann Crossroads,NC
Varnamtown,NC
Vass,NC
Waco,NC
Wade,NC
Wadesboro,NC
Wagram,NC
Wake Forest,NC
Wakulla,NC
Walkertown,NC
Wallace,NC
Wallburg,NC
Walnut Cove,NC
Walnut Creek,NC
Walstonburg,NC
Wanchese,NC
Warrenton,NC
Warsaw,NC
Washington,NC
Washington Park,NC
Watha,NC
Waves,NC
Waxhaw,NC
Waynesville,NC
Weaverville,NC
Webster,NC
Weddington,NC
Welcome,NC
Weldon,NC
Wendell,NC
Wentworth,NC
Wesley Chapel,NC
West Canton,NC
West Jefferson,NC
West Marion,NC
Westport,NC
Whispering Pines,NC
Whitakers,NC
White Lake,NC
White Oak,NC
White Plains,NC
Whiteville,NC
Whitsett,NC
Whittier,NC
Wilkesboro,NC
Williamston,NC
Wilmington,NC
Wilson,NC
Wilson's Mills,NC
Windsor,NC
Winfall,NC
Wingate,NC
Winston-Salem,NC
Winterville,NC
Winton,NC
Woodfin,NC
Woodland,NC
Woodlawn,NC
Wrightsboro,NC
Wrightsville Beach,NC
Yadkin College,NC
Yadkinville,NC
Yanceyville,NC
Youngsville,NC
Zebulon,NC
Abercrombie,ND
Adams,ND
Alamo,ND
Alexander,ND
Alice,ND
Almont,ND
Alsen,ND
Ambrose,ND
Amenia,ND
Amidon,ND
Anamoose,ND
Aneta,ND
Antler,ND
Apple Valley,ND
Ardoch,ND
Argusville,ND
Arnegard,ND
Arthur,ND
Ashley,ND
Auburn,ND
Ayr,ND
Balfour,ND
Balta,ND
Bantry,ND
Barney,ND
Barton,ND
Bathgate,ND
Beach,ND
Belcourt,ND
Belfield,ND
Benedict,ND
Bergen,ND
Berlin,ND
Berthold,ND
Beulah,ND
Binford,ND
Bisbee,ND
Bismarck,ND
Blacktail,ND
Blanchard,ND
Bottineau,ND
Bowbells,ND
Bowdon,ND
Bowman,ND
Braddock,ND
Briarwood,ND
Brinsmade,ND
Brocket,ND
Brooktree Park,ND
Buchanan,ND
Bucyrus,ND
Buffalo,ND
Burlington,ND
Butte,ND
Buxton,ND
Caledonia,ND
Calio,ND
Calvin,ND
Cando,ND
Cannon Ball,ND
Carpio,ND
Carrington,ND
Carson,ND
Casselton,ND
Cathay,ND
Cavalier,ND
Cayuga,ND
Center,ND
Christine,ND
Churchs Ferry,ND
Cleveland,ND
Clifford,ND
Cogswell,ND
Coleharbor,ND
Colfax,ND
Columbus,ND
Conway,ND
Cooperstown,ND
Courtenay,ND
Crary,ND
Crosby,ND
Crystal,ND
Dahlen,ND
Davenport,ND
Dawson,ND
Dazey,ND
De Lamere,ND
Deering,ND
Denhoff,ND
Des Lacs,ND
Dickey,ND
Dickinson,ND
Dodge,ND
Donnybrook,ND
Douglas,ND
Drake,ND
Drayton,ND
Driscoll,ND
Dunn Center,ND
Dunseith,ND
Dwight,ND
East Dunseith,ND
East Fairview,ND
Edgeley,ND
Edinburg,ND
Edmore,ND
Egeland,ND
Elgin,ND
Ellendale,ND
Elliott,ND
Embden,ND
Emerado,ND
Enderlin,ND
Englevale,ND
Epping,ND
Erie,ND
Esmond,ND
Fairdale,ND
Fairmount,ND
Fargo,ND
Fessenden,ND
Fingal,ND
Finley,ND
Flasher,ND
Flaxton,ND
Forbes,ND
Fordville,ND
Forest River,ND
Forman,ND
Fort Ransom,ND
Fort Totten,ND
Fort Yates,ND
Fortuna,ND
Four Bears Village,ND
Foxholm,ND
Fredonia,ND
Frontier,ND
Fullerton,ND
Gackle,ND
Galesburg,ND
Gardena,ND
Gardner,ND
Garrison,ND
Gascoyne,ND
Gilby,ND
Gladstone,ND
Glen Ullin,ND
Glenburn,ND
Glenfield,ND
Golden Valley,ND
Golva,ND
Goodrich,ND
Grace City,ND
Grafton,ND
Grand Forks,ND
Grand Forks AFB,ND
Grandin,ND
Grano,ND
Granville,ND
Great Bend,ND
Green Acres,ND
Grenora,ND
Gwinner,ND
Hague,ND
Halliday,ND
Hamberg,ND
Hamilton,ND
Hampden,ND
Hankinson,ND
Hannaford,ND
Hannah,ND
Hansboro,ND
Harmon,ND
Harvey,ND
Harwood,ND
Hatton,ND
Havana,ND
Haynes,ND
Hazelton,ND
Hazen,ND
Hebron,ND
Heil,ND
Heimdal,ND
Hettinger,ND
Hillsboro,ND
Hoople,ND
Hope,ND
Horace,ND
Hunter,ND
Hurdsfield,ND
Inkster,ND
Jamestown,ND
Jessie,ND
Jud,ND
Karlsruhe,ND
Kathryn,ND
Kenmare,ND
Kensal,ND
Kief,ND
Killdeer,ND
Kindred,ND
Knox,ND
Kramer,ND
Kulm,ND
LaMoure,ND
Lakota,ND
Landa,ND
Langdon,ND
Lankin,ND
Lansford,ND
Larimore,ND
Larson,ND
Lawton,ND
Leal,ND
Leeds,ND
Lehr,ND
Leith,ND
Leonard,ND
Lidgerwood,ND
Lignite,ND
Lincoln,ND
Linton,ND
Lisbon,ND
Litchville,ND
Logan,ND
Loma,ND
Long Creek,ND
Loraine,ND
Ludden,ND
Luverne,ND
Maddock,ND
Makoti,ND
Mandan,ND
Mandaree,ND
Manning,ND
Mantador,ND
Manvel,ND
Mapleton,ND
Marion,ND
Marmarth,ND
Martin,ND
Max,ND
Maxbass,ND
Mayville,ND
McClusky,ND
McGregor,ND
McHenry,ND
McLeod,ND
McVille,ND
Medina,ND
Medora,ND
Menoken,ND
Mercer,ND
Milnor,ND
Milton,ND
Minnewaukan,ND
Minot,ND
Minot AFB,ND
Minto,ND
Mohall,ND
Monango,ND
Montpelier,ND
Mooreton,ND
Mott,ND
Mountain,ND
Munich,ND
Mylo,ND
Napoleon,ND
Nash,ND
Neche,ND
Nekoma,ND
New England,ND
New Leipzig,ND
New Rockford,ND
New Salem,ND
New Town,ND
Newburg,ND
Niagara,ND
Nome,ND
Noonan,ND
North River,ND
Northwood,ND
Oakes,ND
Oberon,ND
Oriska,ND
Orrin,ND
Osnabrock,ND
Overly,ND
Oxbow,ND
Page,ND
Palermo,ND
Park River,ND
Parshall,ND
Pekin,ND
Pembina,ND
Perth,ND
Petersburg,ND
Pettibone,ND
Pick City,ND
Pillsbury,ND
Pingree,ND
Pisek,ND
Plaza,ND
Porcupine,ND
Portal,ND
Portland,ND
Powers Lake,ND
Prairie Rose,ND
Raleigh,ND
Ray,ND
Reeder,ND
Regan,ND
Regent,ND
Reynolds,ND
Rhame,ND
Richardton,ND
Riverdale,ND
Robinson,ND
Rogers,ND
Rolette,ND
Rolla,ND
Ross,ND
Rugby,ND
Ruso,ND
Ruthville,ND
Rutland,ND
Ryder,ND
Sanborn,ND
Sarles,ND
Sawyer,ND
Scranton,ND
Selfridge,ND
Selz,ND
Sentinel Butte,ND
Sharon,ND
Sheldon,ND
Shell Valley,ND
Sherwood,ND
Sheyenne,ND
Sibley,ND
Solen,ND
Souris,ND
South Heart,ND
Spiritwood,ND
Spiritwood Lake,ND
Springbrook,ND
St. John,ND
St. Thomas,ND
Stanley,ND
Stanton,ND
Starkweather,ND
Steele,ND
Strasburg,ND
Streeter,ND
Surrey,ND
Sutton,ND
Sykeston,ND
Tappen,ND
Taylor,ND
Thompson,ND
Tioga,ND
Tolley,ND
Tolna,ND
Tower City,ND
Towner,ND
Trenton,ND
Turtle Lake,ND
Tuttle,ND
Underwood,ND
Upham,ND
Valley City,ND
Velva,ND
Venturia,ND
Verona,ND
Voltaire,ND
Wahpeton,ND
Walcott,ND
Wales,ND
Walhalla,ND
Warwick,ND
Washburn,ND
Watford City,ND
West Fargo,ND
Westhope,ND
Wheatland,ND
White Earth,ND
White Shield,ND
Wildrose,ND
Williston,ND
Willow City,ND
Wilton,ND
Wimbledon,ND
Wing,ND
Wishek,ND
Wolford,ND
Woodworth,ND
Wyndmere,ND
York,ND
Ypsilanti,ND
Zap,ND
Zeeland,ND
Abie,NE
Adams,NE
Agnew,NE
Ainsworth,NE
Albion,NE
Alda,NE
Alexandria,NE
Allen,NE
Alliance,NE
Alma,NE
Alvo,NE
Ames,NE
Amherst,NE
Anoka,NE
Anselmo,NE
Ansley,NE
Arapahoe,NE
Arcadia,NE
Archer,NE
Arlington,NE
Arnold,NE
Arthur,NE
Ashland,NE
Ashton,NE
Aten,NE
Atkinson,NE
Atlanta,NE
Auburn,NE
Aurora,NE
Avoca,NE
Axtell,NE
Ayr,NE
Bancroft,NE
Barada,NE
Barneston,NE
Bartlett,NE
Bartley,NE
Bassett,NE
Battle Creek,NE
Bayard,NE
Bazile Mills,NE
Beacon View,NE
Beatrice,NE
Beaver City,NE
Beaver Crossing,NE
Bee,NE
Beemer,NE
Belden,NE
Belgrade,NE
Bellevue,NE
Bellwood,NE
Belmar,NE
Belvidere,NE
Benedict,NE
Benkelman,NE
Bennet,NE
Bennington,NE
Berea,NE
Bertrand,NE
Berwyn,NE
Big Springs,NE
Bladen,NE
Blair,NE
Bloomfield,NE
Bloomington,NE
Blue Hill,NE
Blue Springs,NE
Bow Valley,NE
Boys Town,NE
Bradshaw,NE
Brady,NE
Brainard,NE
Brewster,NE
Bridgeport,NE
Bristow,NE
Broadwater,NE
Brock,NE
Broken Bow,NE
Brownlee,NE
Brownville,NE
Brule,NE
Bruning,NE
Bruno,NE
Brunswick,NE
Burchard,NE
Burr,NE
Burton,NE
Burwell,NE
Bushnell,NE
Butte,NE
Byron,NE
Cairo,NE
Callaway,NE
Cambridge,NE
Campbell,NE
Carleton,NE
Carroll,NE
Cedar Bluffs,NE
Cedar Creek,NE
Cedar Rapids,NE
Center,NE
Central City,NE
Ceresco,NE
Chadron,NE
Chalco,NE
Chambers,NE
Champion,NE
Chapman,NE
Chappell,NE
Cheney,NE
Chester,NE
Clarks,NE
Clarkson,NE
Clatonia,NE
Clay Center,NE
Clearwater,NE
Clinton,NE
Cody,NE
Coleridge,NE
Colon,NE
Columbus,NE
Comstock,NE
Concord,NE
Cook,NE
Cordova,NE
Cornlea,NE
Cortland,NE
Cotesfield,NE
Cowles,NE
Cozad,NE
Crab Orchard,NE
Craig,NE
Crawford,NE
Creighton,NE
Creston,NE
Crete,NE
Crofton,NE
Crookston,NE
Culbertson,NE
Curtis,NE
Cushing,NE
Dakota City,NE
Dalton,NE
Danbury,NE
Dannebrog,NE
Davenport,NE
Davey,NE
David City,NE
Dawson,NE
Daykin,NE
De Witt,NE
Decatur,NE
Denton,NE
Deshler,NE
Deweese,NE
Diller,NE
Dix,NE
Dixon,NE
Dodge,NE
Doniphan,NE
Dorchester,NE
Douglas,NE
Du Bois,NE
Dunbar,NE
Duncan,NE
Dunning,NE
Dwight,NE
Eagle,NE
Eddyville,NE
Edgar,NE
Edison,NE
Elba,NE
Elgin,NE
Elk Creek,NE
Elm Creek,NE
Elmwood,NE
Elsie,NE
Elwood,NE
Elyria,NE
Emerald,NE
Emerson,NE
Emmet,NE
Enders,NE
Endicott,NE
Ericson,NE
Eustis,NE
Ewing,NE
Exeter,NE
Fairbury,NE
Fairfield,NE
Fairmont,NE
Falls City,NE
Farnam,NE
Farwell,NE
Filley,NE
Firth,NE
Fontanelle,NE
Fordyce,NE
Fort Calhoun,NE
Foster,NE
Franklin,NE
Fremont,NE
Friend,NE
Fullerton,NE
Funk,NE
Gandy,NE
Garland,NE
Garrison,NE
Geneva,NE
Genoa,NE
Gering,NE
Gibbon,NE
Gilead,NE
Giltner,NE
Glenvil,NE
Glenwood,NE
Goehner,NE
Gordon,NE
Gothenburg,NE
Grafton,NE
Grand Island,NE
Grant,NE
Greeley Center,NE
Greenwood,NE
Gresham,NE
Gretna,NE
Gross,NE
Guide Rock,NE
Gurley,NE
Hadar,NE
Haigler,NE
Hallam,NE
Halsey,NE
Hamlet,NE
Hampton,NE
Harbine,NE
Hardy,NE
Harrisburg,NE
Harrison,NE
Hartington,NE
Harvard,NE
Hastings,NE
Hay Springs,NE
Hayes Center,NE
Hazard,NE
Heartwell,NE
Hebron,NE
Hemingford,NE
Henderson,NE
Hendley,NE
Henry,NE
Herman,NE
Hershey,NE
Hickman,NE
Hildreth,NE
Holbrook,NE
Holdrege,NE
Holmesville,NE
Holstein,NE
Homer,NE
Hooper,NE
Hordville,NE
Hoskins,NE
Howard City,NE
Howells,NE
Hubbard,NE
Hubbell,NE
Humboldt,NE
Humphrey,NE
Huntley,NE
Hyannis,NE
Imperial,NE
Inavale,NE
Indianola,NE
Inglewood,NE
Inland,NE
Inman,NE
Ithaca,NE
Jackson,NE
Jansen,NE
Johnson,NE
Johnstown,NE
Julian,NE
Juniata,NE
Kearney,NE
Kenesaw,NE
Kennard,NE
Keystone,NE
Kilgore,NE
Kimball,NE
King Lake,NE
Kramer,NE
La Platte,NE
La Vista,NE
Lakeview,NE
Lamar,NE
Laurel,NE
Lawrence,NE
Lebanon,NE
Leigh,NE
Lemoyne,NE
Leshara,NE
Lewellen,NE
Lewiston,NE
Lexington,NE
Liberty,NE
Lincoln,NE
Lindsay,NE
Lindy,NE
Linoma Beach,NE
Linwood,NE
Lisco,NE
Litchfield,NE
Lodgepole,NE
Long Pine,NE
Loomis,NE
Lorenzo,NE
Loretto,NE
Lorton,NE
Louisville,NE
Loup City,NE
Lushton,NE
Lyman,NE
Lynch,NE
Lyons,NE
Macy,NE
Madison,NE
Madrid,NE
Magnet,NE
Malcolm,NE
Malmo,NE
Manley,NE
Marquette,NE
Martell,NE
Martin,NE
Martinsburg,NE
Maskell,NE
Mason City,NE
Max,NE
Maxwell,NE
Maywood,NE
McCook,NE
McCool Junction,NE
McGrew,NE
McLean,NE
Mead,NE
Meadow Grove,NE
Melbeta,NE
Melia,NE
Memphis,NE
Merna,NE
Merriman,NE
Milford,NE
Miller,NE
Milligan,NE
Minatare,NE
Minden,NE
Mitchell,NE
Monowi,NE
Monroe,NE
Moorefield,NE
Morrill,NE
Morse Bluff,NE
Mullen,NE
Murdock,NE
Murray,NE
Naper,NE
Naponee,NE
Nebraska City,NE
Nehawka,NE
Neligh,NE
Nelson,NE
Nemaha,NE
Nenzel,NE
Newcastle,NE
Newman Grove,NE
Newport,NE
Nickerson,NE
Niobrara,NE
Nora,NE
Norfolk,NE
Norman,NE
North Bend,NE
North Loup,NE
North Platte,NE
O'Neill,NE
Oak,NE
Oakdale,NE
Oakland,NE
Obert,NE
Oconto,NE
Octavia,NE
Odell,NE
Odessa,NE
Offutt AFB,NE
Ogallala,NE
Ohiowa,NE
Omaha,NE
Ong,NE
Orchard,NE
Ord,NE
Orleans,NE
Osceola,NE
Oshkosh,NE
Osmond,NE
Otoe,NE
Overland,NE
Overton,NE
Oxford,NE
Page,NE
Palisade,NE
Palmer,NE
Palmyra,NE
Panama,NE
Papillion,NE
Parks,NE
Pawnee City,NE
Paxton,NE
Pender,NE
Peru,NE
Petersburg,NE
Phillips,NE
Pickrell,NE
Pierce,NE
Pilger,NE
Plainview,NE
Platte Center,NE
Plattsmouth,NE
Pleasant Dale,NE
Pleasanton,NE
Plymouth,NE
Polk,NE
Ponca,NE
Poole,NE
Potter,NE
Prague,NE
Prairie Home,NE
Preston,NE
Primrose,NE
Princeton,NE
Prosser,NE
Raeville,NE
Ragan,NE
Ralston,NE
Randolph,NE
Ravenna,NE
Raymond,NE
Red Cloud,NE
Republican City,NE
Reynolds,NE
Richfield,NE
Richland,NE
Rising City,NE
Riverdale,NE
Riverton,NE
Roca,NE
Rockville,NE
Rogers,NE
Rosalie,NE
Roscoe,NE
Roseland,NE
Royal,NE
Rulo,NE
Rushville,NE
Ruskin,NE
Salem,NE
Santee,NE
Sarben,NE
Sargent,NE
Saronville,NE
Schuyler,NE
Scotia,NE
Scottsbluff,NE
Scribner,NE
Seneca,NE
Seward,NE
Shelby,NE
Shelton,NE
Shickley,NE
Sholes,NE
Shubert,NE
Sidney,NE
Silver Creek,NE
Smithfield,NE
Snyder,NE
South Bend,NE
South Sioux City,NE
Spalding,NE
Spencer,NE
Sprague,NE
Springfield,NE
Springview,NE
St. Edward,NE
St. Helena,NE
St. Libory,NE
St. Paul,NE
Stamford,NE
Stanton,NE
Staplehurst,NE
Stapleton,NE
Steele City,NE
Steinauer,NE
Stella,NE
Sterling,NE
Stockham,NE
Stockville,NE
Strang,NE
Stratton,NE
Stromsburg,NE
Stuart,NE
Sumner,NE
Sunol,NE
Superior,NE
Surprise,NE
Sutherland,NE
Sutton,NE
Swanton,NE
Syracuse,NE
Table Rock,NE
Talmage,NE
Tamora,NE
Tarnov,NE
Taylor,NE
Tecumseh,NE
Tekamah,NE
Terrytown,NE
Thayer,NE
Thedford,NE
Thurston,NE
Tilden,NE
Tobias,NE
Trenton,NE
Trumbull,NE
Tryon,NE
Uehling,NE
Ulysses,NE
Unadilla,NE
Union,NE
Upland,NE
Utica,NE
Valentine,NE
Valley,NE
Valparaiso,NE
Venango,NE
Venice,NE
Verdel,NE
Verdigre,NE
Verdon,NE
Virginia,NE
Waco,NE
Wahoo,NE
Wakefield,NE
Wallace,NE
Walthill,NE
Walton,NE
Wann,NE
Washington,NE
Waterbury,NE
Waterloo,NE
Wauneta,NE
Wausa,NE
Waverly,NE
Wayne,NE
Weeping Water,NE
Wellfleet,NE
West Point,NE
Western,NE
Westerville,NE
Weston,NE
White Clay,NE
Whitney,NE
Wilber,NE
Wilcox,NE
Willow Island,NE
Wilsonville,NE
Winnebago,NE
Winnetoon,NE
Winside,NE
Winslow,NE
Wisner,NE
Wolbach,NE
Wood Lake,NE
Wood River,NE
Woodland Hills,NE
Woodland Park,NE
Wymore,NE
Wynot,NE
Yankee Hill,NE
York,NE
Yutan,NE
Berlin,NH
Blodgett Landing,NH
Center Ossipee,NH
Center Sandwich,NH
Claremont,NH
Concord,NH
Contoocook,NH
Dover,NH
East Merrimack,NH
Francestown,NH
Franklin,NH
Groveton,NH
Hampton Beach,NH
Keene,NH
Klondike Corner,NH
Laconia,NH
Lebanon,NH
Manchester,NH
Melvin Village,NH
Milton Mills,NH
Mountain Lakes,NH
Nashua,NH
New Boston,NH
North Conway,NH
North Haverhill,NH
North Walpole,NH
North Woodstock,NH
Pinardville,NH
Portsmouth,NH
Rochester,NH
Sanbornville,NH
Seabrook Beach,NH
Somersworth,NH
South Hooksett,NH
Suissevale,NH
Suncook,NH
Tilton Northfield,NH
Union,NH
West Stewartstown,NH
West Swanzey,NH
Woodsville,NH
Absecon,NJ
Absecon Highlands,NJ
Allendale,NJ
Allenhurst,NJ
Allentown,NJ
Allenwood,NJ
Alpha,NJ
Alpine,NJ
Ampere North,NJ
Anderson,NJ
Annandale,NJ
Arrowhead Lake,NJ
Asbury,NJ
Asbury Park,NJ
Ashland,NJ
Atco,NJ
Atlantic City,NJ
Atlantic Highlands,NJ
Auburn,NJ
Audubon,NJ
Audubon Park,NJ
Avalon,NJ
Avenel,NJ
Avon-by-the-Sea,NJ
Barclay,NJ
Bargaintown,NJ
Barnegat Light,NJ
Barrington,NJ
Basking Ridge,NJ
Bay Head,NJ
Bayonne,NJ
Beach Haven,NJ
Beach Haven West,NJ
Beachwood,NJ
Beattystown,NJ
Beckett,NJ
Bedminster,NJ
Beesleys Point,NJ
Belford,NJ
Belle Mead,NJ
Belleplain,NJ
Bellmawr,NJ
Belmar,NJ
Belvidere,NJ
Bergenfield,NJ
Berlin,NJ
Bernardsville,NJ
Beverly,NJ
Blackwells Mills,NJ
Blackwood,NJ
Blawenburg,NJ
Bloomingdale,NJ
Bloomsbury,NJ
Bogota,NJ
Boonton,NJ
Bound Brook,NJ
Bradley Beach,NJ
Bradley Gardens,NJ
Brainards,NJ
Branchville,NJ
Brass Castle,NJ
Bridgeport,NJ
Bridgeville,NJ
Bridgewater Center,NJ
Brielle,NJ
Brigantine,NJ
Broadway,NJ
Brookdale,NJ
Brookfield,NJ
Brooklawn,NJ
Brookside,NJ
Browns Mills,NJ
Brownville,NJ
Budd Lake,NJ
Buena,NJ
Burleigh,NJ
Butler,NJ
Buttzville,NJ
Byram Center,NJ
Caldwell,NJ
Califon,NJ
Camden,NJ
Cape May,NJ
Cape May Court House,NJ
Cape May Point,NJ
Carlls Corner,NJ
Carlstadt,NJ
Carteret,NJ
Cedar Glen Lakes,NJ
Cedar Glen West,NJ
Cedar Knolls,NJ
Cedarville,NJ
Centre Grove,NJ
Cherry Hill Mall,NJ
Chesilhurst,NJ
Clayton,NJ
Clementon,NJ
Cliffside Park,NJ
Cliffwood Beach,NJ
Clifton,NJ
Closter,NJ
Clyde,NJ
Collings Lakes,NJ
Cologne,NJ
Colonia,NJ
Columbia,NJ
Concordia,NJ
Connecticut Farms,NJ
Cookstown,NJ
Corbin City,NJ
Country Lake Estates,NJ
Crandon Lakes,NJ
Cranford,NJ
Cream Ridge,NJ
Cresskill,NJ
Crestwood Village,NJ
Crosswicks,NJ
Cumberland-Hesstown,NJ
Dayton,NJ
Deal,NJ
Deans,NJ
Deerfield Street,NJ
Delaware Park,NJ
Delmont,NJ
Demarest,NJ
Dennisville,NJ
Diamond Beach,NJ
Dividing Creek,NJ
Dorchester,NJ
Dorothy,NJ
Dover,NJ
Dover Beaches North,NJ
Dover Beaches South,NJ
Dumont,NJ
Dunellen,NJ
Dutch Neck,NJ
East Franklin,NJ
East Freehold,NJ
East Millstone,NJ
East Newark,NJ
East Orange,NJ
East Rocky Hill,NJ
East Rutherford,NJ
East Vineland,NJ
Eatontown,NJ
Echelon,NJ
Edgewater,NJ
Elizabeth,NJ
Ellisburg,NJ
Elmer,NJ
Elmwood Park,NJ
Elwood,NJ
Emerson,NJ
Encore at Monroe,NJ
Englewood,NJ
Englewood Cliffs,NJ
English Creek,NJ
Englishtown,NJ
Erma,NJ
Essex Fells,NJ
Estell Manor,NJ
Fair Haven,NJ
Fair Lawn,NJ
Fairton,NJ
Fairview,NJ
Fanwood,NJ
Far Hills,NJ
Farmingdale,NJ
Fieldsboro,NJ
Finderne,NJ
Finesville,NJ
Flagtown,NJ
Flanders,NJ
Flemington,NJ
Florham Park,NJ
Folsom,NJ
Fords,NJ
Forked River,NJ
Forsgate,NJ
Fort Dix,NJ
Fort Lee,NJ
Fortescue,NJ
Franklin,NJ
Franklin Center,NJ
Franklin Lakes,NJ
Franklin Park,NJ
Franklinville,NJ
Frenchtown,NJ
Gandys Beach,NJ
Garfield,NJ
Garwood,NJ
Germania,NJ
Gibbsboro,NJ
Gibbstown,NJ
Gillette,NJ
Glassboro,NJ
Glen Gardner,NJ
Glen Ridge,NJ
Glen Rock,NJ
Glendora,NJ
Gloucester City,NJ
Golden Triangle,NJ
Goshen,NJ
Gouldtown,NJ
Great Meadows,NJ
Great Notch,NJ
Green Knoll,NJ
Green Village,NJ
Greentree,NJ
Greenwich,NJ
Grenloch,NJ
Griggstown,NJ
Groveville,NJ
Guttenberg,NJ
Hackensack,NJ
Hackettstown,NJ
Haddon Heights,NJ
Hainesburg,NJ
Haledon,NJ
Hamburg,NJ
Hamilton Square,NJ
Hammonton,NJ
Hancocks Bridge,NJ
Harlingen,NJ
Harrington Park,NJ
Harrison,NJ
Harrisonville,NJ
Harvey Cedars,NJ
Hasbrouck Heights,NJ
Haworth,NJ
Hawthorne,NJ
Heathcote,NJ
Heislerville,NJ
Helmetta,NJ
Hewitt,NJ
Hi-Nella,NJ
Hibernia,NJ
High Bridge,NJ
Highland Lakes,NJ
Highland Park,NJ
Highlands,NJ
Hightstown,NJ
Hillsborough,NJ
Hillsdale,NJ
Ho-Ho-Kus,NJ
Hoboken,NJ
Holiday City South,NJ
Holiday City-Berkeley,NJ
Holiday Heights,NJ
Hopatcong,NJ
Hopelawn,NJ
Hopewell,NJ
Hutchinson,NJ
Interlaken,NJ
Iselin,NJ
Island Heights,NJ
Jamesburg,NJ
Jersey City,NJ
Jobstown,NJ
Johnsonburg,NJ
Juliustown,NJ
Kean University,NJ
Keansburg,NJ
Kearny,NJ
Keasbey,NJ
Kendall Park,NJ
Kenilworth,NJ
Kenvil,NJ
Keyport,NJ
Kingston,NJ
Kingston Estates,NJ
Kinnelon,NJ
Lake Como,NJ
Lake Hiawatha,NJ
Lake Hopatcong,NJ
Lake Mohawk,NJ
Lake Telemark,NJ
Lakehurst,NJ
Lakeside-Beebe Run,NJ
Lambertville,NJ
Lamington,NJ
Landing,NJ
Laurel Heights,NJ
Laurel Lake,NJ
Laurel Springs,NJ
Laurence Harbor,NJ
Lavallette,NJ
Lawnside,NJ
Lawrenceville,NJ
Layton,NJ
Ledgewood,NJ
Leeds Point,NJ
Leesburg,NJ
Leisure Knoll,NJ
Leisure Village,NJ
Leisure Village East,NJ
Leisure Village West,NJ
Leisuretowne,NJ
Leonardo,NJ
Leonia,NJ
Liberty Corner,NJ
Lincoln Park,NJ
Lincroft,NJ
Linden,NJ
Lindenwold,NJ
Little Ferry,NJ
Little Silver,NJ
Llewellyn Park,NJ
Loch Arbour,NJ
Lodi,NJ
Long Branch,NJ
Long Valley,NJ
Longport,NJ
Lopatcong Overlook,NJ
Lower Berkshire Valley,NJ
Lyons,NJ
Macopin,NJ
Madison,NJ
Madison Park,NJ
Magnolia,NJ
Malaga,NJ
Manahawkin,NJ
Manasquan,NJ
Mantoloking,NJ
Manville,NJ
Margate City,NJ
Marksboro,NJ
Marlboro,NJ
Marlton,NJ
Marmora,NJ
Marshallville,NJ
Martinsville,NJ
Matawan,NJ
Mauricetown,NJ
Mays Landing,NJ
Maywood,NJ
McGuire AFB,NJ
McKee City,NJ
Medford Lakes,NJ
Menlo Park Terrace,NJ
Mercerville,NJ
Merchantville,NJ
Metuchen,NJ
Mickleton,NJ
Middlebush,NJ
Middlesex,NJ
Midland Park,NJ
Milford,NJ
Millington,NJ
Milltown,NJ
Millville,NJ
Milmay,NJ
Mizpah,NJ
Money Island,NJ
Monmouth Beach,NJ
Monmouth Junction,NJ
Monroe Manor,NJ
Montclair State University,NJ
Montvale,NJ
Moonachie,NJ
Moorestown-Lenola,NJ
Morganville,NJ
Morris Plains,NJ
Morristown,NJ
Mount Arlington,NJ
Mount Ephraim,NJ
Mount Hermon,NJ
Mount Hope,NJ
Mount Royal,NJ
Mount Tabor,NJ
Mountain Lake,NJ
Mountain Lakes,NJ
Mountainside,NJ
Mullica Hill,NJ
Mystic Island,NJ
National Park,NJ
Navesink,NJ
Neptune City,NJ
Nesco,NJ
Neshanic,NJ
Neshanic Station,NJ
Netcong,NJ
New Brunswick,NJ
New Egypt,NJ
New Gretna,NJ
New Milford,NJ
New Providence,NJ
New Vernon,NJ
New Village,NJ
Newark,NJ
Newfield,NJ
Newfoundland,NJ
Newport,NJ
Newton,NJ
Newtonville,NJ
North Arlington,NJ
North Beach Haven,NJ
North Caldwell,NJ
North Cape May,NJ
North Haledon,NJ
North Middletown,NJ
North Plainfield,NJ
North Wildwood,NJ
Northfield,NJ
Northvale,NJ
Norwood,NJ
Oak Ridge,NJ
Oak Valley,NJ
Oakhurst,NJ
Oakland,NJ
Oaklyn,NJ
Ocean Acres,NJ
Ocean City,NJ
Ocean Gate,NJ
Ocean Grove,NJ
Ocean View,NJ
Oceanport,NJ
Oceanville,NJ
Ogdensburg,NJ
Old Tappan,NJ
Oldwick,NJ
Olivet,NJ
Oradell,NJ
Othello,NJ
Packanack Lake,NJ
Palermo,NJ
Palisades Park,NJ
Palmyra,NJ
Panther Valley,NJ
Paramus,NJ
Park Ridge,NJ
Parsippany,NJ
Passaic,NJ
Paterson,NJ
Paulsboro,NJ
Pedricktown,NJ
Pemberton Heights,NJ
Pennington,NJ
Penns Grove,NJ
Perth Amboy,NJ
Phillipsburg,NJ
Pine Beach,NJ
Pine Brook,NJ
Pine Hill,NJ
Pine Lake Park,NJ
Pine Ridge at Crestwood,NJ
Pines Lake,NJ
Pitman,NJ
Plainfield,NJ
Plainsboro Center,NJ
Pleasant Plains,NJ
Pleasantdale,NJ
Pleasantville,NJ
Pluckemin,NJ
Point Pleasant,NJ
Point Pleasant Beach,NJ
Pomona,NJ
Pompton Lakes,NJ
Pompton Plains,NJ
Port Colden,NJ
Port Elizabeth,NJ
Port Monmouth,NJ
Port Morris,NJ
Port Murray,NJ
Port Norris,NJ
Port Reading,NJ
Port Republic,NJ
Pottersville,NJ
Preakness,NJ
Presidential Lakes Estates,NJ
Princeton,NJ
Princeton Junction,NJ
Princeton Meadows,NJ
Prospect Park,NJ
Rahway,NJ
Rainbow Lakes,NJ
Ramapo College of New Jersey,NJ
Ramblewood,NJ
Ramsey,NJ
Ramtown,NJ
Red Bank,NJ
Regency at Monroe,NJ
Renaissance at Monroe,NJ
Richland,NJ
Richwood,NJ
Ridgefield,NJ
Ridgefield Park,NJ
Ridgewood,NJ
Ringoes,NJ
Ringwood,NJ
Rio Grande,NJ
River Edge,NJ
Riverdale,NJ
Riverton,NJ
Roadstown,NJ
Robertsville,NJ
Rockleigh,NJ
Rocky Hill,NJ
Roebling,NJ
Roosevelt,NJ
Roseland,NJ
Roselle,NJ
Roselle Park,NJ
Rosenhayn,NJ
Ross Corner,NJ
Rossmoor,NJ
Rumson,NJ
Runnemede,NJ
Rutgers University-Busch Campus,NJ
Rutgers University-Livingston Campus,NJ
Rutherford,NJ
Saddle River,NJ
Salem,NJ
Sayreville,NJ
Sea Bright,NJ
Sea Girt,NJ
Sea Isle City,NJ
Seabrook Farms,NJ
Seaside Heights,NJ
Seaside Park,NJ
Seaville,NJ
Secaucus,NJ
Seeley,NJ
Sewaren,NJ
Sewell,NJ
Shark River Hills,NJ
Sheppards Mill,NJ
Shiloh,NJ
Ship Bottom,NJ
Short Hills,NJ
Shrewsbury,NJ
Sicklerville,NJ
Silver Lake,NJ
Silver Ridge,NJ
Singac,NJ
Six Mile Run,NJ
Skillman,NJ
Smithville,NJ
Somerdale,NJ
Somers Point,NJ
Somerset,NJ
Somerville,NJ
South Amboy,NJ
South Bound Brook,NJ
South Dennis,NJ
South Plainfield,NJ
South River,NJ
South Seaville,NJ
South Toms River,NJ
Spotswood,NJ
Spring Lake,NJ
Spring Lake Heights,NJ
Springdale,NJ
Springfield,NJ
Stanhope,NJ
Stewartsville,NJ
Stirling,NJ
Stockton,NJ
Stockton University,NJ
Stone Harbor,NJ
Stonebridge,NJ
Stratford,NJ
Strathmere,NJ
Strathmore,NJ
Succasunna,NJ
Summit,NJ
Sunset Lake,NJ
Surf City,NJ
Sussex,NJ
Swedesboro,NJ
Sweetwater,NJ
Tavistock,NJ
Ten Mile Run,NJ
Tenafly,NJ
Teterboro,NJ
The College of New Jersey,NJ
The Hills,NJ
Thorofare,NJ
Three Bridges,NJ
Tinton Falls,NJ
Titusville,NJ
Totowa,NJ
Towaco,NJ
Trenton,NJ
Troy Hills,NJ
Tuckahoe,NJ
Tuckerton,NJ
Turnersville,NJ
Twin Rivers,NJ
Union,NJ
Union Beach,NJ
Union City,NJ
Upper Greenwood Lake,NJ
Upper Montclair,NJ
Upper Pohatcong,NJ
Upper Saddle River,NJ
Upper Stewartsville,NJ
Vauxhall,NJ
Ventnor City,NJ
Vernon Center,NJ
Vernon Valley,NJ
Victory Gardens,NJ
Victory Lakes,NJ
Vienna,NJ
Villas,NJ
Vincentown,NJ
Vineland,NJ
Vista Center,NJ
Waldwick,NJ
Wallington,NJ
Wanamassa,NJ
Wanaque,NJ
Waretown,NJ
Washington,NJ
Washington Crossing,NJ
Watchung,NJ
Watsessing,NJ
Wenonah,NJ
West Belmar,NJ
West Berlin,NJ
West Cape May,NJ
West Freehold,NJ
West Long Branch,NJ
West New York,NJ
West Park,NJ
West Wildwood,NJ
Westfield,NJ
Westmont,NJ
Weston,NJ
Westville,NJ
Westwood,NJ
Wharton,NJ
Whippany,NJ
White Horse,NJ
White House Station,NJ
White Meadow Lake,NJ
Whitesboro,NJ
Whittingham,NJ
Wildwood,NJ
Wildwood Crest,NJ
William Paterson University of New Jersey,NJ
Williamstown,NJ
Windsor,NJ
Wood-Ridge,NJ
Woodbine,NJ
Woodbury,NJ
Woodbury Heights,NJ
Woodcliff Lake,NJ
Woodlynne,NJ
Woodstown,NJ
Wrightstown,NJ
Yardville,NJ
Yorketown,NJ
Zarephath,NJ
Abeytas,NM
Abiquiu,NM
Acomita Lake,NM
Adelino,NM
Agua Fria,NM
Alamillo,NM
Alamo,NM
Alamogordo,NM
Albuquerque,NM
Alcalde,NM
Algodones,NM
Alma,NM
Angel Fire,NM
Angustura,NM
Animas,NM
Anthony,NM
Anton Chico,NM
Anzac Village,NM
Apache Creek,NM
Aragon,NM
Arenas Valley,NM
Arrey,NM
Arroyo Hondo,NM
Arroyo Seco,NM
Artesia,NM
Atoka,NM
Aztec,NM
Barton,NM
Bayard,NM
Becenti,NM
Beclabito,NM
Belen,NM
Bent,NM
Berino,NM
Bernalillo,NM
Bibo,NM
Black Hat,NM
Black Rock,NM
Blanco,NM
Bloomfield,NM
Bluewater,NM
Bluewater Village,NM
Boles Acres,NM
Borrego Pass,NM
Bosque Farms,NM
Brazos,NM
Brimhall Nizhoni,NM
Broadview,NM
Buckhorn,NM
Butterfield Park,NM
Caballo,NM
Candy Kitchen,NM
Canjilon,NM
Cannon AFB,NM
Canova,NM
Capitan,NM
Capulin,NM
Carlsbad,NM
Carnuel,NM
Carrizozo,NM
Casa Colorada,NM
Casas Adobes,NM
Catalpa Canyon,NM
Causey,NM
Cañada de los Alamos,NM
Cañon,NM
Cañoncito,NM
Cañones,NM
Cedar Crest,NM
Cedar Grove,NM
Cedar Hill,NM
Cedro,NM
Center Point,NM
Chama,NM
Chamberino,NM
Chamisal,NM
Chamita,NM
Chamizal,NM
Chaparral,NM
Chical,NM
Chili,NM
Chilili,NM
Chimayo,NM
Chupadero,NM
Church Rock,NM
Cimarron,NM
City of the Sun,NM
Clayton,NM
Cliff,NM
Cloudcroft,NM
Clovis,NM
Cobre,NM
Cochiti,NM
Cochiti Lake,NM
Columbus,NM
Conchas Dam,NM
Conejo,NM
Continental Divide,NM
Cordova,NM
Corona,NM
Corrales,NM
Costilla,NM
Cotton City,NM
Coyote,NM
Crestview,NM
Crouch Mesa,NM
Crownpoint,NM
Cruzville,NM
Crystal,NM
Cuartelez,NM
Cuba,NM
Cubero,NM
Cundiyo,NM
Cuyamungue,NM
Cuyamungue Grant,NM
Datil,NM
Deer Canyon,NM
Deming,NM
Des Moines,NM
Dexter,NM
Dixon,NM
Dora,NM
Doña Ana,NM
Dulce,NM
Duran,NM
Eagle Nest,NM
East Pecos,NM
Edgewood,NM
El Cerro,NM
El Cerro Mission,NM
El Duende,NM
El Morro Valley,NM
El Rancho,NM
El Rito,NM
El Valle de Arroyo Seco,NM
Eldorado at Santa Fe,NM
Elephant Butte,NM
Elida,NM
Encantado,NM
Encinal,NM
Encino,NM
Ensenada,NM
Escondida,NM
Escudilla Bonita,NM
Española,NM
Estancia,NM
Eunice,NM
Fairacres,NM
Farmington,NM
Faywood,NM
Fence Lake,NM
Flora Vista,NM
Floyd,NM
Folsom,NM
Fort Sumner,NM
Fort Wingate,NM
Fruitland,NM
Galisteo,NM
Gallina,NM
Gallup,NM
Gamerco,NM
Garfield,NM
Gila,NM
Gila Hot Springs,NM
Glen Acres,NM
Glenwood,NM
Glorieta,NM
Golden,NM
Golden Acres,NM
Grady,NM
Grants,NM
Grenville,NM
Hachita,NM
Hagerman,NM
Hanover,NM
Happy Valley,NM
Hatch,NM
Haystack,NM
Hernandez,NM
High Rolls,NM
Highland Meadows,NM
Hillsboro,NM
Hobbs,NM
Holloman AFB,NM
Homer C Jones,NM
Homestead,NM
Hope,NM
Hot Springs Landing,NM
House,NM
Hurley,NM
Hyde Park,NM
Indian Hills,NM
Isleta,NM
Iyanbito,NM
Jacona,NM
Jaconita,NM
Jal,NM
Jamestown,NM
Jarales,NM
Jemez Pueblo,NM
Jemez Springs,NM
Keeler Farm,NM
Kingston,NM
Kirtland,NM
Kirtland AFB,NM
La Bajada,NM
La Boca,NM
La Cienega,NM
La Cueva,NM
La Hacienda,NM
La Huerta,NM
La Jara,NM
La Joya,NM
La Luz,NM
La Madera,NM
La Mesa,NM
La Mesilla,NM
La Plata,NM
La Puebla,NM
La Tierra,NM
La Union,NM
La Villita,NM
Laguna,NM
Lake Arthur,NM
Lake Roberts,NM
Lake Roberts Heights,NM
Lake Sumner,NM
Lake Valley,NM
Lamy,NM
Las Campanas,NM
Las Cruces,NM
Las Maravillas,NM
Las Nutrias,NM
Las Palomas,NM
Las Vegas,NM
Lee Acres,NM
Lemitar,NM
Lindrith,NM
Little Walnut Village,NM
Livingston Wheeler,NM
Llano del Medio,NM
Lobo Canyon,NM
Loco Hills,NM
Logan,NM
Lordsburg,NM
Los Alamos,NM
Los Cerrillos,NM
Los Chaves,NM
Los Luceros,NM
Los Lunas,NM
Los Ojos,NM
Los Ranchos de Albuquerque,NM
Loving,NM
Lovington,NM
Lower Frisco,NM
Luis Lopez,NM
Lumberton,NM
Luna,NM
Lybrook,NM
Lyden,NM
Madrid,NM
Madrone,NM
Magdalena,NM
Malaga,NM
Manuelito,NM
Manzano,NM
Manzano Springs,NM
Maxwell,NM
Mayhill,NM
McCartys Village,NM
McGaffey,NM
McIntosh,NM
Meadow Lake,NM
Medanales,NM
Melrose,NM
Mescalero,NM
Mesilla,NM
Mesita,NM
Mesquite,NM
Middle Frisco,NM
Midway,NM
Milan,NM
Mimbres,NM
Mogollon,NM
Monterey Park,NM
Monument,NM
Moquino,NM
Mora,NM
Moriarty,NM
Morningside,NM
Mosquero,NM
Mount Taylor,NM
Mountain View,NM
Mountainair,NM
Nadine,NM
Nageezi,NM
Nakaibito,NM
Nambe,NM
Napi Headquarters,NM
Nara Visa,NM
Naschitti,NM
Navajo,NM
Navajo Dam,NM
Nenahnezad,NM
Newcomb,NM
Newkirk,NM
Nogal,NM
North Acomita Village,NM
North Hobbs,NM
North Hurley,NM
North Light Plant,NM
North San Ysidro,NM
North Valley,NM
Oasis,NM
Ohkay Owingeh,NM
Ojo Amarillo,NM
Ojo Caliente,NM
Ojo Encino,NM
Ojo Sarco,NM
Old Town,NM
Organ,NM
Orogrande,NM
Paa-Ko,NM
Paguate,NM
Pajarito Mesa,NM
Paradise Hills,NM
Paraje,NM
Pastura,NM
Peak Place,NM
Pecan Park,NM
Pecos,NM
Peralta,NM
Peña Blanca,NM
Peñasco,NM
Picacho Hills,NM
Picuris Pueblo,NM
Pie Town,NM
Pinedale,NM
Pinehaven,NM
Pinehill,NM
Pinon,NM
Pinos Altos,NM
Placitas,NM
Playas,NM
Pleasanton,NM
Pojoaque,NM
Polvadera,NM
Ponderosa,NM
Ponderosa Pine,NM
Portales,NM
Prewitt,NM
Pueblito,NM
Pueblitos,NM
Pueblo,NM
Pueblo Pintado,NM
Pueblo of Sandia Village,NM
Puerto de Luna,NM
Pulpotio Bareas,NM
Punta de Agua,NM
Purty Rock,NM
Quemado,NM
Questa,NM
Radium Springs,NM
Ramah,NM
Rancho Grande,NM
Ranchos de Taos,NM
Raton,NM
Red River,NM
Red Rock Ranch,NM
Redrock,NM
Regina,NM
Reserve,NM
Ribera,NM
Rincon,NM
Rio Chiquito,NM
Rio Communities,NM
Rio Lucio,NM
Rio Rancho,NM
Rio Rancho Estates,NM
Rio en Medio,NM
Rivers,NM
Rock Springs,NM
Rodeo,NM
Rodey,NM
Rosedale,NM
Roswell,NM
Rowe,NM
Roy,NM
Ruidoso,NM
Ruidoso Downs,NM
Sacramento,NM
Sagar,NM
Salem,NM
San Acacia,NM
San Antonio,NM
San Antonito,NM
San Cristobal,NM
San Felipe Pueblo,NM
San Fidel,NM
San Ildefonso Pueblo,NM
San Jon,NM
San Jose,NM
San Lorenzo,NM
San Luis,NM
San Mateo,NM
San Miguel,NM
San Pablo,NM
San Pedro,NM
San Rafael,NM
San Ysidro,NM
Sandia Heights,NM
Sandia Knolls,NM
Sandia Park,NM
Sanostee,NM
Santa Ana Pueblo,NM
Santa Clara,NM
Santa Clara Pueblo,NM
Santa Cruz,NM
Santa Fe,NM
Santa Fe Foothills,NM
Santa Rosa,NM
Santa Teresa,NM
Santo Domingo Pueblo,NM
Sausal,NM
Seama,NM
Seboyeta,NM
Sedillo,NM
Sena,NM
Seton Village,NM
Sheep Springs,NM
Shiprock,NM
Silver City,NM
Skyline-Ganipa,NM
Socorro,NM
Soham,NM
Sombrillo,NM
South Acomita Village,NM
South River,NM
South Valley,NM
Spencerville,NM
Springer,NM
Stanley,NM
Stoneridge,NM
Sundance,NM
Sunland Park,NM
Sunlit Hills,NM
Sunshine,NM
Tajique,NM
Talpa,NM
Tano Road,NM
Taos,NM
Taos Pueblo,NM
Taos Ski Valley,NM
Tatum,NM
Tecolote,NM
Tecolotito,NM
Tesuque,NM
Tesuque Pueblo,NM
Texico,NM
Thoreau,NM
Thunder Mountain,NM
Tierra Amarilla,NM
Tijeras,NM
Timberlake,NM
Timberon,NM
Tohatchi,NM
Tome,NM
Torreon,NM
Tortugas,NM
Totah Vista,NM
Tres Arroyos,NM
Trout Valley,NM
Truchas,NM
Truth or Consequences,NM
Tse Bonito,NM
Tucumcari,NM
Tularosa,NM
Turley,NM
Twin Forks,NM
Twin Lakes,NM
Tyrone,NM
University Park,NM
Upper Fruitland,NM
Ute Park,NM
Vadito,NM
Vado,NM
Valencia,NM
Valle Vista,NM
Vanderwagen,NM
Vaughn,NM
Veguita,NM
Velarde,NM
Ventura,NM
Villanueva,NM
Virden,NM
Wagon Mound,NM
Waterflow,NM
Watrous,NM
Weed,NM
West Hammond,NM
White Cliffs,NM
White Rock,NM
White Sands,NM
White Signal,NM
Whites City,NM
Willard,NM
Williams Acres,NM
Williamsburg,NM
Windmill,NM
Winston,NM
Yah-ta-hey,NM
Youngsville,NM
Zia Pueblo,NM
Zuni Pueblo,NM
Alamo,NV
Amargosa Valley,NV
Austin,NV
Baker,NV
Battle Mountain,NV
Beatty,NV
Beaverdam,NV
Bennett Springs,NV
Blue Diamond,NV
Boulder City,NV
Bunkerville,NV
Cal-Nev-Ari,NV
Caliente,NV
Carlin,NV
Carson City,NV
Carter Springs,NV
Cold Springs,NV
Crescent Valley,NV
Crystal Bay,NV
Dayton,NV
Denio,NV
Double Spring,NV
Dry Valley,NV
Dyer,NV
East Valley,NV
Elko,NV
Ely,NV
Empire,NV
Enterprise,NV
Eureka,NV
Fallon,NV
Fallon Station,NV
Fernley,NV
Fish Springs,NV
Fort McDermitt,NV
Gabbs,NV
Gardnerville,NV
Gardnerville Ranchos,NV
Genoa,NV
Gerlach,NV
Glenbrook,NV
Golconda,NV
Golden Valley,NV
Goldfield,NV
Goodsprings,NV
Grass Valley,NV
Hawthorne,NV
Henderson,NV
Hiko,NV
Humboldt River Ranch,NV
Imlay,NV
Incline Village,NV
Indian Hills,NV
Indian Springs,NV
Jackpot,NV
Johnson Lane,NV
Kingsbury,NV
Kingston,NV
Lakeridge,NV
Lamoille,NV
Las Vegas,NV
Laughlin,NV
Lemmon Valley,NV
Logan Creek,NV
Lovelock,NV
Lund,NV
McDermitt,NV
McGill,NV
Mesquite,NV
Mina,NV
Minden,NV
Moapa Town,NV
Moapa Valley,NV
Mogul,NV
Montello,NV
Mount Charleston,NV
Mount Wilson,NV
Mountain City,NV
Nellis AFB,NV
Nelson,NV
Nixon,NV
North Las Vegas,NV
Oasis,NV
Orovada,NV
Osino,NV
Owyhee,NV
Pahrump,NV
Panaca,NV
Paradise,NV
Paradise Valley,NV
Pioche,NV
Preston,NV
Rachel,NV
Reno,NV
Round Hill Village,NV
Ruhenstroth,NV
Ruth,NV
Sandy Valley,NV
Schurz,NV
Searchlight,NV
Silver City,NV
Silver Peak,NV
Silver Springs,NV
Skyland,NV
Smith Valley,NV
Spanish Springs,NV
Sparks,NV
Spring Creek,NV
Spring Valley,NV
Stagecoach,NV
Stateline,NV
Summerlin South,NV
Sun Valley,NV
Sunrise Manor,NV
Sutcliffe,NV
Tonopah,NV
Topaz Lake,NV
Topaz Ranch Estates,NV
Unionville,NV
Ursine,NV
Valmy,NV
Verdi,NV
Virginia City,NV
Wadsworth,NV
Walker Lake,NV
Washoe Valley,NV
Wells,NV
West Wendover,NV
Whitney,NV
Winchester,NV
Winnemucca,NV
Yerington,NV
Zephyr Cove,NV
Accord,NY
Adams Center,NY
Airmont,NY
Akron,NY
Akwesasne,NY
Albany,NY
Albertson,NY
Albion,NY
Alexandria Bay,NY
Altamont,NY
Altmar,NY
Amagansett,NY
Ames,NY
Amityville,NY
Amsterdam,NY
Angola,NY
Angola on the Lake,NY
Apalachin,NY
Aquebogue,NY
Ardsley,NY
Arkport,NY
Arlington,NY
Armonk,NY
Asharoken,NY
Atlantic Beach,NY
Au Sable Forks,NY
Auburn,NY
Averill Park,NY
Baiting Hollow,NY
Baldwin,NY
Baldwinsville,NY
Ballston Spa,NY
Balmville,NY
Bard College,NY
Bardonia,NY
Barnum Island,NY
Barrytown,NY
Barryville,NY
Batavia,NY
Baxter Estates,NY
Bay Park,NY
Bay Shore,NY
Bayport,NY
Bayville,NY
Baywood,NY
Beacon,NY
Beaver Dam Lake,NY
Bedford Hills,NY
Belle Terre,NY
Bellerose,NY
Bellerose Terrace,NY
Belleville,NY
Bellmore,NY
Bellport,NY
Belmont,NY
Bemus Point,NY
Bethpage,NY
Billington Heights,NY
Binghamton,NY
Binghamton University,NY
Black River,NY
Blasdell,NY
Blauvelt,NY
Bliss,NY
Blodgett Mills,NY
Bloomfield,NY
Bloomingburg,NY
Bloomville,NY
Blue Point,NY
Bohemia,NY
Bolton Landing,NY
Brasher Falls,NY
Breesport,NY
Brentwood,NY
Brewerton,NY
Brewster,NY
Brewster Heights,NY
Brewster Hill,NY
Briarcliff Manor,NY
Bridgehampton,NY
Bridgeport,NY
Bridgeville,NY
Brightwaters,NY
Brinckerhoff,NY
Brockport,NY
Brocton,NY
Bronx,NY
Bronxville,NY
Brooklyn,NY
Brooktondale,NY
Brookville,NY
Brushton,NY
Buchanan,NY
Buffalo,NY
Burdett,NY
Burlington Flats,NY
Byersville,NY
Cadyville,NY
Calcium,NY
Calverton,NY
Canaseraga,NY
Canastota,NY
Captree,NY
Carle Place,NY
Caroga Lake,NY
Carthage,NY
Cassadaga,NY
Castleton-on-Hudson,NY
Castorland,NY
Cattaraugus,NY
Cayuga,NY
Cayuga Heights,NY
Cedarhurst,NY
Celoron,NY
Cementon,NY
Center Moriches,NY
Centereach,NY
Centerport,NY
Central Bridge,NY
Central Islip,NY
Central Square,NY
Centre Island,NY
Chadwicks,NY
Chappaqua,NY
Chaumont,NY
Chelsea Cove,NY
Chenango Bridge,NY
Chester,NY
Chestertown,NY
Chestnut Ridge,NY
Chittenango,NY
Churchville,NY
Clarence Center,NY
Clark Mills,NY
Claverack-Red Mills,NY
Clayville,NY
Cleveland,NY
Clifton Gardens,NY
Clifton Knolls-Mill Creek,NY
Clifton Springs,NY
Clinton,NY
Clintondale,NY
Clyde,NY
Cohoes,NY
Cold Brook,NY
Cold Spring,NY
Cold Spring Harbor,NY
Commack,NY
Conesus Lake,NY
Congers,NY
Constableville,NY
Coopers Plains,NY
Cooperstown,NY
Copake Falls,NY
Copake Lake,NY
Copenhagen,NY
Copiague,NY
Coram,NY
Corfu,NY
Corning,NY
Cornwall-on-Hudson,NY
Cortland,NY
Cortland West,NY
Country Knolls,NY
Cove Neck,NY
Cragsmoor,NY
Cranberry Lake,NY
Crest View Heights,NY
Crompond,NY
Croton-on-Hudson,NY
Crown Heights,NY
Crugers,NY
Crystal Beach,NY
Cumberland Head,NY
Cumminsville,NY
Cutchogue,NY
Cuylerville,NY
Dalton,NY
Danby,NY
Dansville,NY
Davenport Center,NY
De Witt,NY
Deer Park,NY
Deferiet,NY
Delanson,NY
Delevan,NY
Depauville,NY
Depew,NY
Dering Harbor,NY
Dexter,NY
Dix Hills,NY
Dobbs Ferry,NY
Dolgeville,NY
Dover Plains,NY
Downsville,NY
Duane Lake,NY
Dundee,NY
Dunkirk,NY
Durhamville,NY
Eagle Bay,NY
Earlville,NY
East Atlantic Beach,NY
East Aurora,NY
East Avon,NY
East Farmingdale,NY
East Frankfort,NY
East Glenville,NY
East Hampton North,NY
East Herkimer,NY
East Hills,NY
East Islip,NY
East Ithaca,NY
East Kingston,NY
East Marion,NY
East Massapequa,NY
East Meadow,NY
East Moriches,NY
East Nassau,NY
East Northport,NY
East Norwich,NY
East Patchogue,NY
East Quogue,NY
East Randolph,NY
East Rochester,NY
East Rockaway,NY
East Setauket,NY
East Shoreham,NY
East Syracuse,NY
East Williston,NY
East Worcester,NY
Eastport,NY
Eatons Neck,NY
Eggertsville,NY
Eldred,NY
Ellenville,NY
Elma Center,NY
Elmira,NY
Elmira Heights,NY
Elmont,NY
Elmsford,NY
Elwood,NY
Endicott,NY
Endwell,NY
Evans Mills,NY
Fair Haven,NY
Fairmount,NY
Fairport,NY
Fairview,NY
Falconer,NY
Fallsburg,NY
Farmingdale,NY
Farmingville,NY
Farnham,NY
Fayetteville,NY
Felts Mills,NY
Fillmore,NY
Fire Island,NY
Firthcliffe,NY
Fishers Island,NY
Fishers Landing,NY
Flanders,NY
Fleischmanns,NY
Floral Park,NY
Florida,NY
Flower Hill,NY
Fly Creek,NY
Fonda,NY
Forest Home,NY
Forestville,NY
Fort Drum,NY
Fort Johnson,NY
Fort Montgomery,NY
Fort Plain,NY
Fort Salonga,NY
Fowlerville,NY
Franklin,NY
Franklin Square,NY
Fredonia,NY
Freedom Plains,NY
Freeport,NY
Freeville,NY
Frewsburg,NY
Fulton,NY
Fultonville,NY
Galeville,NY
Gananda,NY
Gang Mills,NY
Garden City,NY
Garden City Park,NY
Garden City South,NY
Gardnertown,NY
Garrattsville,NY
Gasport,NY
Geneva,NY
Gilbertsville,NY
Gilgo,NY
Glasco,NY
Glen Aubrey,NY
Glen Cove,NY
Glen Head,NY
Glen Park,NY
Glens Falls,NY
Glens Falls North,NY
Glenwood Landing,NY
Gloversville,NY
Golden's Bridge,NY
Gordon Heights,NY
Gowanda,NY
Grahamsville,NY
Grand View-on-Hudson,NY
Grandyle Village,NY
Great Bend,NY
Great Neck,NY
Great Neck Estates,NY
Great Neck Gardens,NY
Great Neck Plaza,NY
Great River,NY
Green Island,NY
Greenlawn,NY
Greenport West,NY
Greenvale,NY
Greenville,NY
Greenwood Lake,NY
Greigsville,NY
Groveland Station,NY
Hagaman,NY
Hailesboro,NY
Haines Falls,NY
Halesite,NY
Hall,NY
Hamilton College,NY
Hammondsport,NY
Hampton Bays,NY
Hampton Manor,NY
Hankins,NY
Hannawa Falls,NY
Harbor Hills,NY
Harbor Isle,NY
Harriman,NY
Harris Hill,NY
Harrison,NY
Hartsdale,NY
Hartwick Seminary,NY
Hastings-on-Hudson,NY
Hauppauge,NY
Haviland,NY
Hawthorne,NY
Head of the Harbor,NY
Hemlock,NY
Heritage Hills,NY
Herricks,NY
Herrings,NY
Heuvelton,NY
Hewlett,NY
Hewlett Bay Park,NY
Hewlett Harbor,NY
Hewlett Neck,NY
Hicksville,NY
High Falls,NY
Highland,NY
Highland Falls,NY
Highland-on-the-Lake,NY
Hillburn,NY
Hillcrest,NY
Hillside,NY
Hillside Lake,NY
Hilton,NY
Hobart,NY
Holbrook,NY
Holland Patent,NY
Holley,NY
Holtsville,NY
Honeoye,NY
Honeoye Falls,NY
Hoosick Falls,NY
Hopewell Junction,NY
Hornell,NY
Horseheads North,NY
Hortonville,NY
Houghton,NY
Hudson,NY
Hudson Falls,NY
Hunt,NY
Huntington Bay,NY
Huntington Station,NY
Hurleyville,NY
Ilion,NY
Interlaken,NY
Inwood,NY
Irvington,NY
Island Park,NY
Islandia,NY
Islip Terrace,NY
Ithaca,NY
Jacksonville,NY
Jamesport,NY
Jamestown,NY
Jamestown West,NY
Jefferson,NY
Jefferson Heights,NY
Jefferson Valley-Yorktown,NY
Jeffersonville,NY
Jericho,NY
Johnson City,NY
Johnstown,NY
Jordan,NY
Kaser,NY
Katonah,NY
Kauneonga Lake,NY
Keeseville,NY
Kenmore,NY
Kennedy,NY
Kensington,NY
Kerhonkson,NY
Keuka Park,NY
Kiamesha Lake,NY
Kings Park,NY
Kings Point,NY
Kingston,NY
Kiryas Joel,NY
Kysorville,NY
La Fargeville,NY
Lackawanna,NY
Lacona,NY
Lake Carmel,NY
Lake Delta,NY
Lake Erie Beach,NY
Lake Grove,NY
Lake Huntington,NY
Lake Katrine,NY
Lake Mohegan,NY
Lake Placid,NY
Lake Ronkonkoma,NY
Lake Success,NY
Lakeland,NY
Lakeview,NY
Lakeville,NY
Lakewood,NY
Larchmont,NY
Latham,NY
Lattingtown,NY
Laurel,NY
Laurel Hollow,NY
Lawrence,NY
Leeds,NY
Levittown,NY
Lido Beach,NY
Lime Lake,NY
Limestone,NY
Lincoln Park,NY
Lincolndale,NY
Lindenhurst,NY
Linwood,NY
Little Falls,NY
Liverpool,NY
Livingston Manor,NY
Livonia Center,NY
Lloyd Harbor,NY
Loch Sheldrake,NY
Lockport,NY
Locust Valley,NY
Long Beach,NY
Lorenz Park,NY
Loudonville,NY
Lynbrook,NY
Lyncourt,NY
Lyndonville,NY
Lyon Mountain,NY
Lyons Falls,NY
MacDonnell Heights,NY
Mahopac,NY
Malden-on-Hudson,NY
Malverne,NY
Malverne Park Oaks,NY
Manhasset,NY
Manhasset Hills,NY
Manhattan,NY
Mannsville,NY
Manorhaven,NY
Manorville,NY
Marcy,NY
Margaretville,NY
Mariaville Lake,NY
Marist College,NY
Marlboro,NY
Massapequa,NY
Massapequa Park,NY
Mastic,NY
Mastic Beach,NY
Matinecock,NY
Mattituck,NY
Mattydale,NY
Maybrook,NY
Mayville,NY
McGraw,NY
McLean,NY
Mechanicstown,NY
Mechanicville,NY
Medford,NY
Medina,NY
Melrose Park,NY
Melville,NY
Menands,NY
Meridian,NY
Merrick,NY
Merritt Park,NY
Middle Island,NY
Middleport,NY
Middletown,NY
Middleville,NY
Mill Neck,NY
Millbrook,NY
Miller Place,NY
Millerton,NY
Millport,NY
Millwood,NY
Milton,NY
Mineola,NY
Mineville,NY
Minoa,NY
Mongaup Valley,NY
Monsey,NY
Montauk,NY
Montebello,NY
Monticello,NY
Montour Falls,NY
Montrose,NY
Moriches,NY
Morrisonville,NY
Morrisville,NY
Mount Ivy,NY
Mount Kisco,NY
Mount Sinai,NY
Mount Vernon,NY
Mount Vision,NY
Mountain Dale,NY
Mountain Lodge Park,NY
Munnsville,NY
Munsey Park,NY
Munsons Corners,NY
Muttontown,NY
Myers Corner,NY
Nanuet,NY
Napanoch,NY
Napeague,NY
Narrowsburg,NY
Nassau Lake,NY
Natural Bridge,NY
Nazareth College,NY
Nedrow,NY
Nelliston,NY
Nelsonville,NY
Nesconset,NY
New Baltimore,NY
New Cassel,NY
New City,NY
New Hackensack,NY
New Hamburg,NY
New Hempstead,NY
New Hyde Park,NY
New Rochelle,NY
New Square,NY
New Suffolk,NY
New York,NY
New York Mills,NY
Newark,NY
Niagara Falls,NY
Niagara University,NY
Nissequogue,NY
Niverville,NY
North Amityville,NY
North Babylon,NY
North Ballston Spa,NY
North Bay,NY
North Bay Shore,NY
North Bellmore,NY
North Bellport,NY
North Blenheim,NY
North Boston,NY
North Creek,NY
North Gates,NY
North Granville,NY
North Great River,NY
North Haven,NY
North Hills,NY
North Hornell,NY
North Lindenhurst,NY
North Lynbrook,NY
North Massapequa,NY
North Merrick,NY
North New Hyde Park,NY
North Patchogue,NY
North Rose,NY
North Sea,NY
North Syracuse,NY
North Tonawanda,NY
North Valley Stream,NY
North Wantagh,NY
Northeast Ithaca,NY
Northport,NY
Northville,NY
Northwest Harbor,NY
Northwest Ithaca,NY
Norwich,NY
Norwood,NY
Noyack,NY
Nyack,NY
Oak Beach,NY
Oakdale,NY
Ocean Beach,NY
Oceanside,NY
Odessa,NY
Ogdensburg,NY
Olcott,NY
Old Bethpage,NY
Old Brookville,NY
Old Field,NY
Old Forge,NY
Old Westbury,NY
Olean,NY
Oneida,NY
Oneida Castle,NY
Oneonta,NY
Orange Lake,NY
Orangeburg,NY
Orient,NY
Oriskany,NY
Oriskany Falls,NY
Oswego,NY
Otisville,NY
Otter Lake,NY
Oxbow,NY
Oyster Bay Cove,NY
Painted Post,NY
Palatine Bridge,NY
Palenville,NY
Pamelia Center,NY
Panama,NY
Parc,NY
Patchogue,NY
Paul Smiths,NY
Peach Lake,NY
Pearl River,NY
Peconic,NY
Peekskill,NY
Pelham Manor,NY
Penn Yan,NY
Philmont,NY
Phoenicia,NY
Phoenix,NY
Piermont,NY
Pierrepont Manor,NY
Piffard,NY
Pine Bush,NY
Pine Hill,NY
Pine Valley,NY
Plainedge,NY
Plainview,NY
Plandome,NY
Plandome Heights,NY
Plandome Manor,NY
Plattsburgh,NY
Plattsburgh West,NY
Pleasantville,NY
Plessis,NY
Point Lookout,NY
Pomona,NY
Poquott,NY
Port Byron,NY
Port Chester,NY
Port Dickinson,NY
Port Ewen,NY
Port Gibson,NY
Port Jefferson,NY
Port Jefferson Station,NY
Port Jervis,NY
Port Leyden,NY
Port Washington,NY
Port Washington North,NY
Portlandville,NY
Pottersville,NY
Poughkeepsie,NY
Preston-Potter Hollow,NY
Prospect,NY
Pulaski,NY
Pultneyville,NY
Putnam Lake,NY
Queens,NY
Quiogue,NY
Quogue,NY
Radisson,NY
Ransomville,NY
Rapids,NY
Ravena,NY
Red Creek,NY
Red Oaks Mill,NY
Redford,NY
Redwood,NY
Remsenburg-Speonk,NY
Rensselaer,NY
Rensselaer Falls,NY
Retsof,NY
Rhinecliff,NY
Richburg,NY
Richfield Springs,NY
Richville,NY
Ridge,NY
Rifton,NY
Riverside,NY
Rochester,NY
Rochester Institute of Technology,NY
Rock Hill,NY
Rockville Centre,NY
Rocky Point,NY
Roessleville,NY
Rome,NY
Ronkonkoma,NY
Roosevelt,NY
Roscoe,NY
Roslyn,NY
Roslyn Estates,NY
Roslyn Harbor,NY
Roslyn Heights,NY
Round Lake,NY
Round Top,NY
Rouses Point,NY
Ruby,NY
Rushville,NY
Russell Gardens,NY
Rye Brook,NY
SUNY Oswego,NY
Sackets Harbor,NY
Saddle Rock,NY
Saddle Rock Estates,NY
Sag Harbor,NY
Sagaponack,NY
Saint John Fisher College,NY
Salamanca,NY
Salisbury,NY
Salisbury Center,NY
Salisbury Mills,NY
Salt Point,NY
Saltaire,NY
Sanborn,NY
Sand Ridge,NY
Sands Point,NY
Saranac Lake,NY
Saratoga Springs,NY
Saugerties South,NY
Savona,NY
Sayville,NY
Scarsdale,NY
Schenectady,NY
Schenevus,NY
Schroon Lake,NY
Schuyler Lake,NY
Schuylerville,NY
Scotchtown,NY
Scotia,NY
Scotts Corners,NY
Scottsburg,NY
Scottsville,NY
Sea Cliff,NY
Seaford,NY
Searingtown,NY
Selden,NY
Seneca Knolls,NY
Setauket,NY
Sharon Springs,NY
Shelter Island Heights,NY
Shenorock,NY
Sherrill,NY
Shinnecock Hills,NY
Shirley,NY
Shokan,NY
Shoreham,NY
Shorehaven,NY
Shortsville,NY
Shrub Oak,NY
Siena College,NY
Silver Creek,NY
Silver Springs,NY
Sinclairville,NY
Slaterville Springs,NY
Sleepy Hollow,NY
Sleepy Hollow Lake,NY
Sloan,NY
Sloatsburg,NY
Smallwood,NY
Smithville Flats,NY
Sodus Point,NY
Solvay,NY
Sound Beach,NY
South Blooming Grove,NY
South Cairo,NY
South Corning,NY
South Dayton,NY
South Edmeston,NY
South Fallsburg,NY
South Farmingdale,NY
South Floral Park,NY
South Glens Falls,NY
South Hempstead,NY
South Hill,NY
South Huntington,NY
South Ilion,NY
South Lansing,NY
South Lima,NY
South Lockport,NY
South Nyack,NY
South Valley Stream,NY
Spackenkill,NY
Sparkill,NY
Sparrow Bush,NY
Speculator,NY
Spencerport,NY
Spring Valley,NY
Springfield Center,NY
Springs,NY
Springville,NY
St. Bonaventure,NY
St. James,NY
St. Regis Falls,NY
Staatsburg,NY
Stannards,NY
Star Lake,NY
Staten Island,NY
Stewart Manor,NY
Stittville,NY
Stone Ridge,NY
Stony Brook,NY
Stony Brook University,NY
Stottville,NY
Strykersville,NY
Suffern,NY
Sunset Bay,NY
Swan Lake,NY
Sylvan Beach,NY
Syosset,NY
Syracuse,NY
Taconic Shores,NY
Tannersville,NY
Tappan,NY
Tarrytown,NY
Terryville,NY
Thendara,NY
Thiells,NY
Thomaston,NY
Thornwood,NY
Thousand Island Park,NY
Three Mile Bay,NY
Tillson,NY
Tioga Terrace,NY
Titusville,NY
Tivoli,NY
Tonawanda,NY
Town Line,NY
Tribes Hill,NY
Troy,NY
Trumansburg,NY
Tuckahoe,NY
Tuxedo,NY
Tuxedo Park,NY
Unadilla Forks,NY
Union Springs,NY
Uniondale,NY
Unionville,NY
University Gardens,NY
University at Buffalo,NY
Upper Brookville,NY
Upper Nyack,NY
Upper Red Hook,NY
Utica,NY
Vails Gate,NY
Valatie,NY
Valhalla,NY
Valley Cottage,NY
Valley Falls,NY
Valley Stream,NY
Varna,NY
Vassar College,NY
Verplanck,NY
Village Green,NY
Village of the Branch,NY
Viola,NY
Voorheesville,NY
Wading River,NY
Wadsworth,NY
Wainscott,NY
Walden,NY
Walker Valley,NY
Walton Park,NY
Walworth,NY
Wampsville,NY
Wanakah,NY
Wantagh,NY
Wappingers Falls,NY
Washington Heights,NY
Washington Mills,NY
Washingtonville,NY
Wassaic,NY
Watchtower,NY
Water Mill,NY
Watertown,NY
Waterville,NY
Watervliet,NY
Watkins Glen,NY
Waverly,NY
Websters Crossing,NY
Weedsport,NY
Wells Bridge,NY
Wellsburg,NY
Wesley Hills,NY
West Babylon,NY
West Bay Shore,NY
West Carthage,NY
West Chazy,NY
West Danby,NY
West Elmira,NY
West End,NY
West Glens Falls,NY
West Hampton Dunes,NY
West Haverstraw,NY
West Hempstead,NY
West Hills,NY
West Hurley,NY
West Islip,NY
West Kill,NY
West Nyack,NY
West Point,NY
West Sand Lake,NY
West Sayville,NY
West Valley,NY
West Winfield,NY
Westbury,NY
Westernville,NY
Westford,NY
Westhampton,NY
Westhampton Beach,NY
Westmere,NY
Weston Mills,NY
Westvale,NY
Wheatley Heights,NY
White Lake,NY
White Plains,NY
Whitesboro,NY
Whitney Point,NY
Williamsville,NY
Williston Park,NY
Willsboro Point,NY
Wingdale,NY
Winthrop,NY
Witherbee,NY
Woodbourne,NY
Woodbury,NY
Woodmere,NY
Woodridge,NY
Woodsburgh,NY
Woodsville,NY
Wurtsboro,NY
Wurtsboro Hills,NY
Wyandanch,NY
Wynantskill,NY
Wyoming,NY
Yaphank,NY
Yonkers,NY
Yorktown Heights,NY
Yorkville,NY
Youngstown,NY
Zena,NY
Aberdeen,OH
Ada,OH
Adamsville,OH
Addyston,OH
Adelphi,OH
Adena,OH
Ai,OH
Akron,OH
Albany,OH
Alexandria,OH
Alger,OH
Alliance,OH
Alvordton,OH
Amanda,OH
Amberley,OH
Amelia,OH
Amesville,OH
Amherst,OH
Amsterdam,OH
Andersonville,OH
Andover,OH
Anna,OH
Ansonia,OH
Antioch,OH
Antwerp,OH
Apple Creek,OH
Apple Valley,OH
Aquilla,OH
Arcadia,OH
Arcanum,OH
Archbold,OH
Arlington,OH
Arlington Heights,OH
Ashland,OH
Ashley,OH
Ashtabula,OH
Ashville,OH
Athalia,OH
Athens,OH
Attica,OH
Atwater,OH
Aurora,OH
Austinburg,OH
Austintown,OH
Avon,OH
Avon Lake,OH
Bailey Lakes,OH
Bainbridge,OH
Bairdstown,OH
Ballville,OH
Baltic,OH
Baltimore,OH
Bannock,OH
Barberton,OH
Barnesville,OH
Barnhill,OH
Bascom,OH
Bass Lake,OH
Batavia,OH
Batesville,OH
Bay View,OH
Bay Village,OH
Beach City,OH
Beachwood,OH
Beallsville,OH
Beaver,OH
Beavercreek,OH
Beaverdam,OH
Beckett Ridge,OH
Bedford,OH
Bedford Heights,OH
Beechwood Trails,OH
Bellaire,OH
Bellbrook,OH
Belle Center,OH
Belle Valley,OH
Bellefontaine,OH
Bellevue,OH
Bellville,OH
Belmont,OH
Belmore,OH
Beloit,OH
Belpre,OH
Bentleyville,OH
Benton Ridge,OH
Bentonville,OH
Berea,OH
Bergholz,OH
Berkey,OH
Berlin,OH
Berlin Heights,OH
Bethel,OH
Bethesda,OH
Bettsville,OH
Beulah Beach,OH
Beverly,OH
Bexley,OH
Bidwell,OH
Birmingham,OH
Blacklick Estates,OH
Bladensburg,OH
Blaine,OH
Blakeslee,OH
Blanchester,OH
Bloomdale,OH
Bloomingburg,OH
Bloomingdale,OH
Bloomingville,OH
Bloomville,OH
Blue Ash,OH
Blue Jay,OH
Bluffton,OH
Bolindale,OH
Bolivar,OH
Bolton,OH
Boston Heights,OH
Botkins,OH
Bourneville,OH
Bowerston,OH
Bowersville,OH
Bowling Green,OH
Bradford,OH
Bradner,OH
Brandt,OH
Bratenahl,OH
Brecksville,OH
Brecon,OH
Bremen,OH
Brewster,OH
Brice,OH
Bridgeport,OH
Bridgetown,OH
Brilliant,OH
Brimfield,OH
Broadview Heights,OH
Brook Park,OH
Brookfield Center,OH
Brooklyn,OH
Brooklyn Heights,OH
Brookside,OH
Brookville,OH
Broughton,OH
Brownsville,OH
Brunersburg,OH
Brunswick,OH
Bryan,OH
Buchtel,OH
Buckeye Lake,OH
Buckland,OH
Bucyrus,OH
Buffalo,OH
Buford,OH
Burbank,OH
Burgoon,OH
Burkettsville,OH
Burlington,OH
Burton,OH
Butler,OH
Butlerville,OH
Byesville,OH
Cadiz,OH
Cairo,OH
Calcutta,OH
Caldwell,OH
Caledonia,OH
Cambridge,OH
Camden,OH
Camp Dennison,OH
Campbell,OH
Canal Fulton,OH
Canal Lewisville,OH
Canal Winchester,OH
Candlewood Lake,OH
Canfield,OH
Canton,OH
Carbon Hill,OH
Cardington,OH
Carey,OH
Carlisle,OH
Carroll,OH
Carrollton,OH
Casstown,OH
Castalia,OH
Castine,OH
Catawba,OH
Cecil,OH
Cedarville,OH
Celeryville,OH
Celina,OH
Centerburg,OH
Centerville,OH
Chagrin Falls,OH
Champion Heights,OH
Chardon,OH
Chatfield,OH
Chauncey,OH
Cherry Fork,OH
Cherry Grove,OH
Chesapeake,OH
Cheshire,OH
Chesterhill,OH
Chesterland,OH
Chesterville,OH
Cheviot,OH
Chickasaw,OH
Chillicothe,OH
Chilo,OH
Chippewa Lake,OH
Chippewa Park,OH
Choctaw Lake,OH
Christiansburg,OH
Churchill,OH
Cincinnati,OH
Cinnamon Lake,OH
Circleville,OH
Clarington,OH
Clarksburg,OH
Clarksville,OH
Clarktown,OH
Clay Center,OH
Clayton,OH
Cleveland,OH
Cleveland Heights,OH
Cleves,OH
Clifton,OH
Clinton,OH
Cloverdale,OH
Clyde,OH
Coal Grove,OH
Coalton,OH
Coldstream,OH
Coldwater,OH
College Corner,OH
Collins,OH
Columbiana,OH
Columbus,OH
Columbus Grove,OH
Commercial Point,OH
Concorde Hills,OH
Conesville,OH
Congress,OH
Conneaut,OH
Connorville,OH
Continental,OH
Convoy,OH
Coolville,OH
Corning,OH
Cortland,OH
Corwin,OH
Coshocton,OH
Covedale,OH
Covington,OH
Craig Beach,OH
Crestline,OH
Creston,OH
Cridersville,OH
Crooksville,OH
Crown City,OH
Crystal Lakes,OH
Crystal Rock,OH
Cumberland,OH
Curtice,OH
Custar,OH
Cuyahoga Falls,OH
Cuyahoga Heights,OH
Cygnet,OH
Cynthiana,OH
Dalton,OH
Damascus,OH
Danville,OH
Darbydale,OH
Darbyville,OH
Darrtown,OH
Day Heights,OH
Dayton,OH
De Graff,OH
Deer Park,OH
Deersville,OH
Defiance,OH
Delaware,OH
Delhi Hills,OH
Dellroy,OH
Delphos,OH
Delshire,OH
Delta,OH
Dennison,OH
Dent,OH
Derby,OH
Deshler,OH
Devola,OH
Dexter City,OH
Dillonvale,OH
Dola,OH
Donnelsville,OH
Dover,OH
Doylestown,OH
Dresden,OH
Drexel,OH
Dry Ridge,OH
Dry Run,OH
Dublin,OH
Duncan Falls,OH
Dundee,OH
Dunkirk,OH
Dunlap,OH
Dupont,OH
East Alliance,OH
East Canton,OH
East Cleveland,OH
East Fultonham,OH
East Liberty,OH
East Liverpool,OH
East Palestine,OH
East Rochester,OH
East Sparta,OH
East Springfield,OH
Eastlake,OH
Eaton,OH
Eaton Estates,OH
Edgerton,OH
Edgewood,OH
Edison,OH
Edon,OH
Eldorado,OH
Elgin,OH
Elida,OH
Elizabethtown,OH
Elmore,OH
Elmwood Place,OH
Elyria,OH
Empire,OH
Englewood,OH
Enon,OH
Etna,OH
Euclid,OH
Evendale,OH
Fairborn,OH
Fairfax,OH
Fairfield,OH
Fairfield Beach,OH
Fairlawn,OH
Fairport Harbor,OH
Fairview,OH
Fairview Park,OH
Farmersville,OH
Fayette,OH
Fayetteville,OH
Felicity,OH
Findlay,OH
Finneytown,OH
Five Points,OH
Flat Rock,OH
Fletcher,OH
Florida,OH
Flushing,OH
Forest,OH
Forest Park,OH
Forestville,OH
Fort Jennings,OH
Fort Loramie,OH
Fort McKinley,OH
Fort Recovery,OH
Fort Seneca,OH
Fort Shawnee,OH
Fostoria,OH
Four Bridges,OH
Frankfort,OH
Franklin,OH
Franklin Furnace,OH
Frazeysburg,OH
Fredericksburg,OH
Fredericktown,OH
Freeport,OH
Fremont,OH
Fresno,OH
Friendship,OH
Fruit Hill,OH
Fulton,OH
Fultonham,OH
Gahanna,OH
Galena,OH
Galion,OH
Gallipolis,OH
Gambier,OH
Gann,OH
Garfield Heights,OH
Garrettsville,OH
Gates Mills,OH
Geneva,OH
Geneva-on-the-Lake,OH
Genoa,OH
Georgetown,OH
Germantown,OH
Gettysburg,OH
Gibsonburg,OH
Gilboa,OH
Girard,OH
Glandorf,OH
Glencoe,OH
Glendale,OH
Glenford,OH
Glenmont,OH
Glenmoor,OH
Glenwillow,OH
Gloria Glens Park,OH
Glouster,OH
Gnadenhutten,OH
Golf Manor,OH
Gomer,OH
Good Hope,OH
Gordon,OH
Goshen,OH
Grafton,OH
Grand Rapids,OH
Grand River,OH
Grandview,OH
Grandview Heights,OH
Granville,OH
Granville South,OH
Gratiot,OH
Gratis,OH
Graysville,OH
Green,OH
Green Camp,OH
Green Meadows,OH
Green Springs,OH
Greenfield,OH
Greenhills,OH
Greentown,OH
Greenville,OH
Greenwich,OH
Groesbeck,OH
Grove City,OH
Groveport,OH
Grover Hill,OH
Guilford Lake,OH
Hamburg,OH
Hamden,OH
Hamersville,OH
Hamilton,OH
Hamler,OH
Hanging Rock,OH
Hannibal,OH
Hanover,OH
Hanoverton,OH
Harbor Hills,OH
Harbor View,OH
Harpster,OH
Harrisburg,OH
Harrison,OH
Harrisville,OH
Harrod,OH
Hartford,OH
Hartville,OH
Harveysburg,OH
Haskins,OH
Haviland,OH
Haydenville,OH
Hayesville,OH
Heath,OH
Hebron,OH
Helena,OH
Hemlock,OH
Hessville,OH
Hicksville,OH
Hide-A-Way Hills,OH
Higginsport,OH
Highland,OH
Highland Heights,OH
Highland Hills,OH
Highland Holiday,OH
Highpoint,OH
Hilliard,OH
Hills and Dales,OH
Hillsboro,OH
Hilltop,OH
Hiram,OH
Hockingport,OH
Holgate,OH
Holiday City,OH
Holiday Lakes,OH
Holiday Valley,OH
Holland,OH
Hollansburg,OH
Holloway,OH
Holmesville,OH
Homeworth,OH
Hooven,OH
Hopedale,OH
Howard,OH
Howland Center,OH
Hoytville,OH
Hubbard,OH
Huber Heights,OH
Huber Ridge,OH
Hudson,OH
Hunter,OH
Hunting Valley,OH
Huntsville,OH
Huron,OH
Iberia,OH
Independence,OH
Irondale,OH
Ironton,OH
Ithaca,OH
Jackson,OH
Jackson Center,OH
Jacksonburg,OH
Jacksontown,OH
Jacksonville,OH
Jamestown,OH
Jefferson,OH
Jeffersonville,OH
Jenera,OH
Jeromesville,OH
Jerry City,OH
Jersey,OH
Jerusalem,OH
Jewett,OH
Johnstown,OH
Junction City,OH
Kalida,OH
Kanauga,OH
Kansas,OH
Kelleys Island,OH
Kent,OH
Kenton,OH
Kenwood,OH
Kettering,OH
Kettlersville,OH
Kidron,OH
Kilbourne,OH
Killbuck,OH
Kimbolton,OH
Kings Mills,OH
Kingston,OH
Kingsville,OH
Kinsman Center,OH
Kipton,OH
Kirby,OH
Kirkersville,OH
Kirtland,OH
Kirtland Hills,OH
Kunkle,OH
La Croft,OH
La Rue,OH
LaGrange,OH
Lafayette,OH
Lafferty,OH
Lake Buckhorn,OH
Lake Darby,OH
Lake Lakengren,OH
Lake Lorelei,OH
Lake Milton,OH
Lake Mohawk,OH
Lake Seneca,OH
Lake Tomahawk,OH
Lake Waynoka,OH
Lakeline,OH
Lakemore,OH
Lakeside,OH
Lakeview,OH
Lakewood,OH
Lancaster,OH
Landen,OH
Lansing,OH
Latty,OH
Laura,OH
Laurelville,OH
Lawrenceville,OH
Leavittsburg,OH
Lebanon,OH
Leesburg,OH
Leesville,OH
Leetonia,OH
Leipsic,OH
Lewisburg,OH
Lewistown,OH
Lewisville,OH
Lexington,OH
Liberty Center,OH
Lima,OH
Limaville,OH
Lincoln Heights,OH
Lincoln Village,OH
Lindsey,OH
Linndale,OH
Lisbon,OH
Lithopolis,OH
Little Hocking,OH
Lloydsville,OH
Lockbourne,OH
Lockington,OH
Lockland,OH
Lodi,OH
Logan,OH
Logan Elm Village,OH
London,OH
Lorain,OH
Lordstown,OH
Lore City,OH
Loudonville,OH
Louisville,OH
Loveland,OH
Loveland Park,OH
Lowell,OH
Lowellville,OH
Lower Salem,OH
Lucas,OH
Lucasville,OH
Luckey,OH
Ludlow Falls,OH
Lynchburg,OH
Lyndhurst,OH
Lyons,OH
Macedonia,OH
Mack,OH
Macksburg,OH
Madeira,OH
Madison,OH
Madison Place,OH
Magnetic Springs,OH
Magnolia,OH
Maineville,OH
Malinta,OH
Malta,OH
Malvern,OH
Manchester,OH
Mansfield,OH
Mantua,OH
Maple Heights,OH
Maple Ridge,OH
Maplewood Park,OH
Marathon,OH
Marble Cliff,OH
Marblehead,OH
Marengo,OH
Maria Stein,OH
Mariemont,OH
Marietta,OH
Marion,OH
Marlboro,OH
Marne,OH
Marseilles,OH
Marshallville,OH
Martins Ferry,OH
Martinsburg,OH
Martinsville,OH
Marysville,OH
Mason,OH
Massieville,OH
Massillon,OH
Masury,OH
Matamoras,OH
Maumee,OH
Mayfield,OH
Mayfield Heights,OH
McArthur,OH
McClure,OH
McComb,OH
McConnelsville,OH
McCutchenville,OH
McDermott,OH
McDonald,OH
McGuffey,OH
McKinley Heights,OH
Mechanicsburg,OH
Medina,OH
Medway,OH
Melmore,OH
Melrose,OH
Mendon,OH
Mentor,OH
Mentor-on-the-Lake,OH
Metamora,OH
Meyers Lake,OH
Miami Heights,OH
Miamisburg,OH
Miamitown,OH
Miamiville,OH
Middle Point,OH
Middlebranch,OH
Middleburg Heights,OH
Middlefield,OH
Middleport,OH
Middletown,OH
Midland,OH
Midvale,OH
Midway,OH
Mifflin,OH
Milan,OH
Milford,OH
Milford Center,OH
Millbury,OH
Milledgeville,OH
Miller,OH
Miller City,OH
Millersburg,OH
Millersport,OH
Millfield,OH
Millville,OH
Milton Center,OH
Miltonsburg,OH
Mineral City,OH
Mineral Ridge,OH
Minerva,OH
Minerva Park,OH
Minford,OH
Mingo Junction,OH
Minster,OH
Mitiwanga,OH
Mogadore,OH
Monfort Heights,OH
Monroe,OH
Monroeville,OH
Montezuma,OH
Montgomery,OH
Montpelier,OH
Montrose-Ghent,OH
Moraine,OH
Moreland Hills,OH
Morgandale,OH
Morral,OH
Morristown,OH
Morrow,OH
Moscow,OH
Mount Blanchard,OH
Mount Carmel,OH
Mount Cory,OH
Mount Eaton,OH
Mount Gilead,OH
Mount Healthy,OH
Mount Healthy Heights,OH
Mount Hope,OH
Mount Orab,OH
Mount Pleasant,OH
Mount Repose,OH
Mount Sterling,OH
Mount Vernon,OH
Mount Victory,OH
Mowrystown,OH
Mulberry,OH
Munroe Falls,OH
Murray City,OH
Mutual,OH
Nankin,OH
Napoleon,OH
Nashport,OH
Nashville,OH
Navarre,OH
Neapolis,OH
Neffs,OH
Negley,OH
Nellie,OH
Nelsonville,OH
Nettle Lake,OH
Nevada,OH
Neville,OH
New Albany,OH
New Alexandria,OH
New Athens,OH
New Baltimore,OH
New Bavaria,OH
New Bloomington,OH
New Boston,OH
New Bremen,OH
New Burlington,OH
New California,OH
New Carlisle,OH
New Concord,OH
New Franklin,OH
New Hampshire,OH
New Haven,OH
New Holland,OH
New Knoxville,OH
New Lebanon,OH
New Lexington,OH
New London,OH
New Madison,OH
New Marshfield,OH
New Miami,OH
New Middletown,OH
New Paris,OH
New Philadelphia,OH
New Pittsburg,OH
New Richmond,OH
New Riegel,OH
New Springfield,OH
New Straitsville,OH
New Vienna,OH
New Washington,OH
New Waterford,OH
New Weston,OH
Newark,OH
Newburgh Heights,OH
Newcomerstown,OH
Newport,OH
Newton Falls,OH
Newtown,OH
Ney,OH
Niles,OH
North Baltimore,OH
North Bend,OH
North Canton,OH
North College Hill,OH
North Fairfield,OH
North Hampton,OH
North Industry,OH
North Kingsville,OH
North Lawrence,OH
North Lewisburg,OH
North Lima,OH
North Madison,OH
North Olmsted,OH
North Perry,OH
North Randall,OH
North Ridgeville,OH
North Robinson,OH
North Royalton,OH
North Star,OH
North Zanesville,OH
Northbrook,OH
Northfield,OH
Northgate,OH
Northridge,OH
Northwood,OH
Norton,OH
Norwalk,OH
Norwich,OH
Norwood,OH
Oak Harbor,OH
Oak Hill,OH
Oakwood,OH
Oberlin,OH
Obetz,OH
Oceola,OH
Octa,OH
Ohio City,OH
Old Fort,OH
Old Washington,OH
Olde West Chester,OH
Olmsted Falls,OH
Ontario,OH
Orange,OH
Orangeville,OH
Oregon,OH
Orient,OH
Orrville,OH
Orwell,OH
Osgood,OH
Ostrander,OH
Ottawa,OH
Ottawa Hills,OH
Ottoville,OH
Otway,OH
Owensville,OH
Oxford,OH
Painesville,OH
Palestine,OH
Pancoastburg,OH
Pandora,OH
Park Layne,OH
Parkman,OH
Parma,OH
Parma Heights,OH
Parral,OH
Pataskala,OH
Patterson,OH
Paulding,OH
Payne,OH
Peebles,OH
Pekin,OH
Pemberville,OH
Peninsula,OH
Pepper Pike,OH
Perry,OH
Perry Heights,OH
Perrysburg,OH
Perrysville,OH
Petersburg,OH
Pettisville,OH
Pheasant Run,OH
Phillipsburg,OH
Philo,OH
Pickerington,OH
Pigeon Creek,OH
Piketon,OH
Pioneer,OH
Piqua,OH
Pitsburg,OH
Plain City,OH
Plainfield,OH
Plainville,OH
Pleasant City,OH
Pleasant Grove,OH
Pleasant Hill,OH
Pleasant Hills,OH
Pleasant Plain,OH
Pleasant Run,OH
Pleasant Run Farm,OH
Pleasantville,OH
Plumwood,OH
Plymouth,OH
Poland,OH
Polk,OH
Pomeroy,OH
Port Clinton,OH
Port Jefferson,OH
Port Washington,OH
Port William,OH
Portage,OH
Portage Lakes,OH
Portsmouth,OH
Potsdam,OH
Pottery Addition,OH
Powell,OH
Powhatan Point,OH
Proctorville,OH
Prospect,OH
Pulaski,OH
Put-in-Bay,OH
Quaker City,OH
Quincy,OH
Racine,OH
Radnor,OH
Rarden,OH
Ravenna,OH
Rawson,OH
Rayland,OH
Raymond,OH
Reading,OH
Reedurban,OH
Reminderville,OH
Remington,OH
Rendville,OH
Reno,OH
Reno Beach,OH
Republic,OH
Reynoldsburg,OH
Richfield,OH
Richmond,OH
Richmond Dale,OH
Richmond Heights,OH
Richville,OH
Richwood,OH
Ridgeville Corners,OH
Ridgeway,OH
Ridgewood,OH
Rio Grande,OH
Ripley,OH
Risingsun,OH
Rittman,OH
Riverlea,OH
Riverside,OH
Roachester,OH
Roaming Shores,OH
Robertsville,OH
Rochester,OH
Rock Creek,OH
Rockbridge,OH
Rockford,OH
Rocky Fork Point,OH
Rocky Ridge,OH
Rocky River,OH
Rogers,OH
Rome,OH
Rose Farm,OH
Roseland,OH
Rosemount,OH
Roseville,OH
Rosewood,OH
Ross,OH
Rossburg,OH
Rossford,OH
Rossmoyne,OH
Roswell,OH
Rudolph,OH
Rushsylvania,OH
Rushville,OH
Russells Point,OH
Russellville,OH
Russia,OH
Rutland,OH
Sabina,OH
Salem,OH
Salem Heights,OH
Salesville,OH
Salineville,OH
Sandusky,OH
Sandyville,OH
Sarahsville,OH
Sardinia,OH
Sardis,OH
Savannah,OH
Sawyerwood,OH
Saybrook-on-the-Lake,OH
Scio,OH
Sciotodale,OH
Scott,OH
Seaman,OH
Sebring,OH
Senecaville,OH
Seven Hills,OH
Seven Mile,OH
Seville,OH
Shadyside,OH
Shaker Heights,OH
Sharon Center,OH
Sharonville,OH
Shawnee,OH
Shawnee Hills,OH
Sheffield,OH
Sheffield Lake,OH
Shelby,OH
Sherrodsville,OH
Sherwood,OH
Shiloh,OH
Shreve,OH
Sidney,OH
Silver Lake,OH
Silverton,OH
Sinking Spring,OH
Sixteen Mile Stand,OH
Skyline Acres,OH
Smithville,OH
Solon,OH
Somerset,OH
Somerville,OH
South Amherst,OH
South Bloomfield,OH
South Canal,OH
South Charleston,OH
South Euclid,OH
South Lebanon,OH
South Mount Vernon,OH
South Point,OH
South Russell,OH
South Salem,OH
South Solon,OH
South Vienna,OH
South Webster,OH
South Zanesville,OH
Sparta,OH
Spencer,OH
Spencerville,OH
Spring Valley,OH
Springboro,OH
Springdale,OH
Springfield,OH
St. Bernard,OH
St. Clairsville,OH
St. Henry,OH
St. Johns,OH
St. Louisville,OH
St. Martin,OH
St. Marys,OH
St. Paris,OH
Stafford,OH
Sterling,OH
Steubenville,OH
Stewart,OH
Stockdale,OH
Stockport,OH
Stone Creek,OH
Stony Prairie,OH
Stony Ridge,OH
Stoutsville,OH
Stow,OH
Strasburg,OH
Stratton,OH
Streetsboro,OH
Strongsville,OH
Struthers,OH
Stryker,OH
Suffield,OH
Sugar Bush Knolls,OH
Sugar Grove,OH
Sugarcreek,OH
Sullivan,OH
Sulphur Springs,OH
Summerfield,OH
Summerside,OH
Summitville,OH
Sunbury,OH
Swanton,OH
Sycamore,OH
Sylvania,OH
Syracuse,OH
Tallmadge,OH
Tarlton,OH
Taylor Creek,OH
Tedrow,OH
Terrace Park,OH
The Plains,OH
The Village of Indian Hill,OH
Thornport,OH
Thornville,OH
Thurston,OH
Tiffin,OH
Tiltonsville,OH
Timberlake,OH
Tipp City,OH
Tippecanoe,OH
Tiro,OH
Toledo,OH
Tontogany,OH
Toronto,OH
Tremont City,OH
Trenton,OH
Trimble,OH
Trinway,OH
Trotwood,OH
Troy,OH
Tuppers Plains,OH
Turpin Hills,OH
Tuscarawas,OH
Twinsburg,OH
Twinsburg Heights,OH
Uhrichsville,OH
Union,OH
Union City,OH
Uniontown,OH
Unionville Center,OH
Uniopolis,OH
University Heights,OH
Upper Arlington,OH
Upper Sandusky,OH
Urbana,OH
Urbancrest,OH
Utica,OH
Valley City,OH
Valley Hi,OH
Valley View,OH
Van Buren,OH
Van Wert,OH
Vandalia,OH
Vanlue,OH
Vaughnsville,OH
Venedocia,OH
Vermilion,OH
Verona,OH
Versailles,OH
Vickery,OH
Vienna Center,OH
Vincent,OH
Vinton,OH
Wadsworth,OH
Waite Hill,OH
Wakeman,OH
Walbridge,OH
Waldo,OH
Walnut Creek,OH
Walton Hills,OH
Wapakoneta,OH
Warren,OH
Warrensville Heights,OH
Warsaw,OH
Washington Court House,OH
Washingtonville,OH
Waterford,OH
Waterville,OH
Wauseon,OH
Waverly,OH
Wayne,OH
Wayne Lakes,OH
Waynesburg,OH
Waynesfield,OH
Waynesville,OH
Wellington,OH
Wellston,OH
Wellsville,OH
West Alexandria,OH
West Carrollton,OH
West Elkton,OH
West Farmington,OH
West Hill,OH
West Jefferson,OH
West Lafayette,OH
West Leipsic,OH
West Liberty,OH
West Logan,OH
West Manchester,OH
West Mansfield,OH
West Millgrove,OH
West Milton,OH
West Portsmouth,OH
West Rushville,OH
West Salem,OH
West Union,OH
West Unity,OH
Westerville,OH
Westfield Center,OH
Westlake,OH
Westminster,OH
Weston,OH
Wetherington,OH
Wharton,OH
Wheelersburg,OH
White Oak,OH
Whitehall,OH
Whitehouse,OH
Whites Landing,OH
Wickliffe,OH
Wightmans Grove,OH
Wilberforce,OH
Wilkesville,OH
Wilkshire Hills,OH
Willard,OH
Williamsburg,OH
Williamsdale,OH
Williamsport,OH
Williston,OH
Willoughby,OH
Willoughby Hills,OH
Willowick,OH
Willshire,OH
Wilmington,OH
Wilmot,OH
Wilson,OH
Winchester,OH
Windham,OH
Winesburg,OH
Wintersville,OH
Withamsville,OH
Wolfhurst,OH
Woodlawn,OH
Woodmere,OH
Woodsdale,OH
Woodsfield,OH
Woodstock,OH
Woodville,OH
Woodworth,OH
Wooster,OH
Worthington,OH
Wren,OH
Wright-Patterson AFB,OH
Wyoming,OH
Xenia,OH
Yankee Lake,OH
Yellow Springs,OH
Yorkshire,OH
Yorkville,OH
Youngstown,OH
Zaleski,OH
Zanesfield,OH
Zanesville,OH
Zoar,OH
Achille,OK
Ada,OK
Adair,OK
Adams,OK
Adamson,OK
Addington,OK
Afton,OK
Agra,OK
Akins,OK
Albany,OK
Albion,OK
Alderson,OK
Alex,OK
Aline,OK
Allen,OK
Altus,OK
Alva,OK
Amber,OK
Ames,OK
Amorita,OK
Anadarko,OK
Antlers,OK
Apache,OK
Arapaho,OK
Arcadia,OK
Ardmore,OK
Arkoma,OK
Armstrong,OK
Arnett,OK
Arpelar,OK
Asher,OK
Ashland,OK
Atoka,OK
Atwood,OK
Avant,OK
Avard,OK
Bache,OK
Badger Lee,OK
Baker,OK
Ballou,OK
Barber,OK
Barnsdall,OK
Baron,OK
Bartlesville,OK
Bearden,OK
Beaver,OK
Bee,OK
Beggs,OK
Belfonte,OK
Bell,OK
Bennington,OK
Bentley,OK
Bernice,OK
Bessie,OK
Bethany,OK
Bethel Acres,OK
Big Cabin,OK
Billings,OK
Binger,OK
Bison,OK
Bixby,OK
Blackburn,OK
Blackgum,OK
Blackwell,OK
Blair,OK
Blanchard,OK
Blanco,OK
Blue,OK
Bluejacket,OK
Boise City,OK
Bokchito,OK
Bokoshe,OK
Boley,OK
Boswell,OK
Bowlegs,OK
Bowring,OK
Box,OK
Boynton,OK
Bradley,OK
Braggs,OK
Braman,OK
Bray,OK
Breckenridge,OK
Brent,OK
Briartown,OK
Bridge Creek,OK
Bridgeport,OK
Briggs,OK
Bristow,OK
Broken Arrow,OK
Broken Bow,OK
Bromide,OK
Brooksville,OK
Brush Creek,OK
Brushy,OK
Bryant,OK
Buffalo,OK
Bug Tussle,OK
Bull Hollow,OK
Bunch,OK
Burbank,OK
Burlington,OK
Burneyville,OK
Burns Flat,OK
Bushyhead,OK
Butler,OK
Byars,OK
Byng,OK
Byron,OK
Cache,OK
Caddo,OK
Calera,OK
Calumet,OK
Calvin,OK
Camargo,OK
Cameron,OK
Canadian,OK
Canadian Shores,OK
Caney,OK
Caney Ridge,OK
Canton,OK
Canute,OK
Capron,OK
Carlisle,OK
Carlton Landing,OK
Carmen,OK
Carnegie,OK
Carney,OK
Carrier,OK
Carter,OK
Cartwright,OK
Cashion,OK
Castle,OK
Catoosa,OK
Cave Spring,OK
Cayuga,OK
Cedar Crest,OK
Cedar Lake,OK
Cedar Valley,OK
Cement,OK
Centrahoma,OK
Central High,OK
Chance,OK
Chandler,OK
Chattanooga,OK
Checotah,OK
Chelsea,OK
Cherokee,OK
Cherry Tree,OK
Chester,OK
Chewey,OK
Cheyenne,OK
Chickasha,OK
Choctaw,OK
Chouteau,OK
Christie,OK
Cimarron City,OK
Claremore,OK
Clarita,OK
Clarksville,OK
Clayton,OK
Clearview,OK
Cleo Springs,OK
Cleora,OK
Cleveland,OK
Clinton,OK
Cloud Creek,OK
Coalgate,OK
Colbert,OK
Colcord,OK
Cole,OK
Coleman,OK
Collinsville,OK
Colony,OK
Comanche,OK
Commerce,OK
Connerville,OK
Cookson,OK
Cooperton,OK
Copan,OK
Copeland,OK
Corn,OK
Cornish,OK
Cottonwood,OK
Council Hill,OK
Covington,OK
Coweta,OK
Cowlington,OK
Coyle,OK
Crescent,OK
Crescent Springs,OK
Cromwell,OK
Crowder,OK
Cumberland,OK
Cushing,OK
Custer City,OK
Cyril,OK
Dacoma,OK
Dale,OK
Davenport,OK
Davidson,OK
Davis,OK
Deer Creek,OK
Deer Lick,OK
Del City,OK
Delaware,OK
Dennis,OK
Depew,OK
Devol,OK
Dewar,OK
Dewey,OK
Dibble,OK
Dickson,OK
Dill City,OK
Disney,OK
Dixon,OK
Dodge,OK
Dotyville,OK
Dougherty,OK
Douglas,OK
Dover,OK
Dripping Springs,OK
Drowning Creek,OK
Drummond,OK
Drumright,OK
Dry Creek,OK
Duchess Landing,OK
Duncan,OK
Durant,OK
Durham,OK
Dustin,OK
Dwight Mission,OK
Eagle City,OK
Eagletown,OK
Eakly,OK
Earl,OK
Earlsboro,OK
East Duke,OK
Edgewater Park,OK
Edmond,OK
El Reno,OK
Eldon,OK
Eldorado,OK
Elgin,OK
Elk City,OK
Elm Grove,OK
Elmer,OK
Elmore City,OK
Elohim City,OK
Emet,OK
Empire City,OK
Enid,OK
Enterprise,OK
Erick,OK
Erin Springs,OK
Etowah,OK
Etta,OK
Eufaula,OK
Evening Shade,OK
Fair Oaks,OK
Fairfax,OK
Fairfield,OK
Fairland,OK
Fairmont,OK
Fairview,OK
Fallis,OK
Fanshawe,OK
Fargo,OK
Faxon,OK
Fay,OK
Felt,OK
Finley,OK
Fittstown,OK
Fitzhugh,OK
Fletcher,OK
Flint Creek,OK
Flute Springs,OK
Foraker,OK
Forest Park,OK
Forgan,OK
Fort Cobb,OK
Fort Coffee,OK
Fort Gibson,OK
Fort Supply,OK
Fort Towson,OK
Foss,OK
Foster,OK
Fox,OK
Foyil,OK
Francis,OK
Frederick,OK
Freedom,OK
Friendship,OK
Gage,OK
Gans,OK
Garber,OK
Garvin,OK
Gate,OK
Geary,OK
Gene Autry,OK
Geronimo,OK
Gerty,OK
Gideon,OK
Glencoe,OK
Glenpool,OK
Golden,OK
Goldsby,OK
Goltry,OK
Goodwell,OK
Gore,OK
Gotebo,OK
Gould,OK
Gowen,OK
Gracemont,OK
Grainola,OK
Grand Lake Towne,OK
Grandfield,OK
Grandview,OK
Granite,OK
Grant,OK
Grayson,OK
Greasy,OK
Greenfield,OK
Greenville,OK
Gregory,OK
Grove,OK
Guthrie,OK
Guymon,OK
Haileyville,OK
Hallett,OK
Hammon,OK
Hanna,OK
Hanson,OK
Hardesty,OK
Harrah,OK
Hartshorne,OK
Haskell,OK
Hastings,OK
Haworth,OK
Haywood,OK
Headrick,OK
Healdton,OK
Heavener,OK
Helena,OK
Hendrix,OK
Hennepin,OK
Hennessey,OK
Henryetta,OK
Hickory,OK
Hillsdale,OK
Hinton,OK
Hitchcock,OK
Hitchita,OK
Hobart,OK
Hochatown,OK
Hodgen,OK
Hoffman,OK
Holdenville,OK
Hollis,OK
Hollister,OK
Homestead,OK
Hominy,OK
Honey Hill,OK
Hooker,OK
Hoot Owl,OK
Hopeton,OK
Horntown,OK
Hough,OK
Howe,OK
Hoyt,OK
Hugo,OK
Hulbert,OK
Hunter,OK
Hydro,OK
IXL,OK
Idabel,OK
Indiahoma,OK
Indianola,OK
Ingalls,OK
Inola,OK
Iron Post,OK
Isabella,OK
Jay,OK
Jefferson,OK
Jenks,OK
Jennings,OK
Jet,OK
Johnson,OK
Johnson Prairie,OK
Jones,OK
Justice,OK
Kansas,OK
Katie,OK
Kaw City,OK
Keefton,OK
Kellyville,OK
Kemp,OK
Kendrick,OK
Kenefic,OK
Kenton,OK
Kenwood,OK
Keota,OK
Ketchum,OK
Keyes,OK
Keys,OK
Kiefer,OK
Kildare,OK
Kingfisher,OK
Kingston,OK
Kinta,OK
Kiowa,OK
Knowles,OK
Konawa,OK
Krebs,OK
Kremlin,OK
Lahoma,OK
Lake Aluma,OK
Lake Ellsworth Addition,OK
Lakeside Village,OK
Lamar,OK
Lambert,OK
Lamont,OK
Lane,OK
Langley,OK
Langston,OK
Latta,OK
Laverne,OK
Lawrence Creek,OK
Lawton,OK
Lawtonka Acres,OK
Le Flore,OK
Leach,OK
Lebanon,OK
Leedey,OK
Lehigh,OK
Lenapah,OK
Leon,OK
Leonard,OK
Lequire,OK
Lexington,OK
Liberty,OK
Lima,OK
Limestone,OK
Lindsay,OK
Little City,OK
Little Ponderosa,OK
Little Rock,OK
Loco,OK
Locust Grove,OK
Lone Chimney,OK
Lone Grove,OK
Lone Wolf,OK
Long,OK
Longdale,OK
Longtown,OK
Lookeba,OK
Lost City,OK
Lotsee,OK
Loveland,OK
Lovell,OK
Lowrey,OK
Loyal,OK
Lucien,OK
Luther,OK
Lyons Switch,OK
Macomb,OK
Madill,OK
Mallard Bay,OK
Manchester,OK
Mangum,OK
Manitou,OK
Mannford,OK
Mannsville,OK
Maramec,OK
Marble City,OK
Marietta,OK
Marland,OK
Marlow,OK
Marshall,OK
Martha,OK
Maud,OK
May,OK
Maysville,OK
Mazie,OK
McAlester,OK
McBride,OK
McCord,OK
McCurtain,OK
McLoud,OK
Mead,OK
Medford,OK
Medicine Park,OK
Meeker,OK
Mehan,OK
Meno,OK
Meridian,OK
Miami,OK
Middleberg,OK
Midwest City,OK
Milburn,OK
Milfay,OK
Mill Creek,OK
Millerton,OK
Minco,OK
Moffett,OK
Monroe,OK
Moodys,OK
Moore,OK
Mooreland,OK
Morris,OK
Morrison,OK
Mounds,OK
Mountain Park,OK
Mountain View,OK
Moyers,OK
Mulberry,OK
Muldrow,OK
Mule Barn,OK
Mulhall,OK
Murphy,OK
Muskogee,OK
Mustang,OK
Mutual,OK
Narcissa,OK
Nardin,OK
Nash,OK
Nashoba,OK
Nelagoney,OK
Nescatunga,OK
New Alluwe,OK
New Cordell,OK
New Eucha,OK
New Woodville,OK
Newcastle,OK
Newkirk,OK
Nichols Hills,OK
Nicoma Park,OK
Nicut,OK
Ninnekah,OK
Noble,OK
Norge,OK
Norman,OK
North Enid,OK
North Miami,OK
Norwood,OK
Notchietown,OK
Nowata,OK
Oak Grove,OK
Oak Hill-Piney,OK
Oakhurst,OK
Oakland,OK
Oaks,OK
Oakwood,OK
Ochelata,OK
Oilton,OK
Okarche,OK
Okay,OK
Okeene,OK
Okemah,OK
Oklahoma City,OK
Okmulgee,OK
Oktaha,OK
Old Eucha,OK
Old Green,OK
Olive,OK
Olustee,OK
Oologah,OK
Optima,OK
Orlando,OK
Osage,OK
Owasso,OK
Paden,OK
Panama,OK
Panola,OK
Paoli,OK
Paradise Hill,OK
Park Hill,OK
Pauls Valley,OK
Pawhuska,OK
Pawnee,OK
Peavine,OK
Peckham,OK
Peggs,OK
Pensacola,OK
Peoria,OK
Perkins,OK
Perry,OK
Pershing,OK
Pettit,OK
Phillips,OK
Pickett,OK
Piedmont,OK
Pin Oak Acres,OK
Piney,OK
Pinhook Corner,OK
Pink,OK
Pittsburg,OK
Platter,OK
Pocasset,OK
Pocola,OK
Ponca City,OK
Pond Creek,OK
Pontotoc,OK
Porter,OK
Porum,OK
Poteau,OK
Prague,OK
Preston,OK
Proctor,OK
Prue,OK
Pryor Creek,OK
Pump Back,OK
Pumpkin Hollow,OK
Purcell,OK
Putnam,OK
Quapaw,OK
Quay,OK
Quinlan,OK
Quinton,OK
Ralston,OK
Ramona,OK
Randlett,OK
Ratliff City,OK
Rattan,OK
Ravia,OK
Reagan,OK
Red Oak,OK
Red Rock,OK
Redbird,OK
Redbird Smith,OK
Remy,OK
Renfrow,OK
Rentiesville,OK
Reydon,OK
Ringling,OK
Ringwood,OK
Ripley,OK
River Bottom,OK
Rock Island,OK
Rocky,OK
Rocky Ford,OK
Rocky Mountain,OK
Rocky Point,OK
Roff,OK
Roland,OK
Roosevelt,OK
Rose,OK
Rosedale,OK
Rosston,OK
Rush Springs,OK
Ryan,OK
Salina,OK
Sallisaw,OK
Sand Hill,OK
Sand Point,OK
Sand Springs,OK
Sapulpa,OK
Sasakwa,OK
Savanna,OK
Sawyer,OK
Sayre,OK
Schulter,OK
Scipio,OK
Seiling,OK
Selman,OK
Seminole,OK
Sentinel,OK
Sequoyah,OK
Seward,OK
Shady Grove,OK
Shady Point,OK
Shamrock,OK
Sharon,OK
Shattuck,OK
Shawnee,OK
Shidler,OK
Short,OK
Silo,OK
Simms,OK
Skedee,OK
Skiatook,OK
Slaughterville,OK
Slick,OK
Smith Village,OK
Smithville,OK
Snake Creek,OK
Snyder,OK
Soper,OK
Sour John,OK
South Coffeyville,OK
Sparks,OK
Spaulding,OK
Spavinaw,OK
Spencer,OK
Sperry,OK
Spiro,OK
Sportmans Shores,OK
Sportsmen Acres,OK
Springer,OK
St. Louis,OK
Steely Hollow,OK
Sterling,OK
Stidham,OK
Stigler,OK
Stillwater,OK
Stilwell,OK
Stonewall,OK
Stoney Point,OK
Strang,OK
Stratford,OK
Stringtown,OK
Strong City,OK
Stroud,OK
Stuart,OK
Sugden,OK
Sulphur,OK
Summit,OK
Sumner,OK
Sunray,OK
Sweetwater,OK
Swink,OK
Sycamore,OK
Taft,OK
Tagg Flats,OK
Tahlequah,OK
Talala,OK
Talihina,OK
Taloga,OK
Tamaha,OK
Tatums,OK
Taylor Ferry,OK
Tecumseh,OK
Temple,OK
Tenkiller,OK
Teresita,OK
Terlton,OK
Terral,OK
Texanna,OK
Texhoma,OK
Texola,OK
Thackerville,OK
The Village,OK
Thomas,OK
Tiawah,OK
Tipton,OK
Tishomingo,OK
Titanic,OK
Tonkawa,OK
Tonkawa Tribal Housing,OK
Toppers,OK
Tribbey,OK
Tryon,OK
Tullahassee,OK
Tulsa,OK
Tupelo,OK
Turley,OK
Turpin,OK
Tushka,OK
Tuskahoma,OK
Tuttle,OK
Twin Lakes,OK
Twin Oaks,OK
Tyrone,OK
Union City,OK
Utica,OK
Valley Brook,OK
Valley Park,OK
Valliant,OK
Vanoss,OK
Velma,OK
Vera,OK
Verden,OK
Verdigris,OK
Vian,OK
Vici,OK
Vinita,OK
Wagoner,OK
Wainwright,OK
Wakita,OK
Walters,OK
Wanette,OK
Wann,OK
Wapanucka,OK
Wardville,OK
Warner,OK
Warr Acres,OK
Warwick,OK
Washington,OK
Washita,OK
Watonga,OK
Watova,OK
Watts,OK
Wauhillau,OK
Waukomis,OK
Waurika,OK
Wayne,OK
Waynoka,OK
Weatherford,OK
Webb City,OK
Webbers Falls,OK
Welch,OK
Weleetka,OK
Welling,OK
Wellston,OK
Welty,OK
West Peavine,OK
West Siloam Springs,OK
Westport,OK
Westville,OK
Wetumka,OK
Wewoka,OK
Whippoorwill,OK
White Eagle,OK
White Oak,OK
White Water,OK
Whitefield,OK
Whitehorn Cove,OK
Whitesboro,OK
Wickliffe,OK
Wilburton,OK
Willow,OK
Wilson,OK
Winchester,OK
Wister,OK
Woodall,OK
Woodlawn Park,OK
Woodward,OK
Wright City,OK
Wyandotte,OK
Wynnewood,OK
Wynona,OK
Yale,OK
Yeager,OK
Yukon,OK
Zeb,OK
Zena,OK
Zion,OK
Adair Village,OR
Adams,OR
Adrian,OR
Albany,OR
Aloha,OR
Alpine,OR
Alsea,OR
Altamont,OR
Amity,OR
Annex,OR
Antelope,OR
Arlington,OR
Ashland,OR
Astoria,OR
Athena,OR
Aumsville,OR
Aurora,OR
Baker City,OR
Bandon,OR
Banks,OR
Barlow,OR
Barnesdale,OR
Barview,OR
Bay City,OR
Bayshore,OR
Bayside Gardens,OR
Beatty,OR
Beaver,OR
Beaver Marsh,OR
Beavercreek,OR
Beaverton,OR
Bellfountain,OR
Bend,OR
Bethany,OR
Biggs Junction,OR
Black Butte Ranch,OR
Blodgett,OR
Bly,OR
Boardman,OR
Bonanza,OR
Boring,OR
Brogan,OR
Brookings,OR
Brooks,OR
Brownsville,OR
Bull Mountain,OR
Bunker Hill,OR
Burns,OR
Butte Falls,OR
Butteville,OR
Camp Sherman,OR
Canby,OR
Cannon Beach,OR
Canyon City,OR
Canyonville,OR
Cape Meares,OR
Carlton,OR
Cascade Locks,OR
Cascadia,OR
Cave Junction,OR
Cayuse,OR
Cedar Hills,OR
Cedar Mill,OR
Central Point,OR
Chemult,OR
Chenoweth,OR
Cherry Grove,OR
Cheshire,OR
Chiloquin,OR
Clatskanie,OR
Cloverdale,OR
Coburg,OR
Columbia City,OR
Condon,OR
Coos Bay,OR
Coquille,OR
Cornelius,OR
Corvallis,OR
Cottage Grove,OR
Cove,OR
Crabtree,OR
Crane,OR
Crawfordsville,OR
Crescent,OR
Crescent Lake,OR
Creswell,OR
Crooked River Ranch,OR
Culver,OR
Dallas,OR
Damascus,OR
Days Creek,OR
Dayton,OR
Dayville,OR
Deer Island,OR
Depoe Bay,OR
Deschutes River Woods,OR
Detroit,OR
Dexter,OR
Dillard,OR
Dilley,OR
Donald,OR
Drain,OR
Dufur,OR
Dundee,OR
Dunes City,OR
Dunthorpe,OR
Durham,OR
Eagle Crest,OR
Eagle Point,OR
Echo,OR
Elgin,OR
Elkton,OR
Elmira,OR
Enterprise,OR
Eola,OR
Estacada,OR
Eugene,OR
Fair Oaks,OR
Fairview,OR
Falcon Heights,OR
Falls City,OR
Florence,OR
Foots Creek,OR
Forest Grove,OR
Fort Hill,OR
Fort Klamath,OR
Fossil,OR
Four Corners,OR
Garden Home-Whitford,OR
Gardiner,OR
Garibaldi,OR
Gaston,OR
Gates,OR
Gearhart,OR
Gervais,OR
Gilchrist,OR
Gladstone,OR
Glasgow,OR
Glendale,OR
Glide,OR
Gold Beach,OR
Gold Hill,OR
Gopher Flats,OR
Government Camp,OR
Grand Ronde,OR
Granite,OR
Grants Pass,OR
Grass Valley,OR
Green,OR
Green Meadows,OR
Greenhorn,OR
Gresham,OR
Haines,OR
Halfway,OR
Halsey,OR
Happy Valley,OR
Harbor,OR
Harper,OR
Harrisburg,OR
Hayesville,OR
Hebo,OR
Heceta Beach,OR
Helix,OR
Heppner,OR
Hermiston,OR
Hillsboro,OR
Hines,OR
Holley,OR
Hood River,OR
Hubbard,OR
Huntington,OR
Idanha,OR
Idaville,OR
Imbler,OR
Independence,OR
Ione,OR
Irrigon,OR
Island City,OR
Jacksonville,OR
Jasper,OR
Jeffers Gardens,OR
Jefferson,OR
Jennings Lodge,OR
John Day,OR
Johnson City,OR
Jordan Valley,OR
Joseph,OR
Junction City,OR
Juniper Canyon,OR
Juntura,OR
Keizer,OR
Keno,OR
Kerby,OR
King City,OR
Kings Valley,OR
Kirkpatrick,OR
Klamath Falls,OR
Knappa,OR
La Grande,OR
La Pine,OR
Labish Village,OR
Lacomb,OR
Lafayette,OR
Lake Oswego,OR
Lakeside,OR
Lakeview,OR
Langlois,OR
Lebanon,OR
Lexington,OR
Lincoln Beach,OR
Lincoln City,OR
Lonerock,OR
Long Creek,OR
Lookingglass,OR
Lostine,OR
Lowell,OR
Lyons,OR
Madras,OR
Malin,OR
Manzanita,OR
Mapleton,OR
Marcola,OR
Marion,OR
Marlene Village,OR
Maupin,OR
Maywood Park,OR
McKay,OR
McMinnville,OR
Meacham,OR
Medford,OR
Mehama,OR
Melrose,OR
Merlin,OR
Merrill,OR
Metolius,OR
Metzger,OR
Mill City,OR
Millersburg,OR
Milton-Freewater,OR
Milwaukie,OR
Mission,OR
Mitchell,OR
Molalla,OR
Monmouth,OR
Monroe,OR
Monument,OR
Moro,OR
Mosier,OR
Mount Angel,OR
Mount Hood,OR
Mount Vernon,OR
Mulino,OR
Myrtle Creek,OR
Myrtle Point,OR
Neahkahnie,OR
Nehalem,OR
Neotsu,OR
Nesika Beach,OR
Neskowin,OR
Netarts,OR
New Hope,OR
New Pine Creek,OR
Newberg,OR
Newport,OR
North Bend,OR
North Plains,OR
North Powder,OR
Nyssa,OR
O'Brien,OR
Oak Grove,OR
Oak Hills,OR
Oakland,OR
Oakridge,OR
Oatfield,OR
Oceanside,OR
Ochoco West,OR
Odell,OR
Ontario,OR
Oregon City,OR
Oregon Shores,OR
Orient,OR
Pacific City,OR
Paisley,OR
Parkdale,OR
Pendleton,OR
Peoria,OR
Philomath,OR
Phoenix,OR
Pilot Rock,OR
Pine Grove,OR
Pine Hollow,OR
Pistol River,OR
Pleasant Valley,OR
Plush,OR
Port Orford,OR
Portland,OR
Powers,OR
Prairie City,OR
Prescott,OR
Prineville,OR
Prineville Lake Acres,OR
Pronghorn,OR
Prospect,OR
Rainier,OR
Raleigh Hills,OR
Redmond,OR
Redwood,OR
Reedsport,OR
Rhododendron,OR
Richland,OR
Rickreall,OR
Riddle,OR
River Point,OR
River Road,OR
Rivergrove,OR
Riverside,OR
Rockaway Beach,OR
Rockcreek,OR
Rocky Point,OR
Rogue River,OR
Rose Lodge,OR
Roseburg,OR
Roseburg North,OR
Rowena,OR
Ruch,OR
Rufus,OR
Running Y Ranch,OR
Salem,OR
San Marine,OR
Sandy,OR
Santa Clara,OR
Saunders Lake,OR
Scappoose,OR
Scio,OR
Scotts Mills,OR
Seaside,OR
Selma,OR
Seneca,OR
Seventh Mountain,OR
Shady Cove,OR
Shaniko,OR
Shedd,OR
Sheridan,OR
Sherwood,OR
Siletz,OR
Silver Lake,OR
Silverton,OR
Sisters,OR
Sodaville,OR
South Lebanon,OR
Sportsmans Park,OR
Sprague River,OR
Spray,OR
Springfield,OR
St. Helens,OR
St. Paul,OR
Stafford,OR
Stanfield,OR
Stayton,OR
Sublimity,OR
Summerville,OR
Summit,OR
Sumpter,OR
Sunriver,OR
Sutherlin,OR
Svensen,OR
Sweet Home,OR
Takilma,OR
Talent,OR
Tangent,OR
Terrebonne,OR
Tetherow,OR
The Dalles,OR
Three Rivers,OR
Tigard,OR
Tillamook,OR
Toledo,OR
Trail,OR
Trent,OR
Tri-City,OR
Troutdale,OR
Tualatin,OR
Tumalo,OR
Turner,OR
Tutuilla,OR
Tygh Valley,OR
Ukiah,OR
Umapine,OR
Umatilla,OR
Union,OR
Unity,OR
Vale,OR
Veneta,OR
Vernonia,OR
Waldport,OR
Wallowa,OR
Wallowa Lake,OR
Wamic,OR
Warm Springs,OR
Warren,OR
Warrenton,OR
Wasco,OR
Waterloo,OR
Wedderburn,OR
West Haven-Sylvan,OR
West Linn,OR
West Scio,OR
West Slope,OR
Westfir,OR
Weston,OR
Westport,OR
Wheeler,OR
White City,OR
Willamina,OR
Williams,OR
Wilsonville,OR
Wimer,OR
Winchester Bay,OR
Winston,OR
Wood Village,OR
Woodburn,OR
Yachats,OR
Yamhill,OR
Yoncalla,OR
Aaronsburg,PA
Abbottstown,PA
Ackermanville,PA
Adamsburg,PA
Adamstown,PA
Adamsville,PA
Akron,PA
Alba,PA
Albion,PA
Albrightsville,PA
Alburtis,PA
Aldan,PA
Alexandria,PA
Alfarata,PA
Aliquippa,PA
Alleghenyville,PA
Allenport,PA
Allensville,PA
Allentown,PA
Allenwood,PA
Allison,PA
Allison Park,PA
Allport,PA
Almedia,PA
Alsace Manor,PA
Altamont,PA
Altoona,PA
Alverda,PA
Ambler,PA
Ambridge,PA
Amity Gardens,PA
Ancient Oaks,PA
Apollo,PA
Applewold,PA
Arcadia University,PA
Archbald,PA
Ardmore,PA
Arendtsville,PA
Aristes,PA
Arlington Heights,PA
Arnold,PA
Arnold City,PA
Arnot,PA
Arona,PA
Ashland,PA
Ashley,PA
Ashville,PA
Aspers,PA
Aspinwall,PA
Atglen,PA
Athens,PA
Atkinson Mills,PA
Atlantic,PA
Atlas,PA
Atlasburg,PA
Atwood,PA
Audubon,PA
Austin,PA
Avalon,PA
Avella,PA
Avis,PA
Avoca,PA
Avon,PA
Avondale,PA
Avonia,PA
Avonmore,PA
Baden,PA
Baidland,PA
Baileyville,PA
Bainbridge,PA
Bairdford,PA
Bakerstown,PA
Bala Cynwyd,PA
Bald Eagle,PA
Baldwin,PA
Bally,PA
Bangor,PA
Barkeyville,PA
Barrville,PA
Bath,PA
Baumstown,PA
Beallsville,PA
Bear Creek Village,PA
Bear Lake,PA
Bear Rocks,PA
Beaver,PA
Beaver Falls,PA
Beaver Meadows,PA
Beaver Springs,PA
Beaverdale,PA
Beavertown,PA
Bechtelsville,PA
Beech Mountain Lakes,PA
Bell Acres,PA
Belle Vernon,PA
Bellefonte,PA
Belleville,PA
Bellevue,PA
Bellwood,PA
Belmont,PA
Ben Avon,PA
Ben Avon Heights,PA
Bendersville,PA
Benson,PA
Bentleyville,PA
Benton,PA
Bernville,PA
Berrysburg,PA
Berwick,PA
Berwyn,PA
Bessemer,PA
Bethany,PA
Bethel Park,PA
Bethlehem,PA
Beurys Lake,PA
Big Bass Lake,PA
Big Beaver,PA
Big Run,PA
Biglerville,PA
Birchwood Lakes,PA
Bird-in-Hand,PA
Birdsboro,PA
Blain,PA
Blairsville,PA
Blakely,PA
Blanchard,PA
Blandburg,PA
Blandon,PA
Blawnox,PA
Blooming Valley,PA
Bloomsburg,PA
Blossburg,PA
Blue Ball,PA
Blue Bell,PA
Blue Knob,PA
Blue Ridge Summit,PA
Boalsburg,PA
Bobtown,PA
Boiling Springs,PA
Bolivar,PA
Bonneauville,PA
Boothwyn,PA
Boston,PA
Boswell,PA
Bowers,PA
Bowmanstown,PA
Bowmansville,PA
Boyertown,PA
Brackenridge,PA
Braddock,PA
Braddock Hills,PA
Bradenville,PA
Bradford,PA
Bradford Woods,PA
Branchdale,PA
Brandonville,PA
Brave,PA
Breinigsville,PA
Brentwood,PA
Bressler,PA
Brickerville,PA
Bridgeport,PA
Bridgeville,PA
Brisbin,PA
Brittany Farms-The Highlands,PA
Broad Top City,PA
Brockway,PA
Brodheadsville,PA
Brookhaven,PA
Brooks Mill,PA
Brookville,PA
Broomall,PA
Brownstown,PA
Brownsville,PA
Browntown,PA
Bruin,PA
Bryn Athyn,PA
Bryn Mawr,PA
Buck Run,PA
Buckhorn,PA
Bulger,PA
Burgettstown,PA
Burnham,PA
Burnside,PA
Butler,PA
Byrnedale,PA
Cairnbrook,PA
California,PA
Callensburg,PA
Callery,PA
Callimont,PA
Calumet,PA
Cambridge Springs,PA
Camp Hill,PA
Campbelltown,PA
Canadohta Lake,PA
Canan Station,PA
Canoe Creek,PA
Canonsburg,PA
Canton,PA
Carbondale,PA
Carlisle,PA
Carlisle Barracks,PA
Carmichaels,PA
Carnegie,PA
Carnot-Moon,PA
Carroll Valley,PA
Carrolltown,PA
Carson Valley,PA
Casanova,PA
Cashtown,PA
Cassandra,PA
Casselman,PA
Cassville,PA
Castle Shannon,PA
Catasauqua,PA
Catawissa,PA
Cecil-Bishop,PA
Cedar Crest,PA
Cementon,PA
Centerport,PA
Centerville,PA
Central City,PA
Centralia,PA
Centre Hall,PA
Cetronia,PA
Chadds Ford,PA
Chalfant,PA
Chalfont,PA
Chalkhill,PA
Chambersburg,PA
Chapman,PA
Charleroi,PA
Charlottsville,PA
Chase,PA
Cheltenham Village,PA
Cherry Valley,PA
Cherryville,PA
Chesnut Hill,PA
Chest Springs,PA
Chester,PA
Chester Heights,PA
Chester Hill,PA
Chesterbrook,PA
Cheswick,PA
Chevy Chase Heights,PA
Chewton,PA
Cheyney University,PA
Chicora,PA
Chinchilla,PA
Christiana,PA
Church Hill,PA
Churchill,PA
Churchtown,PA
Churchville,PA
Clairton,PA
Clappertown,PA
Clarence,PA
Clarendon,PA
Clarion,PA
Clark,PA
Clarks Green,PA
Clarks Summit,PA
Clarksville,PA
Claysburg,PA
Claysville,PA
Clearfield,PA
Cleona,PA
Clifton Heights,PA
Clinton,PA
Clintondale,PA
Clintonville,PA
Clymer,PA
Coal Center,PA
Coaldale,PA
Coalmont,PA
Coalport,PA
Coatesville,PA
Coburn,PA
Cochranton,PA
Cochranville,PA
Cokeburg,PA
Collegeville,PA
Collingdale,PA
Collinsburg,PA
Colonial Park,PA
Colony Park,PA
Columbia,PA
Colver,PA
Colwyn,PA
Commodore,PA
Conashaugh Lakes,PA
Confluence,PA
Conneaut Lake,PA
Conneaut Lakeshore,PA
Conneautville,PA
Connellsville,PA
Conshohocken,PA
Continental Courts,PA
Conway,PA
Conyngham,PA
Coopersburg,PA
Cooperstown,PA
Coplay,PA
Coral,PA
Coraopolis,PA
Cornwall,PA
Cornwells Heights,PA
Corry,PA
Corsica,PA
Cotton Town,PA
Coudersport,PA
Courtdale,PA
Cove Forge,PA
Crabtree,PA
Crafton,PA
Cranesville,PA
Creekside,PA
Crenshaw,PA
Cresson,PA
Cressona,PA
Cross Keys,PA
Cross Roads,PA
Crown,PA
Croydon,PA
Crucible,PA
Culp,PA
Cumbola,PA
Curryville,PA
Curtisville,PA
Curwensville,PA
Daisytown,PA
Dale,PA
Dallastown,PA
Dalmatia,PA
Dalton,PA
Danville,PA
Darby,PA
Dauberville,PA
Dauphin,PA
Davidsville,PA
Dawson,PA
Dayton,PA
DeSales University,PA
Deemston,PA
Deer Lake,PA
Defiance,PA
Delaware Water Gap,PA
Delmont,PA
Delta,PA
Denver,PA
Derry,PA
Devon,PA
Dewart,PA
Dickson City,PA
Dillsburg,PA
Dilworthtown,PA
Dixonville,PA
Donaldson,PA
Donegal,PA
Donora,PA
Dormont,PA
Dorneyville,PA
Douglassville,PA
Downingtown,PA
Dravosburg,PA
Drexel Hill,PA
Driftwood,PA
Dry Tavern,PA
Dryville,PA
DuBois,PA
Dublin,PA
Duboistown,PA
Dudley,PA
Dumb Hundred,PA
Duncannon,PA
Duncansville,PA
Dunlevy,PA
Dunlo,PA
Dunmore,PA
Dunnstown,PA
Dupont,PA
Duquesne,PA
Duryea,PA
Dushore,PA
Eagle,PA
Eagle Creek,PA
Eagle Lake,PA
Eagles Mere,PA
Eagleview,PA
Eagleville,PA
Earlston,PA
East Altoona,PA
East Bangor,PA
East Berlin,PA
East Berwick,PA
East Brady,PA
East Butler,PA
East Conemaugh,PA
East Freedom,PA
East Greenville,PA
East Lansdowne,PA
East McKeesport,PA
East Petersburg,PA
East Pittsburgh,PA
East Prospect,PA
East Rochester,PA
East Salem,PA
East Sharpsburg,PA
East Side,PA
East Stroudsburg,PA
East Uniontown,PA
East Vandergrift,PA
East Washington,PA
East Waterford,PA
East York,PA
Eastlawn Gardens,PA
Easton,PA
Eastvale,PA
Eau Claire,PA
Ebensburg,PA
Eddington,PA
Eddystone,PA
Edenborn,PA
Edenburg,PA
Edgewood,PA
Edgeworth,PA
Edie,PA
Edinboro,PA
Edwardsville,PA
Effort,PA
Egypt,PA
Ehrenfeld,PA
Eighty Four,PA
Elberta,PA
Elco,PA
Elderton,PA
Eldorado,PA
Eldred,PA
Elgin,PA
Elim,PA
Elizabeth,PA
Elizabethtown,PA
Elizabethville,PA
Elkins Park,PA
Elkland,PA
Ellport,PA
Ellsworth,PA
Ellwood City,PA
Elrama,PA
Elverson,PA
Elysburg,PA
Emerald Lakes,PA
Emigsville,PA
Emlenton,PA
Emmaus,PA
Emporium,PA
Emsworth,PA
Englewood,PA
Enhaut,PA
Enlow,PA
Enola,PA
Enon Valley,PA
Ephrata,PA
Erie,PA
Ernest,PA
Espy,PA
Etna,PA
Evans City,PA
Evansburg,PA
Everett,PA
Everson,PA
Exeter,PA
Export,PA
Exton,PA
Eyers Grove,PA
Factoryville,PA
Fairchance,PA
Fairdale,PA
Fairfield,PA
Fairhope,PA
Fairless Hills,PA
Fairview,PA
Fairview-Ferndale,PA
Falls Creek,PA
Fallston,PA
Falmouth,PA
Farmersville,PA
Farmington,PA
Farrell,PA
Farwell,PA
Fawn Grove,PA
Fawn Lake Forest,PA
Faxon,PA
Fayette City,PA
Fayetteville,PA
Feasterville,PA
Fellsburg,PA
Felton,PA
Ferndale,PA
Fernville,PA
Finleyville,PA
Fisherville,PA
Fivepointville,PA
Fleetwood,PA
Flemington,PA
Flourtown,PA
Flying Hills,PA
Folcroft,PA
Folsom,PA
Foot of Ten,PA
Force,PA
Ford City,PA
Ford Cliff,PA
Forest City,PA
Forest Hills,PA
Forestville,PA
Forksville,PA
Fort Fetter,PA
Fort Indiantown Gap,PA
Fort Loudon,PA
Fort Washington,PA
Forty Fort,PA
Foster Brook,PA
Fostoria,PA
Foundryville,PA
Fountain Hill,PA
Fountain Springs,PA
Fox Chapel,PA
Fox Chase,PA
Foxburg,PA
Frackville,PA
Frankfort Springs,PA
Franklin,PA
Franklin Forge,PA
Franklin Park,PA
Franklintown,PA
Frankstown,PA
Frazer,PA
Fredericksburg,PA
Fredericktown,PA
Fredonia,PA
Freeburg,PA
Freedom,PA
Freeland,PA
Freemansburg,PA
Freeport,PA
Friedens,PA
Friedensburg,PA
Friendsville,PA
Friesville,PA
Frisco,PA
Frizzleburg,PA
Frystown,PA
Fullerton,PA
Galeton,PA
Gallitzin,PA
Ganister,PA
Gap,PA
Garden View,PA
Gardners,PA
Garrett,PA
Gastonville,PA
Geeseytown,PA
Geistown,PA
Geneva,PA
Georgetown,PA
Gettysburg,PA
Gibraltar,PA
Gibsonia,PA
Gilberton,PA
Gilbertsville,PA
Girard,PA
Girardville,PA
Glasgow,PA
Glassport,PA
Glen Campbell,PA
Glen Hope,PA
Glen Lyon,PA
Glen Rock,PA
Glendon,PA
Glenfield,PA
Glenmoore,PA
Glenolden,PA
Glenshaw,PA
Glenside,PA
Gold Key Lake,PA
Goldsboro,PA
Goodville,PA
Gordon,PA
Gordonville,PA
Gouglersville,PA
Gouldsboro,PA
Graceton,PA
Grampian,PA
Grantley,PA
Grapeville,PA
Grassflat,PA
Gratz,PA
Gray,PA
Grazierville,PA
Green Hills,PA
Green Lane,PA
Green Tree,PA
Greencastle,PA
Greenfields,PA
Greenock,PA
Greens Landing,PA
Greensboro,PA
Greensburg,PA
Greenville,PA
Greenwood,PA
Grier City,PA
Grill,PA
Grindstone,PA
Grove City,PA
Guys Mills,PA
Halfway House,PA
Hallam,PA
Hallstead,PA
Hamburg,PA
Hamorton,PA
Hannasville,PA
Hanover,PA
Harleigh,PA
Harleysville,PA
Harmonsburg,PA
Harmony,PA
Harrisburg,PA
Harrison City,PA
Harrisville,PA
Hartleton,PA
Hartstown,PA
Harveys Lake,PA
Harwick,PA
Hasson Heights,PA
Hastings,PA
Hatboro,PA
Haverford College,PA
Hawk Run,PA
Hawley,PA
Hawthorn,PA
Haysville,PA
Hayti,PA
Hazen,PA
Hazleton,PA
Hebron,PA
Heckscherville,PA
Heidelberg,PA
Heidlersburg,PA
Heilwood,PA
Hellertown,PA
Hemlock Farms,PA
Hendersonville,PA
Henrietta,PA
Herminie,PA
Hermitage,PA
Herndon,PA
Hershey,PA
Hickory,PA
Hickory Hills,PA
Highland Park,PA
Highspire,PA
Hilldale,PA
Hiller,PA
Hokendauqua,PA
Holiday Pocono,PA
Hollidaysburg,PA
Holters Crossing,PA
Homeacre-Lyndora,PA
Homer City,PA
Homestead,PA
Hometown,PA
Homewood,PA
Homewood at Martinsburg,PA
Honesdale,PA
Hookstown,PA
Hooversville,PA
Hop Bottom,PA
Hopeland,PA
Hopewell,PA
Hopwood,PA
Hostetter,PA
Houserville,PA
Houston,PA
Houtzdale,PA
Hublersburg,PA
Hudson,PA
Hughestown,PA
Hughesville,PA
Hulmeville,PA
Hummels Wharf,PA
Hummelstown,PA
Hunker,PA
Hunterstown,PA
Huntingdon,PA
Hyde,PA
Hyde Park,PA
Hydetown,PA
Hyndman,PA
Idaville,PA
Imperial,PA
Indian Lake,PA
Indian Mountain Lake,PA
Indiana,PA
Industry,PA
Ingram,PA
Inkerman,PA
Intercourse,PA
Iola,PA
Ironville,PA
Irvona,PA
Irwin,PA
Ivyland,PA
Jackson Center,PA
Jacksonville,PA
Jacksonwald,PA
Jacobus,PA
James City,PA
Jamestown,PA
Jamison City,PA
Jeannette,PA
Jeddo,PA
Jefferson,PA
Jefferson Hills,PA
Jenkintown,PA
Jennerstown,PA
Jermyn,PA
Jerome,PA
Jersey Shore,PA
Jerseytown,PA
Jessup,PA
Jim Thorpe,PA
Joffre,PA
Johnsonburg,PA
Johnstown,PA
Jonestown,PA
Jugtown,PA
Julian,PA
Juniata Gap,PA
Juniata Terrace,PA
Kane,PA
Kapp Heights,PA
Karns City,PA
Kelayres,PA
Kempton,PA
Kenhorst,PA
Kenilworth,PA
Kenmar,PA
Kennerdell,PA
Kennett Square,PA
Kerrtown,PA
Kersey,PA
Kimberton,PA
King of Prussia,PA
Kingston,PA
Kirkwood,PA
Kiskimere,PA
Kistler,PA
Kittanning,PA
Klahr,PA
Klingerstown,PA
Knox,PA
Knoxville,PA
Koppel,PA
Kratzerville,PA
Kreamer,PA
Kulpmont,PA
Kulpsville,PA
Kutztown,PA
Kutztown University,PA
Kylertown,PA
Laceyville,PA
Laflin,PA
Lake Arthur Estates,PA
Lake City,PA
Lake Heritage,PA
Lake Latonka,PA
Lake Meade,PA
Lake Winola,PA
Lake Wynonah,PA
Lakemont,PA
Lampeter,PA
Lancaster,PA
Landingville,PA
Landisburg,PA
Landisville,PA
Lanesboro,PA
Langeloth,PA
Langhorne,PA
Langhorne Manor,PA
Lansdale,PA
Lansdowne,PA
Lansford,PA
Larke,PA
Larksville,PA
Latrobe,PA
Lattimer,PA
Laurel Mountain,PA
Laurel Run,PA
Laureldale,PA
Laurelton,PA
Laurys Station,PA
Lavelle,PA
Lawnton,PA
Lawrence,PA
Lawrenceville,PA
Lawson Heights,PA
Le Raysville,PA
Leamersville,PA
Lebanon,PA
Lebanon South,PA
Leechburg,PA
Leeper,PA
Leesport,PA
Leetsdale,PA
Lehighton,PA
Leith-Hatfield,PA
Lemont,PA
Lemont Furnace,PA
Lemoyne,PA
Lenape Heights,PA
Lenhartsville,PA
Lenkerville,PA
Leola,PA
Level Green,PA
Levittown,PA
Lewis Run,PA
Lewisberry,PA
Lewisburg,PA
Lewistown,PA
Liberty,PA
Lightstreet,PA
Lilly,PA
Lima,PA
Lime Ridge,PA
Lincoln,PA
Lincoln Park,PA
Lincoln University,PA
Lincolnville,PA
Linds Crossing,PA
Linesville,PA
Linglestown,PA
Linntown,PA
Linwood,PA
Lionville,PA
Lititz,PA
Little Meadows,PA
Littlestown,PA
Lock Haven,PA
Locustdale,PA
Loganton,PA
Loganville,PA
Long Branch,PA
Longfellow,PA
Loop,PA
Lorain,PA
Lorane,PA
Loretto,PA
Lower Burrell,PA
Loyalhanna,PA
Lucerne Mines,PA
Lumber City,PA
Lykens,PA
Lynnwood-Pricedale,PA
Lyons,PA
Macungie,PA
Madison,PA
Madisonburg,PA
Mahaffey,PA
Mahanoy City,PA
Mainville,PA
Maitland,PA
Malvern,PA
Mammoth,PA
Manchester,PA
Manheim,PA
Manns Choice,PA
Manor,PA
Manorville,PA
Mansfield,PA
Maple Glen,PA
Mapleton,PA
Mapletown,PA
Marcus Hook,PA
Marianna,PA
Marianne,PA
Marienville,PA
Marietta,PA
Marion,PA
Marion Center,PA
Marion Heights,PA
Marklesburg,PA
Markleysburg,PA
Marlin,PA
Mars,PA
Marshallton,PA
Martins Creek,PA
Martinsburg,PA
Martinsburg Junction,PA
Marysville,PA
Masontown,PA
Masthope,PA
Matamoras,PA
Mather,PA
Mattawana,PA
Maxatawny,PA
Mayfield,PA
Maytown,PA
McAdoo,PA
McAlisterville,PA
McClure,PA
McConnellsburg,PA
McConnellstown,PA
McDonald,PA
McElhattan,PA
McEwensville,PA
McGovern,PA
McKeansburg,PA
McKee,PA
McKees Rocks,PA
McKeesport,PA
McKinley,PA
McKnightstown,PA
McMurray,PA
McSherrystown,PA
McVeytown,PA
Meadowlands,PA
Meadowood,PA
Meadville,PA
Mechanicsburg,PA
Mechanicsville,PA
Media,PA
Mercer,PA
Mercersburg,PA
Meridian,PA
Merion Station,PA
Mertztown,PA
Messiah College,PA
Mexico,PA
Meyersdale,PA
Middleburg,PA
Middleport,PA
Middletown,PA
Midland,PA
Midway,PA
Mifflin,PA
Mifflinburg,PA
Mifflintown,PA
Mifflinville,PA
Milesburg,PA
Milford,PA
Milford Square,PA
Mill Creek,PA
Mill Hall,PA
Mill Run,PA
Mill Village,PA
Millbourne,PA
Millersburg,PA
Millerstown,PA
Millersville,PA
Millerton,PA
Millheim,PA
Millsboro,PA
Millvale,PA
Millville,PA
Millwood,PA
Milroy,PA
Milton,PA
Minersville,PA
Mingoville,PA
Misericordia University,PA
Mocanaqua,PA
Modena,PA
Mohnton,PA
Mohrsville,PA
Monaca,PA
Monessen,PA
Monongahela,PA
Monroeville,PA
Mont Alto,PA
Mont Clare,PA
Montandon,PA
Montgomery,PA
Montgomeryville,PA
Montoursville,PA
Montrose,PA
Montrose Manor,PA
Monument,PA
Moores Mill,PA
Moose Run,PA
Moosic,PA
Morea,PA
Morgan Hill,PA
Morgantown,PA
Morrisdale,PA
Morrisville,PA
Morton,PA
Moscow,PA
Moshannon,PA
Mount Aetna,PA
Mount Carbon,PA
Mount Carmel,PA
Mount Cobb,PA
Mount Eagle,PA
Mount Gretna,PA
Mount Gretna Heights,PA
Mount Holly Springs,PA
Mount Jewett,PA
Mount Joy,PA
Mount Morris,PA
Mount Oliver,PA
Mount Penn,PA
Mount Pleasant,PA
Mount Pleasant Mills,PA
Mount Pocono,PA
Mount Union,PA
Mount Wolf,PA
Mountain Top,PA
Mountainhome,PA
Mountville,PA
Muhlenberg Park,PA
Muir,PA
Muncy,PA
Mundys Corner,PA
Munhall,PA
Murrysville,PA
Muse,PA
Myerstown,PA
Nanticoke,PA
Naomi,PA
Narberth,PA
Nazareth,PA
Nealmont,PA
Needmore,PA
Nemacolin,PA
Nescopeck,PA
Nesquehoning,PA
New Albany,PA
New Alexandria,PA
New Baltimore,PA
New Beaver,PA
New Bedford,PA
New Berlin,PA
New Berlinville,PA
New Bethlehem,PA
New Boston,PA
New Brighton,PA
New Buffalo,PA
New Castle,PA
New Castle Northwest,PA
New Centerville,PA
New Columbia,PA
New Columbus,PA
New Cumberland,PA
New Eagle,PA
New Florence,PA
New Freedom,PA
New Freeport,PA
New Galilee,PA
New Holland,PA
New Hope,PA
New Jerusalem,PA
New Kensington,PA
New Kingstown,PA
New Lebanon,PA
New Market,PA
New Morgan,PA
New Oxford,PA
New Paris,PA
New Philadelphia,PA
New Ringgold,PA
New Salem,PA
New Schaefferstown,PA
New Stanton,PA
New Tripoli,PA
New Washington,PA
New Wilmington,PA
Newburg,PA
Newell,PA
Newmanstown,PA
Newry,PA
Newton Hamilton,PA
Newtown,PA
Newtown Grant,PA
Newville,PA
Nicholson,PA
Nittany,PA
Nixon,PA
Noblestown,PA
Norristown,PA
North Apollo,PA
North Belle Vernon,PA
North Bend,PA
North Braddock,PA
North Catasauqua,PA
North Charleroi,PA
North Irwin,PA
North Philipsburg,PA
North Vandergrift,PA
North Wales,PA
North Warren,PA
North York,PA
Northampton,PA
Northern Cambria,PA
Northumberland,PA
Northwest Harborcreek,PA
Northwood,PA
Norvelt,PA
Norwood,PA
Nottingham,PA
Nuangola,PA
Numidia,PA
Nuremberg,PA
Oak Hills,PA
Oakdale,PA
Oakland,PA
Oakmont,PA
Oakwood,PA
Oberlin,PA
Ohiopyle,PA
Ohioville,PA
Oil City,PA
Oklahoma,PA
Old Forge,PA
Old Orchard,PA
Oliver,PA
Olivia,PA
Olyphant,PA
Orangeville,PA
Orbisonia,PA
Orchard Hills,PA
Ore Hill,PA
Oreland,PA
Oreminea,PA
Orrstown,PA
Orrtanna,PA
Orviston,PA
Orwigsburg,PA
Orwin,PA
Osceola Mills,PA
Oval,PA
Oxford,PA
Paint,PA
Palmdale,PA
Palmer Heights,PA
Palmerton,PA
Palmyra,PA
Palo Alto,PA
Paoli,PA
Pardeesville,PA
Paris,PA
Park Crest,PA
Park Forest Village,PA
Parker,PA
Parkesburg,PA
Parkside,PA
Parkville,PA
Parryville,PA
Patterson Heights,PA
Paxtang,PA
Paxtonia,PA
Paxtonville,PA
Pen Argyl,PA
Pen Mar,PA
Penbrook,PA
Penn,PA
Penn Estates,PA
Penn Farms,PA
Penn Lake Park,PA
Penn State Berks,PA
Penn State Erie,PA
Penn Wynne,PA
Penndel,PA
Penns Creek,PA
Pennsburg,PA
Pennsbury Village,PA
Pennside,PA
Pennville,PA
Pennwyn,PA
Penryn,PA
Perkasie,PA
Perryopolis,PA
Peru,PA
Petersburg,PA
Petrolia,PA
Philadelphia,PA
Philipsburg,PA
Phoenixville,PA
Picture Rocks,PA
Pikes Creek,PA
Pillow,PA
Pine Glen,PA
Pine Grove,PA
Pine Grove Mills,PA
Pine Ridge,PA
Pinecroft,PA
Pitcairn,PA
Pittsburgh,PA
Pittston,PA
Platea,PA
Pleasant Gap,PA
Pleasant Hill,PA
Pleasant Hills,PA
Pleasant View,PA
Pleasantville,PA
Pleasureville,PA
Plum,PA
Plumsteadville,PA
Plumville,PA
Plymouth,PA
Plymouth Meeting,PA
Plymptonville,PA
Pocono Mountain Lake Estates,PA
Pocono Pines,PA
Pocono Ranch Lands,PA
Pocono Springs,PA
Pocono Woodland Lakes,PA
Point Marion,PA
Point View,PA
Polk,PA
Pomeroy,PA
Port Allegany,PA
Port Carbon,PA
Port Clinton,PA
Port Matilda,PA
Port Royal,PA
Port Trevorton,PA
Port Vue,PA
Portage,PA
Portersville,PA
Portland,PA
Potlicker Flats,PA
Potters Mills,PA
Pottsgrove,PA
Pottstown,PA
Pottsville,PA
Pringle,PA
Progress,PA
Prompton,PA
Prospect,PA
Prospect Park,PA
Pughtown,PA
Punxsutawney,PA
Puzzletown,PA
Pymatuning Central,PA
Pymatuning North,PA
Pymatuning South,PA
Quakertown,PA
Quarryville,PA
Queens Gate,PA
Quentin,PA
Railroad,PA
Rainsburg,PA
Ramblewood,PA
Ramey,PA
Rankin,PA
Ranshaw,PA
Raubsville,PA
Rauchtown,PA
Ravine,PA
Reading,PA
Reamstown,PA
Rebersburg,PA
Red Hill,PA
Red Lion,PA
Reedsville,PA
Reese,PA
Refton,PA
Rehrersburg,PA
Reiffton,PA
Reightown,PA
Reinerton,PA
Reinholds,PA
Rennerdale,PA
Renningers,PA
Renovo,PA
Republic,PA
Reservoir,PA
Revloc,PA
Rew,PA
Reynolds Heights,PA
Reynoldsville,PA
Rheems,PA
Rices Landing,PA
Riceville,PA
Richboro,PA
Richfield,PA
Richland,PA
Richlandtown,PA
Ridgway,PA
Ridley Park,PA
Riegelsville,PA
Rimersburg,PA
Ringtown,PA
Riverside,PA
Riverview Park,PA
Roaring Spring,PA
Robeson Extension,PA
Robesonia,PA
Robinson,PA
Rochester,PA
Rockhill,PA
Rockledge,PA
Rockwood,PA
Rogersville,PA
Rohrsburg,PA
Rome,PA
Ronco,PA
Ronks,PA
Roots,PA
Roscoe,PA
Rose Valley,PA
Rosemont,PA
Roseto,PA
Roseville,PA
Roslyn,PA
Rossiter,PA
Rosslyn Farms,PA
Rote,PA
Rothsville,PA
Rouseville,PA
Rouzerville,PA
Rowes Run,PA
Royalton,PA
Royer,PA
Royersford,PA
Runville,PA
Rupert,PA
Rural Valley,PA
Russell,PA
Russellton,PA
Rutherford,PA
Rutledge,PA
Sadsburyville,PA
Saegertown,PA
Saint Davids,PA
Salisbury,PA
Salix,PA
Salladasburg,PA
Salona,PA
Saltillo,PA
Saltsburg,PA
Salunga,PA
Sanatoga,PA
Sand Hill,PA
Sandy Ridge,PA
Sankertown,PA
Saw Creek,PA
Saxonburg,PA
Saxton,PA
Saylorsburg,PA
Sayre,PA
Scalp Level,PA
Schaefferstown,PA
Schellsburg,PA
Schlusser,PA
Schnecksville,PA
Schoeneck,PA
Schubert,PA
Schuylkill Haven,PA
Schwenksville,PA
Scotland,PA
Scottdale,PA
Scranton,PA
Selinsgrove,PA
Sellersville,PA
Seltzer,PA
Seneca,PA
Seven Fields,PA
Seven Springs,PA
Seven Valleys,PA
Seward,PA
Sewickley Heights,PA
Sewickley Hills,PA
Shade Gap,PA
Shamokin,PA
Shamokin Dam,PA
Shanksville,PA
Shanor-Northvue,PA
Sharon,PA
Sharon Hill,PA
Sharpsburg,PA
Sharpsville,PA
Shartlesville,PA
Shavertown,PA
Sheakleyville,PA
Sheatown,PA
Shelltown,PA
Shellytown,PA
Shelocta,PA
Shenandoah,PA
Shenandoah Heights,PA
Sheppton,PA
Shickshinny,PA
Shillington,PA
Shiloh,PA
Shinglehouse,PA
Shippensburg,PA
Shippensburg University,PA
Shippenville,PA
Shippingport,PA
Shiremanstown,PA
Shirleysburg,PA
Shoemakersville,PA
Shrewsbury,PA
Sickles Corner,PA
Sidman,PA
Sierra View,PA
Siglerville,PA
Silkworth,PA
Silverdale,PA
Simpson,PA
Sinking Spring,PA
Skelp,PA
Ski Gap,PA
Skyline View,PA
Slabtown,PA
Slatedale,PA
Slatington,PA
Slickville,PA
Sligo,PA
Slippery Rock,PA
Slippery Rock University,PA
Slovan,PA
Smethport,PA
Smicksburg,PA
Smith Corner,PA
Smithfield,PA
Smithton,PA
Smock,PA
Smoketown,PA
Snydertown,PA
Somerset,PA
Soudersburg,PA
Souderton,PA
South Bethlehem,PA
South Coatesville,PA
South Connellsville,PA
South Fork,PA
South Greensburg,PA
South Heights,PA
South New Castle,PA
South Philipsburg,PA
South Pottstown,PA
South Renovo,PA
South Temple,PA
South Uniontown,PA
South Waverly,PA
South Williamsport,PA
Southmont,PA
Southview,PA
Southwest Greensburg,PA
Spartansburg,PA
Speers,PA
Spinnerstown,PA
Spring City,PA
Spring Drive Mobile Home Park,PA
Spring Grove,PA
Spring Hill,PA
Spring House,PA
Spring Mills,PA
Spring Mount,PA
Spring Ridge,PA
Springboro,PA
Springdale,PA
Springmont,PA
Sproul,PA
Spry,PA
St. Clair,PA
St. Clairsville,PA
St. Lawrence,PA
St. Marys,PA
St. Michael,PA
St. Petersburg,PA
St. Vincent College,PA
Staint Clair,PA
Star Junction,PA
Starbrick,PA
Starrucca,PA
State College,PA
State Line,PA
Steelton,PA
Stevens,PA
Stewartstown,PA
Stiles,PA
Stillwater,PA
Stockdale,PA
Stockertown,PA
Stoneboro,PA
Stonerstown,PA
Stony Creek Mills,PA
Stonybrook,PA
Stormstown,PA
Stouchsburg,PA
Stoystown,PA
Strattanville,PA
Strausstown,PA
Strodes Mills,PA
Strong,PA
Stroudsburg,PA
Sturgeon,PA
Sugar Grove,PA
Sugar Notch,PA
Sugarcreek,PA
Summerhill,PA
Summerville,PA
Summit Hill,PA
Summit Station,PA
Sun Valley,PA
Sunbrook,PA
Sunbury,PA
Sunrise Lake,PA
Susquehanna Trails,PA
Sutersville,PA
Swarthmore,PA
Swartzville,PA
Swedeland,PA
Sweden Valley,PA
Swissvale,PA
Swoyersville,PA
Sykesville,PA
Sylvan Hills,PA
Sylvania,PA
Table Rock,PA
Tamaqua,PA
Tarentum,PA
Tatamy,PA
Taylor,PA
Taylorstown,PA
Telford,PA
Temple,PA
Templeton,PA
Terre Hill,PA
Tharptown,PA
The Hideout,PA
Thompson,PA
Thompsontown,PA
Thompsonville,PA
Thornburg,PA
Thorndale,PA
Three Springs,PA
Throop,PA
Tidioute,PA
Timber Hills,PA
Timblin,PA
Tipton,PA
Titusville,PA
Toftrees,PA
Topton,PA
Toughkenamon,PA
Towamensing Trails,PA
Towanda,PA
Tower City,PA
Townville,PA
Trafford,PA
Trainer,PA
Trappe,PA
Treasure Lake,PA
Tremont,PA
Tresckow,PA
Trevorton,PA
Trevose,PA
Trexlertown,PA
Trooper,PA
Troutville,PA
Troxelville,PA
Troy,PA
Trucksville,PA
Trumbauersville,PA
Tullytown,PA
Tunkhannock,PA
Tunnelhill,PA
Turbotville,PA
Turtle Creek,PA
Tuscarora,PA
Twilight,PA
Tyler Run,PA
Tylersburg,PA
Tylersville,PA
Tyrone,PA
Tyrone Forge,PA
Union City,PA
Union Dale,PA
Union Deposit,PA
Uniontown,PA
Unionville,PA
University of Pittsburgh Bradford,PA
University of Pittsburgh Johnstown,PA
Upland,PA
Upper Exeter,PA
Ursina,PA
Utica,PA
Vail,PA
Valencia,PA
Valley Green,PA
Valley View,PA
Valley-Hi,PA
Van Voorhis,PA
Vanderbilt,PA
Vandergrift,PA
Vandling,PA
Venango,PA
Verona,PA
Versailles,PA
Vicksburg,PA
Village Green-Green Ridge,PA
Village Shires,PA
Villanova,PA
Vinco,PA
Vintondale,PA
Virginville,PA
Volant,PA
Vowinckel,PA
Wagner,PA
Wakefield,PA
Wall,PA
Wallaceton,PA
Wallenpaupack Lake Estates,PA
Waller,PA
Walnutport,PA
Walnuttown,PA
Wampum,PA
Wanamie,PA
Warminster Heights,PA
Warren,PA
Warrior Run,PA
Washington,PA
Washington Boro,PA
Washingtonville,PA
Watsontown,PA
Wattsburg,PA
Waymart,PA
Wayne,PA
Wayne Heights,PA
Waynesboro,PA
Waynesburg,PA
Weatherly,PA
Webster,PA
Weedville,PA
Weigelstown,PA
Weissport,PA
Weissport East,PA
Wellersburg,PA
Wellsboro,PA
Wellsville,PA
Wernersville,PA
Wescosville,PA
Wesleyville,PA
West Alexander,PA
West Brownsville,PA
West Chester,PA
West Conshohocken,PA
West Decatur,PA
West Easton,PA
West Elizabeth,PA
West Fairview,PA
West Falls,PA
West Grove,PA
West Hamburg,PA
West Hazleton,PA
West Hills,PA
West Homestead,PA
West Kittanning,PA
West Lawn,PA
West Leechburg,PA
West Liberty,PA
West Mayfield,PA
West Middlesex,PA
West Middletown,PA
West Mifflin,PA
West Milton,PA
West Nanticoke,PA
West Newton,PA
West Pittsburg,PA
West Pittston,PA
West Reading,PA
West Sunbury,PA
West View,PA
West Waynesburg,PA
West Wyoming,PA
West Wyomissing,PA
West York,PA
Westfield,PA
Westland,PA
Westmont,PA
Weston,PA
Westover,PA
Westwood,PA
Wheatland,PA
Whitaker,PA
White Haven,PA
White Mills,PA
White Oak,PA
Whitfield,PA
Wickerham Manor-Fisher,PA
Wiconsico,PA
Wilburton Number One,PA
Wilburton Number Two,PA
Wilcox,PA
Wilkes-Barre,PA
Wilkinsburg,PA
Williamsburg,PA
Williamsport,PA
Williamstown,PA
Willow Grove,PA
Willow Street,PA
Wilmerding,PA
Wilmore,PA
Wilson,PA
Wind Gap,PA
Wind Ridge,PA
Windber,PA
Windsor,PA
Winterstown,PA
Witmer,PA
Wolfdale,PA
Womelsdorf,PA
Woodbourne,PA
Woodbury,PA
Woodland Heights,PA
Woodlyn,PA
Woodside,PA
Woodward,PA
Woolrich,PA
Wopsononock,PA
Wormleysburg,PA
Worthington,PA
Worthville,PA
Woxall,PA
Wrightsville,PA
Wyano,PA
Wylandville,PA
Wyncote,PA
Wyndmoor,PA
Wyoming,PA
Wyomissing,PA
Yardley,PA
Yarnell,PA
Yatesville,PA
Yeadon,PA
Yeagertown,PA
Yoe,PA
York,PA
York Haven,PA
York Springs,PA
Yorkana,PA
Yorklyn,PA
Youngstown,PA
Youngsville,PA
Youngwood,PA
Yukon,PA
Zelienople,PA
Zion,PA
Aceitunas,PR
Adjuntas,PR
Aguada,PR
Aguadilla,PR
Aguas Buenas,PR
Aguas Claras,PR
Aguilita,PR
Aibonito,PR
Alianza,PR
Animas,PR
Anon Raices,PR
Antón Ruíz,PR
Arecibo,PR
Arroyo,PR
Añasco,PR
Bairoa La Veinticinco,PR
Bajadero,PR
Bajandas,PR
Barahona,PR
Barceloneta,PR
Barranquitas,PR
Bartolo,PR
Bayamón,PR
Benítez,PR
Betances,PR
Boquerón,PR
Breñas,PR
Brisas del Campanero,PR
Buena Vista,PR
Búfalo,PR
Cabo Rojo,PR
Cabán,PR
Cacao,PR
Caguas,PR
Calzada,PR
Cambalache,PR
Campanilla,PR
Campanillas,PR
Campo Rico,PR
Camuy,PR
Candelaria,PR
Candelaria Arenas,PR
Candelero Abajo,PR
Candelero Arriba,PR
Canovanillas,PR
Canóvanas,PR
Capitanejo,PR
Carolina,PR
Carrizales,PR
Cataño,PR
Cayey,PR
Cayuco,PR
Caño Martin Peña,PR
Ceiba,PR
Celada,PR
Central Aguirre,PR
Cerrillos Hoyos,PR
Ciales,PR
Cidra,PR
Coamo,PR
Coco,PR
Comerío,PR
Comunas,PR
Coquí,PR
Corazón,PR
Corcovado,PR
Corozal,PR
Corral Viejo,PR
Coto Laurel,PR
Coto Norte,PR
Culebra,PR
Daguao,PR
Del Carmen,PR
Dorado,PR
Duque,PR
El Combate,PR
El Mangó,PR
El Negro,PR
El Ojo,PR
El Paraiso,PR
El Tumbao,PR
El Veintiséis,PR
Emajagua,PR
Esperanza,PR
Espino,PR
Fajardo,PR
Ferrer Comunidad,PR
Florida,PR
Frontón,PR
Fránquez,PR
Fuig,PR
G. L. García,PR
Galateo,PR
Garrochales,PR
Guayabal,PR
Guayama,PR
Guayanilla,PR
Guaynabo,PR
Gurabo,PR
Guánica,PR
H. Rivera Colón,PR
Hacienda San José,PR
Hatillo,PR
Hato Arriba,PR
Hato Candal,PR
Hato Viejo,PR
Honduras,PR
Hormigueros,PR
Humacao,PR
Imbéry,PR
Indios,PR
Ingenio,PR
Isabela,PR
Isleta Comunidad,PR
Jagual,PR
Jaguas,PR
Jauca,PR
Jayuya,PR
Jobos,PR
Juana Díaz,PR
Juncal,PR
Juncos,PR
La Alianza,PR
La Dolores,PR
La Fermina,PR
La Liga,PR
La Luisa,PR
La Parguera,PR
La Pica,PR
La Playa,PR
La Plena,PR
La Yuca,PR
Lajas,PR
Lamboglia,PR
Lares,PR
Las Carolinas,PR
Las Croabas,PR
Las Gaviotas,PR
Las Marías,PR
Las Ochenta,PR
Las Ollas,PR
Las Piedras,PR
Lassalle Comunidad,PR
Liborio Negrón Torres,PR
Lluveras,PR
Lomas,PR
Lomas Verdes Comunidad,PR
Los Héroes Comunidad,PR
Los Llanos,PR
Los Panes,PR
Los Prados,PR
Loíza,PR
Luis Lloréns Torres,PR
Luis M. Cintrón,PR
Luquillo,PR
Luyando,PR
Magas Arriba,PR
Maguayo,PR
Manatí,PR
Mansión del Sol,PR
Mariano Colón,PR
Maricao,PR
Martorell,PR
Marueño,PR
María Antonia,PR
Maunabo,PR
Mayagüez,PR
Miranda,PR
Moca,PR
Monserrate,PR
Monte Grande,PR
Monte Verde,PR
Mora,PR
Morovis,PR
Mucarabones,PR
Naguabo,PR
Naranjito,PR
Olimpo,PR
Orocovis,PR
Pabellones,PR
Pajonal,PR
Palma Sola,PR
Palmarejo,PR
Palmas del Mar,PR
Palmer,PR
Palo Seco,PR
Palomas,PR
Parcelas La Milagrosa,PR
Parcelas Mandry,PR
Parcelas Nuevas,PR
Parcelas Peñuelas,PR
Parcelas Viejas Borinquen,PR
Parcelas de Navarro,PR
Pastos,PR
Patillas,PR
Peña Pobre,PR
Peñuelas,PR
Piedra Aguza,PR
Piedra Gorda,PR
Piñas,PR
Playa Fortuna,PR
Playita,PR
Playita Cortada,PR
Pole Ojea,PR
Ponce,PR
Potala Pastillo,PR
Pueblito del Carmen,PR
Pueblito del Río,PR
Puerto Real,PR
Punta Santiago,PR
Pájaros,PR
Quebrada,PR
Quebrada Prieta,PR
Quebrada del Agua,PR
Quebradillas,PR
Rafael Capó,PR
Rafael González,PR
Rafael Hernández,PR
Ramos,PR
Rincón,PR
Rodríguez Hevia,PR
Rosa Sánchez,PR
Río Blanco,PR
Río Cañas Abajo,PR
Río Grande,PR
Río Lajas,PR
Sabana,PR
Sabana Eneas,PR
Sabana Grande,PR
Sabana Hoyos,PR
Sabana Seca,PR
Salinas,PR
San Antonio,PR
San Germán,PR
San Isidro,PR
San José,PR
San Juan,PR
San Lorenzo,PR
San Sebastián,PR
Santa Bárbara,PR
Santa Clara,PR
Santa Isabel,PR
Santa María,PR
Santo Domingo,PR
Stella,PR
Suárez,PR
Tallaboa,PR
Tallaboa Alta,PR
Tibes,PR
Tiburones,PR
Tierras Nuevas Poniente,PR
Toa Alta,PR
Toa Baja,PR
Toaville,PR
Tomás de Castro,PR
Trujillo Alto,PR
Utuado,PR
Valle Hill,PR
Vayas,PR
Vega Alta,PR
Vega Baja,PR
Vieques,PR
Villa Calma,PR
Villa Esperanza,PR
Villa Hugo I,PR
Villa Hugo II,PR
Villa Quintero,PR
Villa Sin Miedo,PR
Villa de Sabana,PR
Villalba,PR
Villas del Sol,PR
Voladoras Comunidad,PR
Vázquez,PR
Yabucoa,PR
Yauco,PR
Yaurel,PR
Yeguada,PR
Ashaway,RI
Bradford,RI
Carolina,RI
Central Falls,RI
Chepachet,RI
Clayville,RI
Cranston,RI
Cumberland Hill,RI
East Providence,RI
Foster Center,RI
Greene,RI
Greenville,RI
Harmony,RI
Harrisville,RI
Hope Valley,RI
Kingston,RI
Melville,RI
Misquamicut,RI
Narragansett Pier,RI
Newport,RI
Newport East,RI
Pascoag,RI
Pawtucket,RI
Providence,RI
Quonochontaug,RI
Valley Falls,RI
Warwick,RI
Watch Hill,RI
Weekapaug,RI
Woonsocket,RI
Wyoming,RI
Abbeville,SC
Abney Crossroads,SC
Adams Run,SC
Aiken,SC
Alcolu,SC
Allendale,SC
Anderson,SC
Andrews,SC
Antreville,SC
Arcadia,SC
Arcadia Lakes,SC
Arial,SC
Arkwright,SC
Arthurtown,SC
Ashwood,SC
Atlantic Beach,SC
Awendaw,SC
Aynor,SC
Bamberg,SC
Barnwell,SC
Batesburg-Leesville,SC
Baxter Village,SC
Beaufort,SC
Beech Island,SC
Belton,SC
Belvedere,SC
Ben Avon,SC
Bennettsville,SC
Berea,SC
Bethune,SC
Bishopville,SC
Blacksburg,SC
Blackville,SC
Blenheim,SC
Bluffton,SC
Blythewood,SC
Boiling Springs,SC
Bonneau,SC
Bonneau Beach,SC
Bowman,SC
Boykin,SC
Bradley,SC
Branchville,SC
Briarcliffe Acres,SC
Brookdale,SC
Browntown,SC
Brunson,SC
Bucksport,SC
Buffalo,SC
Buford,SC
Burnettown,SC
Burton,SC
Caesars Head,SC
Calhoun Falls,SC
Camden,SC
Cameron,SC
Camp Croft,SC
Campobello,SC
Cane Savannah,SC
Capitol View,SC
Carlisle,SC
Carolina Forest,SC
Cash,SC
Catawba,SC
Cateechee,SC
Cayce,SC
Centenary,SC
Centerville,SC
Central,SC
Central Pacolet,SC
Chapin,SC
Charleston,SC
Cheraw,SC
Cherokee Falls,SC
Cherryvale,SC
Chesnee,SC
Chester,SC
Chesterfield,SC
Chickasaw Point,SC
City View,SC
Clarks Hill,SC
Clearwater,SC
Clemson,SC
Clemson University,SC
Clifton,SC
Clinton,SC
Clio,SC
Clover,SC
Cokesbury,SC
Columbia,SC
Conestee,SC
Converse,SC
Conway,SC
Coosawhatchie,SC
Cope,SC
Cordova,SC
Coronaca,SC
Cottageville,SC
Coward,SC
Cowpens,SC
Cross Anchor,SC
Cross Hill,SC
Dacusville,SC
Dale,SC
Dalzell,SC
Danwood,SC
Darlington,SC
Daufuskie Island,SC
Daviston,SC
DeBordieu Colony,SC
Denmark,SC
Dentsville,SC
Dillon,SC
Donalds,SC
Dovesville,SC
Drayton,SC
Due West,SC
Dunbar,SC
Duncan,SC
Dunean,SC
Easley,SC
East Camden,SC
East Gaffney,SC
East Sumter,SC
Eastover,SC
Edgefield,SC
Edisto,SC
Edisto Beach,SC
Edmund,SC
Ehrhardt,SC
Elgin,SC
Elko,SC
Elliott,SC
Elloree,SC
Enoree,SC
Estill,SC
Eureka Mill,SC
Eutawville,SC
Fair Play,SC
Fairfax,SC
Fairforest,SC
Fairview Crossroads,SC
Fingerville,SC
Finklea,SC
Five Forks,SC
Florence,SC
Floydale,SC
Folly Beach,SC
Forest Acres,SC
Forestbrook,SC
Foreston,SC
Fort Lawn,SC
Fort Mill,SC
Fountain Inn,SC
Fripp Island,SC
Furman,SC
Gadsden,SC
Gaffney,SC
Gantt,SC
Garden City,SC
Gaston,SC
Gayle Mill,SC
Georgetown,SC
Gifford,SC
Gilbert,SC
Gillisonville,SC
Glendale,SC
Glenn Springs,SC
Gloverville,SC
Golden Grove,SC
Goose Creek,SC
Govan,SC
Gramling,SC
Graniteville,SC
Gray Court,SC
Great Falls,SC
Greeleyville,SC
Green Sea,SC
Greenville,SC
Greenwood,SC
Greer,SC
Grover,SC
Hamer,SC
Hampton,SC
Hanahan,SC
Harbor Island,SC
Hardeeville,SC
Harleyville,SC
Hartsville,SC
Heath Springs,SC
Helena,SC
Hemingway,SC
Hickory Grove,SC
Hilda,SC
Hilltop,SC
Hilton Head Island,SC
Hodges,SC
Holly Hill,SC
Hollywood,SC
Homeland Park,SC
Homewood,SC
Honea Path,SC
Hopkins,SC
India Hook,SC
Inman,SC
Inman Mills,SC
Irmo,SC
Irwin,SC
Islandton,SC
Isle of Palms,SC
Iva,SC
Jackson,SC
Jacksonboro,SC
James Island,SC
Jamestown,SC
Jefferson,SC
Jenkinsville,SC
Joanna,SC
Johnsonville,SC
Johnston,SC
Jonesville,SC
Judson,SC
Keowee Key,SC
Kershaw,SC
Ketchuptown,SC
Kiawah Island,SC
Kingstree,SC
Kline,SC
La France,SC
Ladson,SC
Lake City,SC
Lake Murray of Richland,SC
Lake Secession,SC
Lake View,SC
Lake Wylie,SC
Lakewood,SC
Lamar,SC
Lancaster,SC
Landrum,SC
Lane,SC
Langley,SC
Latta,SC
Laurel Bay,SC
Laurens,SC
Lesslie,SC
Lexington,SC
Liberty,SC
Lincolnville,SC
Litchfield Beach,SC
Little Mountain,SC
Little River,SC
Little Rock,SC
Live Oak,SC
Livingston,SC
Lobeco,SC
Lockhart,SC
Lodge,SC
Longcreek,SC
Loris,SC
Lowndesville,SC
Lowrys,SC
Lugoff,SC
Luray,SC
Lydia,SC
Lyman,SC
Lynchburg,SC
Manning,SC
Manville,SC
Marion,SC
Mauldin,SC
Mayesville,SC
Mayo,SC
McBee,SC
McClellanville,SC
McColl,SC
McConnells,SC
McCormick,SC
Meggett,SC
Modoc,SC
Monarch Mill,SC
Moncks Corner,SC
Monetta,SC
Mount Carmel,SC
Mount Croghan,SC
Mount Pleasant,SC
Mountville,SC
Mulberry,SC
Mullins,SC
Murphys Estates,SC
Murrells Inlet,SC
Myrtle Beach,SC
Neeses,SC
New Ellenton,SC
Newberry,SC
Newport,SC
Newry,SC
Newtown,SC
Nichols,SC
Ninety Six,SC
Norris,SC
North,SC
North Augusta,SC
North Charleston,SC
North Hartsville,SC
North Myrtle Beach,SC
North Santee,SC
Northlake,SC
Norway,SC
Oak Grove,SC
Oakland,SC
Olanta,SC
Olar,SC
Olympia,SC
Orangeburg,SC
Oswego,SC
Pacolet,SC
Pageland,SC
Pamplico,SC
Parker,SC
Parksville,SC
Patrick,SC
Pauline,SC
Pawleys Island,SC
Paxville,SC
Peak,SC
Pelion,SC
Pelzer,SC
Pendleton,SC
Perry,SC
Pickens,SC
Piedmont,SC
Pimlico,SC
Pine Ridge,SC
Pinewood,SC
Pinopolis,SC
Plum Branch,SC
Pomaria,SC
Port Royal,SC
Powdersville,SC
Princeton,SC
Privateer,SC
Promised Land,SC
Prosperity,SC
Quinby,SC
Rains,SC
Ravenel,SC
Red Bank,SC
Red Hill,SC
Reevesville,SC
Reidville,SC
Rembert,SC
Richburg,SC
Ridge Spring,SC
Ridgeland,SC
Ridgeville,SC
Ridgeway,SC
Riverview,SC
Rock Hill,SC
Rockville,SC
Roebuck,SC
Rowesville,SC
Ruby,SC
Russellville,SC
Saint Charles,SC
Salem,SC
Salley,SC
Saluda,SC
Sandy Springs,SC
Sangaree,SC
Sans Souci,SC
Santee,SC
Saxon,SC
Scotia,SC
Scranton,SC
Seabrook,SC
Seabrook Island,SC
Sellers,SC
Seneca,SC
Seven Oaks,SC
Sharon,SC
Sheldon,SC
Shell Point,SC
Shiloh,SC
Silverstreet,SC
Simpsonville,SC
Six Mile,SC
Slater-Marietta,SC
Smoaks,SC
Smyrna,SC
Snelling,SC
Socastee,SC
Society Hill,SC
South Congaree,SC
South Sumter,SC
South Union,SC
Southern Shops,SC
Spartanburg,SC
Springdale,SC
Springfield,SC
St. Andrews,SC
St. George,SC
St. Matthews,SC
St. Stephen,SC
Starr,SC
Startex,SC
Stateburg,SC
Stuckey,SC
Sullivan's Island,SC
Summerton,SC
Summerville,SC
Summit,SC
Sumter,SC
Surfside Beach,SC
Swansea,SC
Sycamore,SC
Tamassee,SC
Tatum,SC
Taylors,SC
Tega Cay,SC
The Cliffs Valley,SC
Tigerville,SC
Timmonsville,SC
Tradesville,SC
Travelers Rest,SC
Trenton,SC
Troy,SC
Turbeville,SC
Ulmer,SC
Union,SC
Unity,SC
Utica,SC
Valley Falls,SC
Van Wyck,SC
Vance,SC
Varnville,SC
Wade Hampton,SC
Wagener,SC
Walhalla,SC
Wallace,SC
Walterboro,SC
Ward,SC
Ware Place,SC
Ware Shoals,SC
Warrenville,SC
Waterloo,SC
Watts Mills,SC
Wedgefield,SC
Welcome,SC
Wellford,SC
West Columbia,SC
West Pelzer,SC
West Union,SC
Westminster,SC
White Knoll,SC
Whitmire,SC
Whitney,SC
Wilkinson Heights,SC
Williams,SC
Williamston,SC
Willington,SC
Williston,SC
Windsor,SC
Winnsboro,SC
Winnsboro Mills,SC
Wisacky,SC
Woodfield,SC
Woodford,SC
Woodruff,SC
Wyboo,SC
Yemassee,SC
York,SC
Zion,SC
Aberdeen,SD
Agar,SD
Agency Village,SD
Akaska,SD
Albee,SD
Alcester,SD
Alexandria,SD
Allen,SD
Alpena,SD
Altamont,SD
Anderson,SD
Andover,SD
Angostura,SD
Antelope,SD
Ardmore,SD
Arlington,SD
Armour,SD
Artas,SD
Artesian,SD
Ashland Heights,SD
Ashton,SD
Astoria,SD
Aurora,SD
Aurora Center,SD
Avon,SD
Badger,SD
Baltic,SD
Bancroft,SD
Batesland,SD
Bath,SD
Bath Corner,SD
Belle Fourche,SD
Belvidere,SD
Beresford,SD
Big Stone City,SD
Bijou Hills,SD
Bison,SD
Blackhawk,SD
Blucksberg Mountain,SD
Blumengard Colony,SD
Blunt,SD
Bon Homme Colony,SD
Bonesteel,SD
Boulder Canyon,SD
Bowdle,SD
Box Elder,SD
Bradley,SD
Brandon,SD
Brandt,SD
Brant Lake,SD
Brant Lake South,SD
Brentford,SD
Brentwood Colony,SD
Bridger,SD
Bridgewater,SD
Bristol,SD
Britton,SD
Broadland,SD
Brookings,SD
Bruce,SD
Bryant,SD
Buffalo,SD
Buffalo Chip,SD
Buffalo Gap,SD
Bullhead,SD
Burbank,SD
Burke,SD
Bushnell,SD
Butler,SD
Cameron Colony,SD
Camp Crook,SD
Camrose Colony,SD
Canistota,SD
Canova,SD
Canton,SD
Caputa,SD
Carthage,SD
Castlewood,SD
Cavour,SD
Cedar Grove Colony,SD
Centerville,SD
Central City,SD
Chamberlain,SD
Chancellor,SD
Chelsea,SD
Cherry Creek,SD
Chester,SD
Claire City,SD
Claremont,SD
Claremont Colony,SD
Clark,SD
Clark Colony,SD
Clear Lake,SD
Clearfield Colony,SD
Cloverleaf Colony,SD
Collins Colony,SD
Colman,SD
Colome,SD
Colonial Pine Hills,SD
Colton,SD
Columbia,SD
Conde,SD
Corn Creek,SD
Corona,SD
Corsica,SD
Cottonwood,SD
Cow Creek,SD
Cresbard,SD
Crocker,SD
Crook City,SD
Crooks,SD
Custer,SD
Dakota Dunes,SD
Dallas,SD
Dante,SD
Davis,SD
De Smet,SD
Deadwood,SD
Deerfield Colony,SD
Dell Rapids,SD
Delmont,SD
Dimock,SD
Doland,SD
Dolton,SD
Draper,SD
Dudley,SD
Dupree,SD
Eagle Butte,SD
Eden,SD
Edgemont,SD
Egan,SD
Elk Point,SD
Elkton,SD
Emery,SD
Enemy Swim,SD
Erwin,SD
Estelline,SD
Ethan,SD
Eureka,SD
Evergreen Colony,SD
Fairburn,SD
Fairfax,SD
Fairview,SD
Faith,SD
Farmer,SD
Faulkton,SD
Fedora,SD
Ferney,SD
Flandreau,SD
Florence,SD
Fordham Colony,SD
Forestburg,SD
Fort Pierre,SD
Fort Thompson,SD
Frankfort,SD
Frederick,SD
Freeman,SD
Fruitdale,SD
Fulton,SD
Gann Valley,SD
Garden City,SD
Garretson,SD
Gary,SD
Gayville,SD
Geddes,SD
Gettysburg,SD
Glendale Colony,SD
Glenham,SD
Golden View Colony,SD
Goodwin,SD
Graceville Colony,SD
Grass Ranch Colony,SD
Grassland Colony,SD
Green Grass,SD
Green Valley,SD
Greenwood Colony,SD
Gregory,SD
Grenville,SD
Groton,SD
Hamill,SD
Harrisburg,SD
Harrison,SD
Harrold,SD
Hartford,SD
Hayti,SD
Hazel,SD
Hecla,SD
Henry,SD
Hermosa,SD
Herreid,SD
Herrick,SD
Hetland,SD
Highmore,SD
Hill City,SD
Hillcrest Colony,SD
Hillside Colony,SD
Hillsview,SD
Hitchcock,SD
Horse Creek,SD
Hosmer,SD
Hot Springs,SD
Hoven,SD
Howard,SD
Hudson,SD
Humboldt,SD
Hurley,SD
Huron,SD
Huron Colony,SD
Hutterville Colony,SD
Ideal,SD
Interior,SD
Ipswich,SD
Irene,SD
Iroquois,SD
Isabel,SD
Jamesville Colony,SD
Java,SD
Jefferson,SD
Johnson Siding,SD
Kadoka,SD
Kaylor,SD
Kenel,SD
Kennebec,SD
Keystone,SD
Kidder,SD
Kimball,SD
Kranzburg,SD
Kyle,SD
La Plant,SD
Lake Andes,SD
Lake City,SD
Lake Madison,SD
Lake Norden,SD
Lake Poinsett,SD
Lake Preston,SD
Lakeview Colony,SD
Lane,SD
Langford,SD
Lantry,SD
Lead,SD
Lebanon,SD
Lemmon,SD
Lennox,SD
Leola,SD
Lesterville,SD
Letcher,SD
Little Eagle,SD
Long Hollow,SD
Long Lake,SD
Long Lake Colony,SD
Loomis,SD
Lower Brule,SD
Lowry,SD
Lyons,SD
Madison,SD
Manderson-White Horse Creek,SD
Mansfield,SD
Marion,SD
Martin,SD
Marty,SD
Marvin,SD
Maverick Junction,SD
Maxwell Colony,SD
Mayfield Colony,SD
McIntosh,SD
McLaughlin,SD
Meadow View Addition,SD
Meckling,SD
Mellette,SD
Menno,SD
Midland,SD
Milbank,SD
Millbrook Colony,SD
Miller,SD
Millerdale Colony,SD
Milltown,SD
Mina,SD
Mission,SD
Mission Hill,SD
Mitchell,SD
Mobridge,SD
Monroe,SD
Montrose,SD
Morningside,SD
Morristown,SD
Mound City,SD
Mount Vernon,SD
Mountain Plains,SD
Murdo,SD
Naples,SD
New Effington,SD
New Elm Spring Colony,SD
New Holland,SD
New Underwood,SD
Newdale Colony,SD
Newell,SD
Newport Colony,SD
Nisland,SD
Norfeld Colony,SD
Norris,SD
North Eagle Butte,SD
North Sioux City,SD
North Spearfish,SD
Northville,SD
Nunda,SD
Oacoma,SD
Oahe Acres,SD
Oak Lane Colony,SD
Oelrichs,SD
Oglala,SD
Okaton,SD
Okreek,SD
Ola,SD
Old Elm Spring Colony,SD
Oldham,SD
Olivet,SD
Onaka,SD
Onida,SD
Oral,SD
Orient,SD
Orland Colony,SD
Ortley,SD
Parker,SD
Parkston,SD
Parmelee,SD
Pearl Creek Colony,SD
Peever,SD
Peever Flats,SD
Pembrook Colony,SD
Philip,SD
Pickstown,SD
Piedmont,SD
Pierpont,SD
Pierre,SD
Pine Lakes Addition,SD
Pine Ridge,SD
Plainview Colony,SD
Plankinton,SD
Platte,SD
Platte Colony,SD
Pleasant Valley Colony,SD
Poinsett Colony,SD
Pollock,SD
Porcupine,SD
Prairie City,SD
Prairiewood Village,SD
Presho,SD
Pringle,SD
Provo,SD
Pukwana,SD
Quinn,SD
Ramona,SD
Rapid City,SD
Rapid Valley,SD
Ravinia,SD
Raymond,SD
Redfield,SD
Ree Heights,SD
Reliance,SD
Renner Corner,SD
Revillo,SD
Richland,SD
Riverside Colony,SD
Rockham,SD
Rockport Colony,SD
Rolland Colony,SD
Roscoe,SD
Rosebud,SD
Rosedale Colony,SD
Rosholt,SD
Roslyn,SD
Roswell,SD
Rowena,SD
Running Water,SD
Rustic Acres Colony,SD
Salem,SD
Scotland,SD
Selby,SD
Seneca,SD
Shamrock Colony,SD
Shannon Colony,SD
Sherman,SD
Shindler,SD
Sicangu Village,SD
Silver Lake Colony,SD
Sinai,SD
Sioux Falls,SD
Sisseton,SD
Smithwick,SD
Soldier Creek,SD
South Shore,SD
Spearfish,SD
Spencer,SD
Spink Colony,SD
Spring Creek,SD
Spring Creek Colony,SD
Spring Lake Colony,SD
Spring Valley Colony,SD
Springfield,SD
St. Charles,SD
St. Francis,SD
St. Lawrence,SD
St. Onge,SD
Stephan,SD
Stickney,SD
Stockholm,SD
Storla,SD
Strandburg,SD
Stratford,SD
Sturgis,SD
Summerset,SD
Summit,SD
Sunset Colony,SD
Swift Bird,SD
Tabor,SD
Tea,SD
Thunderbird Colony,SD
Timber Lake,SD
Tolstoy,SD
Toronto,SD
Trent,SD
Tripp,SD
Tschetter Colony,SD
Tulare,SD
Turton,SD
Twin Brooks,SD
Two Strike,SD
Tyndall,SD
Upland Colony,SD
Utica,SD
Vale,SD
Valley Springs,SD
Veblen,SD
Verdon,SD
Vermillion,SD
Viborg,SD
Vienna,SD
Vilas,SD
Virgil,SD
Vivian,SD
Volga,SD
Volin,SD
Wagner,SD
Wakonda,SD
Wakpala,SD
Wall,SD
Wallace,SD
Wanblee,SD
Ward,SD
Warner,SD
Wasta,SD
Watertown,SD
Waubay,SD
Waverly,SD
Webster,SD
Wentworth,SD
Wessington,SD
Wessington Springs,SD
West Brule,SD
Westport,SD
Westwood Colony,SD
Wetonka,SD
White,SD
White Lake,SD
White River,SD
White Rock,SD
White Rock Colony,SD
Whitehorse,SD
Whitewood,SD
Willow Lake,SD
Wilmot,SD
Winfred,SD
Winner,SD
Wolf Creek Colony,SD
Wolsey,SD
Wonderland Homes,SD
Wood,SD
Woonsocket,SD
Worthing,SD
Wounded Knee,SD
Yale,SD
Yankton,SD
Adams,TN
Adamsville,TN
Alamo,TN
Alcoa,TN
Alexandria,TN
Algood,TN
Allardt,TN
Altamont,TN
Andersonville,TN
Apison,TN
Ardmore,TN
Arlington,TN
Ashland City,TN
Athens,TN
Atoka,TN
Atwood,TN
Auburntown,TN
Baileyton,TN
Baneberry,TN
Banner Hill,TN
Bartlett,TN
Baxter,TN
Bean Station,TN
Beech Bluff,TN
Beersheba Springs,TN
Bell Buckle,TN
Belle Meade,TN
Bells,TN
Belvidere,TN
Benton,TN
Berry Hill,TN
Bethel Springs,TN
Bethpage,TN
Big Rock,TN
Big Sandy,TN
Biltmore,TN
Blaine,TN
Blanche,TN
Bloomingdale,TN
Blountville,TN
Bluff City,TN
Bogota,TN
Bolivar,TN
Bon Air,TN
Bon Aqua Junction,TN
Bowman,TN
Braden,TN
Bradford,TN
Bransford,TN
Brentwood,TN
Briceville,TN
Brighton,TN
Bristol,TN
Brownsville,TN
Bruceton,TN
Buchanan,TN
Bulls Gap,TN
Burlison,TN
Burns,TN
Butler,TN
Byrdstown,TN
Calhoun,TN
Camden,TN
Carthage,TN
Caryville,TN
Castalian Springs,TN
Cedar Hill,TN
Celina,TN
Centertown,TN
Centerville,TN
Central,TN
Chapel Hill,TN
Charleston,TN
Charlotte,TN
Chattanooga,TN
Chesterfield,TN
Chewalla,TN
Childers Hill,TN
Christiana,TN
Church Hill,TN
Clarkrange,TN
Clarksburg,TN
Clarksville,TN
Cleveland,TN
Clifton,TN
Clinton,TN
Coalfield,TN
Coalmont,TN
Coker Creek,TN
Collegedale,TN
Collierville,TN
Collinwood,TN
Colonial Heights,TN
Columbia,TN
Conasauga,TN
Cookeville,TN
Coopertown,TN
Copperhill,TN
Cornersville,TN
Cosby,TN
Cottage Grove,TN
Cottontown,TN
Counce,TN
Covington,TN
Cowan,TN
Crab Orchard,TN
Cross Plains,TN
Crossville,TN
Crump,TN
Cumberland City,TN
Cumberland Gap,TN
Dancyville,TN
Dandridge,TN
Darden,TN
Dayton,TN
Decatur,TN
Decaturville,TN
Decherd,TN
Delano,TN
Dellrose,TN
Dickson,TN
Dodson Branch,TN
Dover,TN
Dowelltown,TN
Doyle,TN
Dresden,TN
Ducktown,TN
Dukedom,TN
Dunlap,TN
Dyer,TN
Dyersburg,TN
Eagleton Village,TN
Eagleville,TN
East Cleveland,TN
East Ridge,TN
Eastview,TN
Elgin,TN
Elizabethton,TN
Elkton,TN
Embreeville,TN
Englewood,TN
Enville,TN
Erin,TN
Erwin,TN
Essary Springs,TN
Estill Springs,TN
Ethridge,TN
Etowah,TN
Eva,TN
Fairfield,TN
Fairfield Glade,TN
Fairgarden,TN
Fairmount,TN
Fairview,TN
Fall Branch,TN
Falling Water,TN
Farner,TN
Farragut,TN
Fayetteville,TN
Fincastle,TN
Finger,TN
Finley,TN
Flat Top Mountain,TN
Flintville,TN
Forest Hills,TN
Fowlkes,TN
Frankewing,TN
Franklin,TN
Friendship,TN
Friendsville,TN
Gadsden,TN
Gainesboro,TN
Gallatin,TN
Gallaway,TN
Garland,TN
Gates,TN
Gatlinburg,TN
Germantown,TN
Gibson,TN
Gilt Edge,TN
Gladeville,TN
Gleason,TN
Goodlettsville,TN
Gordonsville,TN
Graball,TN
Grand Junction,TN
Gray,TN
Graysville,TN
Green Hill,TN
Greenback,TN
Greenbrier,TN
Greeneville,TN
Greenfield,TN
Greenvale,TN
Griffith Creek,TN
Grimsley,TN
Gruetli-Laager,TN
Guys,TN
Halls,TN
Hampton,TN
Harriman,TN
Harrison,TN
Harrogate,TN
Hartsville,TN
Helenwood,TN
Henderson,TN
Hendersonville,TN
Henning,TN
Henry,TN
Hickman,TN
Hickory Valley,TN
Hilham,TN
Hillsboro,TN
Hohenwald,TN
Holladay,TN
Hollow Rock,TN
Hopewell,TN
Hornbeak,TN
Hornsby,TN
Humboldt,TN
Hunter,TN
Huntingdon,TN
Huntland,TN
Huntsville,TN
Huron,TN
Iron City,TN
Jacks Creek,TN
Jacksboro,TN
Jackson,TN
Jamestown,TN
Jasper,TN
Jefferson City,TN
Jellico,TN
John Sevier,TN
Johnson City,TN
Jonesborough,TN
Kahite,TN
Karns,TN
Kenton,TN
Kimball,TN
Kingsport,TN
Kingston,TN
Kingston Springs,TN
Knoxville,TN
La Follette,TN
La Grange,TN
La Vergne,TN
Lafayette,TN
Lake Tansi,TN
Lakeland,TN
Lakesite,TN
Lakewood Park,TN
Lavinia,TN
Lawrenceburg,TN
Lebanon,TN
Lenoir City,TN
Lenox,TN
Leoma,TN
Lewisburg,TN
Lexington,TN
Liberty,TN
Linden,TN
Livingston,TN
Lobelville,TN
Lone Oak,TN
Lookout Mountain,TN
Loretto,TN
Loudon,TN
Louisville,TN
Luray,TN
Luttrell,TN
Lyles,TN
Lynchburg,TN
Lynnville,TN
Madisonville,TN
Manchester,TN
Martin,TN
Maryville,TN
Mascot,TN
Mason,TN
Maury City,TN
Mayland,TN
Maynardville,TN
McDonald,TN
McEwen,TN
McKenzie,TN
McLemoresville,TN
McMinnville,TN
Medina,TN
Medon,TN
Memphis,TN
Mercer,TN
Michie,TN
Middle Valley,TN
Middleton,TN
Midtown,TN
Milan,TN
Milledgeville,TN
Millersville,TN
Millington,TN
Minor Hill,TN
Miston,TN
Mitchellville,TN
Monteagle,TN
Monterey,TN
Mooresburg,TN
Morris Chapel,TN
Morrison,TN
Morristown,TN
Moscow,TN
Mosheim,TN
Mount Carmel,TN
Mount Juliet,TN
Mount Pleasant,TN
Mountain City,TN
Mowbray Mountain,TN
Munford,TN
Murfreesboro,TN
Nashville,TN
New Deal,TN
New Hope,TN
New Johnsonville,TN
New Market,TN
New Tazewell,TN
New Union,TN
Newbern,TN
Newport,TN
Niota,TN
Nixon,TN
Nolensville,TN
Norene,TN
Normandy,TN
Norris,TN
Oak Grove,TN
Oak Hill,TN
Oak Ridge,TN
Oakdale,TN
Oakland,TN
Obion,TN
Ocoee,TN
Oliver Springs,TN
Olivet,TN
Oneida,TN
Ooltewah,TN
Orebank,TN
Orlinda,TN
Orme,TN
Palmer,TN
Palmersville,TN
Paris,TN
Park City,TN
Parker's Crossroads,TN
Parrottsville,TN
Parsons,TN
Pegram,TN
Pelham,TN
Petersburg,TN
Petros,TN
Philadelphia,TN
Pigeon Forge,TN
Pikeville,TN
Pine Crest,TN
Pinson,TN
Piperton,TN
Pittman Center,TN
Plainview,TN
Pleasant Hill,TN
Pleasant View,TN
Pocahontas,TN
Portland,TN
Powell,TN
Powells Crossroads,TN
Prospect,TN
Pulaski,TN
Puryear,TN
Ramer,TN
Randolph,TN
Red Bank,TN
Red Boiling Springs,TN
Riceville,TN
Ridgely,TN
Ridgeside,TN
Ridgetop,TN
Ripley,TN
Rives,TN
Roan Mountain,TN
Robbins,TN
Rockford,TN
Rockvale,TN
Rockwood,TN
Rocky Top,TN
Rogersville,TN
Rossville,TN
Rural Hill,TN
Russellville,TN
Rutherford,TN
Rutledge,TN
Sale Creek,TN
Saltillo,TN
Samburg,TN
Sardis,TN
Saulsbury,TN
Savannah,TN
Scotts Hill,TN
Selmer,TN
Sequatchie,TN
Sevierville,TN
Sewanee,TN
Seymour,TN
Shackle Island,TN
Sharon,TN
Shelbyville,TN
Sherwood,TN
Shiloh,TN
Signal Mountain,TN
Silerton,TN
Slayden,TN
Smithville,TN
Smyrna,TN
Sneedville,TN
Soddy-Daisy,TN
Somerville,TN
South Carthage,TN
South Cleveland,TN
South Fulton,TN
South Pittsburg,TN
Sparta,TN
Spencer,TN
Spring City,TN
Spring Hill,TN
Springfield,TN
Spurgeon,TN
St. Joseph,TN
Stanton,TN
Stantonville,TN
Statesville,TN
Strawberry Plains,TN
Sullivan Gardens,TN
Summertown,TN
Sunbright,TN
Surgoinsville,TN
Sweetwater,TN
Taft,TN
Tazewell,TN
Telford,TN
Tellico Plains,TN
Tellico Village,TN
Tennessee Ridge,TN
Thompson's Station,TN
Three Way,TN
Tiptonville,TN
Toone,TN
Townsend,TN
Tracy City,TN
Trenton,TN
Trezevant,TN
Trimble,TN
Troy,TN
Tuckers Crossroads,TN
Tullahoma,TN
Tusculum,TN
Unicoi,TN
Union City,TN
Unionville,TN
Valley Forge,TN
Vanleer,TN
Viola,TN
Vonore,TN
Walden,TN
Walland,TN
Walnut Grove,TN
Walnut Hill,TN
Walterhill,TN
Wartburg,TN
Wartrace,TN
Watauga,TN
Watertown,TN
Waverly,TN
Waynesboro,TN
Westmoreland,TN
Westpoint,TN
White Bluff,TN
White House,TN
White Pine,TN
Whiteside,TN
Whiteville,TN
Whitlock,TN
Whitwell,TN
Wildersville,TN
Wildwood,TN
Wildwood Lake,TN
Williston,TN
Winchester,TN
Winfield,TN
Woodbury,TN
Woodland Mills,TN
Wrigley,TN
Wynnburg,TN
Yorkville,TN
Yuma,TN
Abbott,TX
Abernathy,TX
Abilene,TX
Abram,TX
Acala,TX
Ackerly,TX
Addison,TX
Adrian,TX
Agua Dulce,TX
Aguilares,TX
Airport Heights,TX
Airport Road Addition,TX
Alamo,TX
Alamo Beach,TX
Alamo Heights,TX
Alanreed,TX
Alba,TX
Albany,TX
Aldine,TX
Aledo,TX
Alfred,TX
Alice,TX
Alice Acres,TX
Allen,TX
Allison,TX
Alma,TX
Alpine,TX
Alto,TX
Alto Bonito Heights,TX
Alton,TX
Alvarado,TX
Alvin,TX
Alvord,TX
Amada Acres,TX
Amargosa,TX
Amarillo,TX
Amaya,TX
Ames,TX
Amherst,TX
Amistad,TX
Anacua,TX
Anahuac,TX
Anderson,TX
Andrews,TX
Angleton,TX
Angus,TX
Anna,TX
Annetta,TX
Annetta North,TX
Annetta South,TX
Annona,TX
Anson,TX
Anthony,TX
Anton,TX
Appleby,TX
Aquilla,TX
Aransas Pass,TX
Archer City,TX
Arcola,TX
Argyle,TX
Arlington,TX
Arp,TX
Arroyo Colorado Estates,TX
Arroyo Gardens,TX
Asherton,TX
Aspermont,TX
Atascocita,TX
Athens,TX
Atlanta,TX
Aubrey,TX
Aurora,TX
Austin,TX
Austwell,TX
Avery,TX
Avinger,TX
Azle,TX
B and E,TX
Bacliff,TX
Bailey,TX
Bailey's Prairie,TX
Baird,TX
Balch Springs,TX
Balcones Heights,TX
Ballinger,TX
Balmorhea,TX
Bandera,TX
Bangs,TX
Banquete,TX
Bardwell,TX
Barksdale,TX
Barrera,TX
Barrett,TX
Barry,TX
Barstow,TX
Bartlett,TX
Barton Creek,TX
Bartonville,TX
Bastrop,TX
Batesville,TX
Bay City,TX
Bayou Vista,TX
Bayside,TX
Baytown,TX
Bayview,TX
Beach City,TX
Bear Creek,TX
Bear Creek Ranch,TX
Beasley,TX
Beaumont,TX
Beauxart Gardens,TX
Beaver Creek,TX
Beckville,TX
Bedford,TX
Bedias,TX
Bee Cave,TX
Beeville,TX
Bellaire,TX
Bellevue,TX
Bellmead,TX
Bells,TX
Bellville,TX
Belterra,TX
Belton,TX
Ben Arnold,TX
Ben Bolt,TX
Ben Wheeler,TX
Benavides,TX
Benbrook,TX
Benjamin,TX
Benjamin Perez,TX
Berryville,TX
Bertram,TX
Beverly Hills,TX
Bevil Oaks,TX
Big Lake,TX
Big Sandy,TX
Big Spring,TX
Big Thicket Lake Estates,TX
Big Wells,TX
Bigfoot,TX
Bishop,TX
Bishop Hills,TX
Bivins,TX
Bixby,TX
Blackwell,TX
Blanco,TX
Blanket,TX
Bledsoe,TX
Blessing,TX
Bloomburg,TX
Blooming Grove,TX
Bloomington,TX
Blossom,TX
Blue Berry Hill,TX
Blue Mound,TX
Blue Ridge,TX
Bluetown,TX
Bluff Dale,TX
Blum,TX
Boerne,TX
Bogata,TX
Boling,TX
Bolivar Peninsula,TX
Bonanza Hills,TX
Bonham,TX
Bonney,TX
Booker,TX
Borger,TX
Botines,TX
Bovina,TX
Bowie,TX
Box Canyon,TX
Boyd,TX
Boys Ranch,TX
Brackettville,TX
Brady,TX
Brazoria,TX
Brazos,TX
Brazos Country,TX
Breckenridge,TX
Bremond,TX
Brenham,TX
Briar,TX
Briarcliff,TX
Briaroaks,TX
Bridge City,TX
Bridgeport,TX
Briggs,TX
Bristol,TX
Broaddus,TX
Bronte,TX
Brookshire,TX
Brookside Village,TX
Brookston,TX
Browndell,TX
Brownfield,TX
Brownsboro,TX
Brownsville,TX
Brownwood,TX
Bruceville-Eddy,TX
Brundage,TX
Bruni,TX
Brushy Creek,TX
Bryan,TX
Bryson,TX
Buchanan Dam,TX
Buchanan Lake Village,TX
Buckholts,TX
Buda,TX
Buena Vista,TX
Buffalo,TX
Buffalo Gap,TX
Buffalo Springs,TX
Bullard,TX
Bulverde,TX
Buna,TX
Bunker Hill Village,TX
Burkburnett,TX
Burke,TX
Burleson,TX
Burlington,TX
Burnet,TX
Burton,TX
Bushland,TX
Butterfield,TX
Byers,TX
Bynum,TX
Cactus,TX
Caddo Mills,TX
Cade Lakes,TX
Caldwell,TX
Callender Lake,TX
Callisburg,TX
Calvert,TX
Camargito,TX
Cameron,TX
Cameron Park,TX
Camp Swift,TX
Camp Wood,TX
Campbell,TX
Campo Verde,TX
Canadian,TX
Caney City,TX
Canton,TX
Cantu Addition,TX
Canutillo,TX
Canyon,TX
Canyon Creek,TX
Canyon Lake,TX
Cape Royale,TX
Carbon,TX
Carlsbad,TX
Carlton,TX
Carmine,TX
Carrizo Hill,TX
Carrizo Springs,TX
Carrollton,TX
Carter,TX
Carthage,TX
Casa Blanca,TX
Casas,TX
Cashion Community,TX
Castle Hills,TX
Castroville,TX
Catarina,TX
Cedar Creek,TX
Cedar Hill,TX
Cedar Park,TX
Cedar Point,TX
Celeste,TX
Celina,TX
Center,TX
Center Point,TX
Centerville,TX
Central Gardens,TX
Chandler,TX
Channelview,TX
Channing,TX
Chaparrito,TX
Chapeno,TX
Charlotte,TX
Chester,TX
Chico,TX
Childress,TX
Chillicothe,TX
Chilton,TX
China,TX
China Grove,TX
China Spring,TX
Chireno,TX
Christine,TX
Christoval,TX
Chula Vista,TX
Cibolo,TX
Cienegas Terrace,TX
Cinco Ranch,TX
Circle D-KC Estates,TX
Cisco,TX
Citrus City,TX
Clarendon,TX
Clarksville,TX
Clarksville City,TX
Claude,TX
Clay,TX
Clear Lake Shores,TX
Cleburne,TX
Cleveland,TX
Clifton,TX
Clint,TX
Cloverleaf,TX
Clute,TX
Clyde,TX
Coahoma,TX
Cockrell Hill,TX
Coffee City,TX
Coldspring,TX
Coleman,TX
College Station,TX
Colleyville,TX
Collinsville,TX
Colmesneil,TX
Colorado Acres,TX
Colorado City,TX
Columbus,TX
Comanche,TX
Combes,TX
Combine,TX
Comfort,TX
Commerce,TX
Como,TX
Concepcion,TX
Conroe,TX
Converse,TX
Cool,TX
Coolidge,TX
Cooper,TX
Coppell,TX
Copper Canyon,TX
Copperas Cove,TX
Corinth,TX
Corpus Christi,TX
Corrigan,TX
Corsicana,TX
Cottonwood,TX
Cottonwood Shores,TX
Cotulla,TX
Coupland,TX
Cove,TX
Covington,TX
Coyanosa,TX
Coyote Acres,TX
Coyote Flats,TX
Crandall,TX
Crane,TX
Cranfills Gap,TX
Crawford,TX
Creedmoor,TX
Cresson,TX
Crockett,TX
Crosby,TX
Crosbyton,TX
Cross Mountain,TX
Cross Plains,TX
Cross Roads,TX
Cross Timber,TX
Crowell,TX
Crowley,TX
Crystal City,TX
Cuero,TX
Cuevitas,TX
Cumby,TX
Cumings,TX
Cuney,TX
Cushing,TX
Cut and Shoot,TX
César Chávez,TX
D'Hanis,TX
DISH,TX
Daingerfield,TX
Daisetta,TX
Dalhart,TX
Dallas,TX
Dalworthington Gardens,TX
Damon,TX
Danbury,TX
Darrouzett,TX
Dawson,TX
Dayton,TX
Dayton Lakes,TX
De Kalb,TX
De Leon,TX
DeCordova,TX
DeSoto,TX
Dean,TX
Deanville,TX
Decatur,TX
Deer Park,TX
Deerwood,TX
Del Mar Heights,TX
Del Rio,TX
Del Sol,TX
Dell City,TX
Delmita,TX
Denison,TX
Dennis,TX
Denton,TX
Denver City,TX
Deport,TX
Detroit,TX
Devers,TX
Devine,TX
Deweyville,TX
Diboll,TX
Dickens,TX
Dickinson,TX
Dilley,TX
Dime Box,TX
Dimmitt,TX
Dodd City,TX
Dodson,TX
Doffing,TX
Domino,TX
Donna,TX
Doolittle,TX
Dorchester,TX
Double Horn,TX
Double Oak,TX
Douglassville,TX
Driftwood,TX
Dripping Springs,TX
Driscoll,TX
Dublin,TX
Dumas,TX
Duncanville,TX
E. Lopez,TX
Eagle Lake,TX
Eagle Pass,TX
Early,TX
Earth,TX
East Alto Bonito,TX
East Bernard,TX
East Columbia,TX
East Mountain,TX
East Tawakoni,TX
Eastland,TX
Easton,TX
Ector,TX
Edcouch,TX
Eden,TX
Edgecliff Village,TX
Edgewater Estates,TX
Edgewood,TX
Edinburg,TX
Edmonson,TX
Edna,TX
Edom,TX
Edroy,TX
Eidson Road,TX
El Brazil,TX
El Camino Angosto,TX
El Campo,TX
El Castillo,TX
El Cenizo,TX
El Chaparral,TX
El Indio,TX
El Lago,TX
El Mesquite,TX
El Paso,TX
El Quiote,TX
El Rancho Vela,TX
El Refugio,TX
El Socio,TX
Elbert,TX
Eldorado,TX
Electra,TX
Elgin,TX
Elias-Fela Solis,TX
Elkhart,TX
Ellinger,TX
Elm Creek,TX
Elmendorf,TX
Elmo,TX
Elsa,TX
Emerald Bay,TX
Emhouse,TX
Emory,TX
Encantada-Ranchito-El Calaboz,TX
Enchanted Oaks,TX
Encinal,TX
Encino,TX
Ennis,TX
Escobares,TX
Estelline,TX
Eugenio Saenz,TX
Euless,TX
Eureka,TX
Eustace,TX
Evadale,TX
Evant,TX
Evergreen,TX
Everman,TX
Fabens,TX
Fabrica,TX
Fair Oaks Ranch,TX
Fairchilds,TX
Fairfield,TX
Fairview,TX
Falcon Heights,TX
Falcon Lake Estates,TX
Falcon Mesa,TX
Falcon Village,TX
Falconaire,TX
Falfurrias,TX
Falls City,TX
Falman,TX
Fannett,TX
Farmers Branch,TX
Farmersville,TX
Farnsworth,TX
Farwell,TX
Fate,TX
Fayetteville,TX
Fernando Salinas,TX
Ferris,TX
Fifth Street,TX
Flat,TX
Flatonia,TX
Flor del Rio,TX
Florence,TX
Floresville,TX
Flowella,TX
Flower Mound,TX
Floydada,TX
Fluvanna,TX
Follett,TX
Forest Heights,TX
Forest Hill,TX
Forney,TX
Forsan,TX
Fort Bliss,TX
Fort Clark Springs,TX
Fort Davis,TX
Fort Hancock,TX
Fort Hood,TX
Fort Stockton,TX
Fort Worth,TX
Four Corners,TX
Four Points,TX
Fowlerton,TX
Franklin,TX
Frankston,TX
Fredericksburg,TX
Freeport,TX
Freer,TX
Fresno,TX
Friendswood,TX
Friona,TX
Frisco,TX
Fritch,TX
Fronton,TX
Fronton Ranchettes,TX
Frost,TX
Fruitvale,TX
Fulshear,TX
Fulton,TX
Gail,TX
Gainesville,TX
Galena Park,TX
Gallatin,TX
Galveston,TX
Ganado,TX
Garceno,TX
Garciasville,TX
Garden City,TX
Garden Ridge,TX
Gardendale,TX
Garfield,TX
Garland,TX
Garner,TX
Garrett,TX
Garrison,TX
Garwood,TX
Gary City,TX
Garza-Salinas II,TX
Gatesville,TX
Gause,TX
George West,TX
Georgetown,TX
Geronimo,TX
Gholson,TX
Giddings,TX
Gilmer,TX
Girard,TX
Gladewater,TX
Glazier,TX
Glen Rose,TX
Glenn Heights,TX
Glidden,TX
Godley,TX
Goldsmith,TX
Goldthwaite,TX
Goliad,TX
Golinda,TX
Gonzales,TX
Goodlow,TX
Goodrich,TX
Gordon,TX
Goree,TX
Gorman,TX
Graford,TX
Graham,TX
Granbury,TX
Grand Prairie,TX
Grand Saline,TX
Grandfalls,TX
Grandview,TX
Granger,TX
Grangerland,TX
Granite Shoals,TX
Granjeno,TX
Grape Creek,TX
Grapeland,TX
Grapevine,TX
Grays Prairie,TX
Green Valley Farms,TX
Greenville,TX
Gregory,TX
Grey Forest,TX
Groesbeck,TX
Groom,TX
Groves,TX
Groveton,TX
Gruver,TX
Guadalupe Guerra,TX
Guerra,TX
Gun Barrel City,TX
Gunter,TX
Gustine,TX
Guthrie,TX
Gutierrez,TX
H. Cuellar Estates,TX
Hackberry,TX
Hale Center,TX
Hallettsville,TX
Hallsburg,TX
Hallsville,TX
Haltom City,TX
Hamilton,TX
Hamlin,TX
Hamshire,TX
Happy,TX
Hardin,TX
Harding Gill Tract,TX
Hargill,TX
Harker Heights,TX
Harlingen,TX
Harper,TX
Harrold,TX
Hart,TX
Hartley,TX
Harwood,TX
Haskell,TX
Haslet,TX
Havana,TX
Hawk Cove,TX
Hawkins,TX
Hawley,TX
Hays,TX
Hearne,TX
Heartland,TX
Heath,TX
Hebbronville,TX
Hebron,TX
Hedley,TX
Hedwig Village,TX
Heidelberg,TX
Helotes,TX
Hemphill,TX
Hempstead,TX
Henderson,TX
Henrietta,TX
Hereford,TX
Hermleigh,TX
Hewitt,TX
Hickory Creek,TX
Hico,TX
Hidalgo,TX
Hideaway,TX
Higgins,TX
Highland Haven,TX
Highland Park,TX
Highland Village,TX
Highlands,TX
Hill Country Village,TX
Hillcrest,TX
Hillsboro,TX
Hillside Acres,TX
Hilltop,TX
Hilltop Lakes,TX
Hilshire Village,TX
Hitchcock,TX
Holiday Beach,TX
Holiday Lakes,TX
Holland,TX
Holliday,TX
Holly Lake Ranch,TX
Hollywood Park,TX
Homestead Meadows North,TX
Homestead Meadows South,TX
Hondo,TX
Honey Grove,TX
Hooks,TX
Horizon City,TX
Hornsby Bend,TX
Horseshoe Bay,TX
Horseshoe Bend,TX
Houston,TX
Howardwick,TX
Howe,TX
Hubbard,TX
Huckabay,TX
Hudson,TX
Hudson Bend,TX
Hudson Oaks,TX
Hughes Springs,TX
Hull,TX
Humble,TX
Hungerford,TX
Hunters Creek Village,TX
Huntington,TX
Huntsville,TX
Hurst,TX
Hutchins,TX
Hutto,TX
Huxley,TX
Iago,TX
Idalou,TX
Iglesia Antigua,TX
Impact,TX
Imperial,TX
Indian Hills,TX
Indian Lake,TX
Indian Springs,TX
Indio,TX
Industry,TX
Inez,TX
Ingleside,TX
Ingleside on the Bay,TX
Ingram,TX
Iola,TX
Iowa Colony,TX
Iowa Park,TX
Iraan,TX
Iredell,TX
Irving,TX
Italy,TX
Itasca,TX
Ivanhoe,TX
J.F. Villareal,TX
Jacinto City,TX
Jacksboro,TX
Jacksonville,TX
Jamaica Beach,TX
Jardin de San Julian,TX
Jarrell,TX
Jasper,TX
Jayton,TX
Jefferson,TX
Jersey Village,TX
Jewett,TX
Joaquin,TX
Johnson City,TX
Jolly,TX
Jones Creek,TX
Jonestown,TX
Josephine,TX
Joshua,TX
Jourdanton,TX
Juarez,TX
Junction,TX
Justin,TX
K-Bar Ranch,TX
Karnes City,TX
Katy,TX
Kaufman,TX
Keene,TX
Keller,TX
Kemah,TX
Kemp,TX
Kempner,TX
Kendleton,TX
Kenedy,TX
Kenefick,TX
Kennard,TX
Kennedale,TX
Kerens,TX
Kermit,TX
Kerrville,TX
Kilgore,TX
Killeen,TX
Kingsbury,TX
Kingsland,TX
Kingsville,TX
Kirby,TX
Kirbyville,TX
Kirvin,TX
Knippa,TX
Knollwood,TX
Knox City,TX
Kopperl,TX
Kosse,TX
Kountze,TX
Kress,TX
Krugerville,TX
Krum,TX
Kurten,TX
Kyle,TX
La Blanca,TX
La Carla,TX
La Casita,TX
La Chuparosa,TX
La Coma,TX
La Coma Heights,TX
La Escondida,TX
La Esperanza,TX
La Feria,TX
La Feria North,TX
La Grange,TX
La Grulla,TX
La Homa,TX
La Joya,TX
La Loma de Falcon,TX
La Marque,TX
La Minita,TX
La Moca Ranch,TX
La Paloma,TX
La Paloma Addition,TX
La Paloma Ranchettes,TX
La Paloma-Lost Creek,TX
La Porte,TX
La Presa,TX
La Pryor,TX
La Puerta,TX
La Rosita,TX
La Tina Ranch,TX
La Vernia,TX
La Victoria,TX
La Villa,TX
La Ward,TX
LaCoste,TX
Lackland AFB,TX
Lacy-Lakeview,TX
Ladonia,TX
Lago,TX
Lago Vista,TX
Laguna Heights,TX
Laguna Park,TX
Laguna Seca,TX
Laguna Vista,TX
Lake Bridgeport,TX
Lake Brownwood,TX
Lake Bryan,TX
Lake Cherokee,TX
Lake City,TX
Lake Colorado City,TX
Lake Dallas,TX
Lake Dunlap,TX
Lake Jackson,TX
Lake Kiowa,TX
Lake Medina Shores,TX
Lake Meredith Estates,TX
Lake Tanglewood,TX
Lake View,TX
Lake Worth,TX
Lakehills,TX
Lakeport,TX
Lakeshore Gardens-Hidden Acres,TX
Lakeside,TX
Lakeside City,TX
Lakeway,TX
Lakewood Village,TX
Lamar,TX
Lamesa,TX
Lamkin,TX
Lampasas,TX
Lancaster,TX
Lantana,TX
Laredo,TX
Laredo Ranchettes,TX
Laredo Ranchettes West,TX
Las Haciendas,TX
Las Lomas,TX
Las Lomitas,TX
Las Palmas,TX
Las Palmas II,TX
Las Pilas,TX
Las Quintas Fronterizas,TX
Lasana,TX
Lasara,TX
Latexo,TX
Laughlin AFB,TX
Laureles,TX
Lavon,TX
Lawn,TX
League City,TX
Leakey,TX
Leander,TX
Leary,TX
Lefors,TX
Lelia Lake,TX
Leming,TX
Leon Valley,TX
Leona,TX
Leonard,TX
Leroy,TX
Levelland,TX
Lewisville,TX
Lexington,TX
Liberty,TX
Liberty City,TX
Liberty Hill,TX
Lindale,TX
Linden,TX
Lindsay,TX
Lingleville,TX
Linn,TX
Lipan,TX
Lipscomb,TX
Little Cypress,TX
Little Elm,TX
Little River-Academy,TX
Littlefield,TX
Live Oak,TX
Liverpool,TX
Livingston,TX
Llano,TX
Llano Grande,TX
Lockett,TX
Lockhart,TX
Lockney,TX
Log Cabin,TX
Lolita,TX
Loma Grande,TX
Loma Linda,TX
Loma Linda East,TX
Loma Linda West,TX
Loma Vista,TX
Lometa,TX
Lone Oak,TX
Lone Star,TX
Longoria,TX
Longview,TX
Loop,TX
Lopezville,TX
Lopeño,TX
Loraine,TX
Lorena,TX
Lorenzo,TX
Los Altos,TX
Los Alvarez,TX
Los Angeles,TX
Los Arcos,TX
Los Arrieros,TX
Los Barreras,TX
Los Corralitos,TX
Los Ebanos,TX
Los Fresnos,TX
Los Huisaches,TX
Los Indios,TX
Los Lobos,TX
Los Minerales,TX
Los Nopalitos,TX
Los Veteranos I,TX
Los Veteranos II,TX
Los Ybanez,TX
Lott,TX
Louise,TX
Lovelady,TX
Loving,TX
Lowry Crossing,TX
Lozano,TX
Lubbock,TX
Lucas,TX
Lueders,TX
Lufkin,TX
Luling,TX
Lumberton,TX
Lyford,TX
Lyons,TX
Lytle,TX
Mabank,TX
Macdona,TX
Madisonville,TX
Magnolia,TX
Magnolia Beach,TX
Malakoff,TX
Malone,TX
Manchaca,TX
Manor,TX
Mansfield,TX
Manuel Garcia,TX
Manuel Garcia II,TX
Manvel,TX
Marathon,TX
Marble Falls,TX
Marfa,TX
Marietta,TX
Marion,TX
Markham,TX
Marlin,TX
Marquez,TX
Marshall,TX
Mart,TX
Martindale,TX
Martinez,TX
Mason,TX
Matador,TX
Matagorda,TX
Mathis,TX
Maud,TX
Mauriceville,TX
May,TX
Maypearl,TX
McAllen,TX
McCamey,TX
McCaulley,TX
McDade,TX
McGregor,TX
McKinney,TX
McKinney Acres,TX
McLean,TX
McLendon-Chisholm,TX
McLeod,TX
McQueeney,TX
Meadow,TX
Meadowlakes,TX
Meadows Place,TX
Medina,TX
Megargel,TX
Melissa,TX
Melvin,TX
Memphis,TX
Menard,TX
Mentone,TX
Mercedes,TX
Meridian,TX
Merkel,TX
Mertens,TX
Mertzon,TX
Mesquite,TX
Mexia,TX
Mi Ranchito Estate,TX
Miami,TX
Midfield,TX
Midland,TX
Midlothian,TX
Midway,TX
Midway North,TX
Midway South,TX
Miguel Barrera,TX
Mikes,TX
Mila Doce,TX
Milam,TX
Milano,TX
Mildred,TX
Miles,TX
Milford,TX
Miller's Cove,TX
Millsap,TX
Mineola,TX
Mineral Wells,TX
Mingus,TX
Mirando City,TX
Mission,TX
Mission Bend,TX
Missouri City,TX
Mobeetie,TX
Mobile City,TX
Monahans,TX
Mont Belvieu,TX
Montague,TX
Monte Alto,TX
Montgomery,TX
Moody,TX
Moore,TX
Moore Station,TX
Moraida,TX
Morales-Sanchez,TX
Moran,TX
Morgan,TX
Morgan Farm,TX
Morgan's Point,TX
Morgan's Point Resort,TX
Morning Glory,TX
Morse,TX
Morton,TX
Mosheim,TX
Moulton,TX
Mound,TX
Mount Calm,TX
Mount Enterprise,TX
Mount Pleasant,TX
Mount Vernon,TX
Mountain City,TX
Muenster,TX
Muleshoe,TX
Mullin,TX
Munday,TX
Muniz,TX
Murchison,TX
Murillo,TX
Murphy,TX
Mustang,TX
Mustang Ridge,TX
Myra,TX
Myrtle Springs,TX
Nacogdoches,TX
Nada,TX
Naples,TX
Narciso Pena,TX
Nash,TX
Nassau Bay,TX
Natalia,TX
Navarro,TX
Navasota,TX
Nazareth,TX
Neches,TX
Nederland,TX
Needville,TX
Nesbitt,TX
Netos,TX
Nevada,TX
New Berlin,TX
New Boston,TX
New Braunfels,TX
New Chapel Hill,TX
New Deal,TX
New Fairview,TX
New Falcon,TX
New Home,TX
New Hope,TX
New London,TX
New Summerfield,TX
New Ulm,TX
New Waverly,TX
Newark,TX
Newcastle,TX
Newton,TX
Neylandville,TX
Niederwald,TX
Nina,TX
Nixon,TX
Nocona,TX
Nocona Hills,TX
Nolanville,TX
Nome,TX
Noonday,TX
Nordheim,TX
Normandy,TX
Normangee,TX
Normanna,TX
North Alamo,TX
North Cleveland,TX
North Escobares,TX
North Pearsall,TX
North Richland Hills,TX
North San Pedro,TX
Northlake,TX
Novice,TX
O'Brien,TX
O'Donnell,TX
Oak Grove,TX
Oak Island,TX
Oak Leaf,TX
Oak Point,TX
Oak Ridge,TX
Oak Ridge North,TX
Oak Trail Shores,TX
Oak Valley,TX
Oakhurst,TX
Oakwood,TX
Odem,TX
Odessa,TX
Oglesby,TX
Oilton,TX
Oklaunion,TX
Old River-Winfree,TX
Olivarez,TX
Olivia Lopez de Gutierrez,TX
Olmito,TX
Olmito and Olmito,TX
Olmos Park,TX
Olney,TX
Olton,TX
Omaha,TX
Onalaska,TX
Opdyke West,TX
Orange,TX
Orange Grove,TX
Orason,TX
Orchard,TX
Ore City,TX
Overton,TX
Ovilla,TX
Owl Ranch,TX
Oyster Creek,TX
Ozona,TX
Pablo Pena,TX
Paducah,TX
Paige,TX
Paint Rock,TX
Paisano Park,TX
Palacios,TX
Palestine,TX
Palisades,TX
Palm Valley,TX
Palmer,TX
Palmhurst,TX
Palmview,TX
Palmview South,TX
Palo Blanco,TX
Palo Pinto,TX
Paloma Creek,TX
Paloma Creek South,TX
Pampa,TX
Panhandle,TX
Panorama Village,TX
Pantego,TX
Paradise,TX
Paris,TX
Parker,TX
Pasadena,TX
Pattison,TX
Patton Village,TX
Pawnee,TX
Payne Springs,TX
Pearland,TX
Pearsall,TX
Pecan Acres,TX
Pecan Gap,TX
Pecan Grove,TX
Pecan Hill,TX
Pecan Plantation,TX
Pelican Bay,TX
Pena,TX
Pendleton,TX
Penelope,TX
Penitas,TX
Perezville,TX
Perrin,TX
Perryton,TX
Petersburg,TX
Petrolia,TX
Petronila,TX
Pettus,TX
Petty,TX
Pflugerville,TX
Pharr,TX
Pilot Point,TX
Pine Forest,TX
Pine Harbor,TX
Pine Island,TX
Pinebrook,TX
Pinehurst,TX
Pineland,TX
Pinewood Estates,TX
Piney Point Village,TX
Pittsburg,TX
Placedo,TX
Plains,TX
Plainview,TX
Plano,TX
Plantersville,TX
Pleak,TX
Pleasant Hill,TX
Pleasant Valley,TX
Pleasanton,TX
Plum,TX
Plum Grove,TX
Poetry,TX
Point,TX
Point Blank,TX
Point Comfort,TX
Point Venture,TX
Ponder,TX
Port Aransas,TX
Port Arthur,TX
Port Isabel,TX
Port Lavaca,TX
Port Mansfield,TX
Port Neches,TX
Port O'Connor,TX
Porter Heights,TX
Portland,TX
Post,TX
Post Oak Bend City,TX
Poteet,TX
Poth,TX
Potosi,TX
Pottsboro,TX
Powderly,TX
Powell,TX
Poynor,TX
Prado Verde,TX
Praesel,TX
Prairie View,TX
Premont,TX
Presidio,TX
Preston,TX
Priddy,TX
Primera,TX
Princeton,TX
Proctor,TX
Progreso,TX
Progreso Lakes,TX
Prosper,TX
Providence Village,TX
Pueblo East,TX
Pueblo Nuevo,TX
Putnam,TX
Pyote,TX
Quail,TX
Quail Creek,TX
Quanah,TX
Queen City,TX
Quemado,TX
Quesada,TX
Quinlan,TX
Quintana,TX
Quitaque,TX
Quitman,TX
Radar Base,TX
Rafael Pena,TX
Ralls,TX
Ramireno,TX
Ramirez-Perez,TX
Ramos,TX
Ranchette Estates,TX
Ranchitos East,TX
Ranchitos Las Lomas,TX
Ranchitos del Norte,TX
Rancho Alegre,TX
Rancho Banquete,TX
Rancho Chico,TX
Rancho Viejo,TX
Ranchos Penitas West,TX
Randolph AFB,TX
Ranger,TX
Rangerville,TX
Rankin,TX
Ransom Canyon,TX
Ratamosa,TX
Ravenna,TX
Raymondville,TX
Realitos,TX
Red Lick,TX
Red Oak,TX
Red Rock,TX
Redfield,TX
Redford,TX
Redland,TX
Redwater,TX
Redwood,TX
Refugio,TX
Regino Ramirez,TX
Reid Hope King,TX
Reklaw,TX
Relampago,TX
Rendon,TX
Reno,TX
Retreat,TX
Rhome,TX
Ricardo,TX
Rice,TX
Rice Tracts,TX
Richards,TX
Richardson,TX
Richland,TX
Richland Hills,TX
Richland Springs,TX
Richmond,TX
Richwood,TX
Riesel,TX
Ringgold,TX
Rio Bravo,TX
Rio Grande City,TX
Rio Hondo,TX
Rio Vista,TX
Rising Star,TX
River Oaks,TX
Rivereno,TX
Riverside,TX
Riviera,TX
Road Runner,TX
Roanoke,TX
Roaring Springs,TX
Robert Lee,TX
Robinson,TX
Robstown,TX
Roby,TX
Rochelle,TX
Rochester,TX
Rock Island,TX
Rockdale,TX
Rockport,TX
Rocksprings,TX
Rockwall,TX
Rockwell Place,TX
Rocky Mound,TX
Rogers,TX
Rollingwood,TX
Roma,TX
Roman Forest,TX
Ropesville,TX
Rosanky,TX
Roscoe,TX
Rose City,TX
Rose Hill Acres,TX
Rosebud,TX
Rosenberg,TX
Rosharon,TX
Rosita,TX
Ross,TX
Rosser,TX
Rotan,TX
Round Mountain,TX
Round Rock,TX
Round Top,TX
Rowena,TX
Rowlett,TX
Roxton,TX
Royse City,TX
Rule,TX
Runaway Bay,TX
Runge,TX
Rusk,TX
Sabinal,TX
Sachse,TX
Sadler,TX
Saginaw,TX
Salado,TX
Salida del Sol Estates,TX
Salineño,TX
Salineño North,TX
Sam Rayburn,TX
Sammy Martinez,TX
Samnorwood,TX
San Angelo,TX
San Antonio,TX
San Augustine,TX
San Benito,TX
San Carlos,TX
San Carlos I,TX
San Carlos II,TX
San Diego,TX
San Elizario,TX
San Felipe,TX
San Fernando,TX
San Isidro,TX
San Juan,TX
San Leanna,TX
San Leon,TX
San Marcos,TX
San Patricio,TX
San Pedro,TX
San Perlita,TX
San Saba,TX
San Ygnacio,TX
Sanctuary,TX
Sand Springs,TX
Sanderson,TX
Sandia,TX
Sandoval,TX
Sandy Hollow-Escondidas,TX
Sandy Oaks,TX
Sandy Point,TX
Sanford,TX
Sanger,TX
Sansom Park,TX
Santa Anna,TX
Santa Clara,TX
Santa Cruz,TX
Santa Fe,TX
Santa Maria,TX
Santa Monica,TX
Santa Rita Ranch,TX
Santa Rosa,TX
Santel,TX
Santo,TX
Sargent,TX
Sarita,TX
Savannah,TX
Savoy,TX
Scenic Oaks,TX
Schertz,TX
Schulenburg,TX
Scissors,TX
Scotland,TX
Scottsville,TX
Scurry,TX
Seabrook,TX
Seadrift,TX
Seagoville,TX
Seagraves,TX
Sealy,TX
Sebastian,TX
Seco Mines,TX
Seguin,TX
Seis Lagos,TX
Selma,TX
Seminole,TX
Serenada,TX
Seth Ward,TX
Seven Oaks,TX
Seven Points,TX
Seymour,TX
Shady Hollow,TX
Shady Shores,TX
Shadybrook,TX
Shallowater,TX
Shamrock,TX
Shavano Park,TX
Sheffield,TX
Shelbyville,TX
Sheldon,TX
Shenandoah,TX
Shepherd,TX
Sheridan,TX
Sherman,TX
Sherwood Shores,TX
Shiner,TX
Shiro,TX
Shoreacres,TX
Sierra Blanca,TX
Siesta Acres,TX
Siesta Shores,TX
Silsbee,TX
Silverton,TX
Simonton,TX
Sinton,TX
Skellytown,TX
Skidmore,TX
Slaton,TX
Smiley,TX
Smithville,TX
Smyer,TX
Snook,TX
Snyder,TX
Socorro,TX
Solis,TX
Somerset,TX
Somerville,TX
Sonora,TX
Sonterra,TX
Sour Lake,TX
South Alamo,TX
South Fork Estates,TX
South Frydek,TX
South Houston,TX
South La Paloma,TX
South Mountain,TX
South Padre Island,TX
South Point,TX
South Toledo Bend,TX
Southlake,TX
Southmayd,TX
Southside Place,TX
Southwest Sandhill,TX
Spade,TX
Sparks,TX
Spearman,TX
Splendora,TX
Spofford,TX
Spring,TX
Spring Branch,TX
Spring Gardens,TX
Spring Valley Village,TX
Springlake,TX
Springtown,TX
Spur,TX
St. Hedwig,TX
St. Jo,TX
St. Paul,TX
Stafford,TX
Stagecoach,TX
Stamford,TX
Stanton,TX
Staples,TX
Star Harbor,TX
Steiner Ranch,TX
Stephenville,TX
Sterling City,TX
Stinnett,TX
Stockdale,TX
Stockton Bend,TX
Stonewall,TX
Stowell,TX
Stratford,TX
Strawn,TX
Streetman,TX
Study Butte,TX
Sudan,TX
Sugar Land,TX
Sullivan City,TX
Sulphur Springs,TX
Summerfield,TX
Sun Valley,TX
Sundown,TX
Sunnyvale,TX
Sunray,TX
Sunrise Beach Village,TX
Sunrise Shores,TX
Sunset,TX
Sunset Acres,TX
Sunset Valley,TX
Surfside Beach,TX
Sweeny,TX
Sweetwater,TX
Sylvester,TX
Taft,TX
Taft Southwest,TX
Tahoka,TX
Talco,TX
Talty,TX
Tanquecitos South Acres,TX
Tanquecitos South Acres II,TX
Tatum,TX
Taylor,TX
Taylor Lake Village,TX
Taylor Landing,TX
Teague,TX
Tehuacana,TX
Temple,TX
Tenaha,TX
Terlingua,TX
Terrell,TX
Terrell Hills,TX
Texarkana,TX
Texas City,TX
Texhoma,TX
Texline,TX
The Colony,TX
The Hills,TX
The Homesteads,TX
The Woodlands,TX
Thompsons,TX
Thompsonville,TX
Thorndale,TX
Thornton,TX
Thorntonville,TX
Thrall,TX
Three Rivers,TX
Throckmorton,TX
Thunderbird Bay,TX
Tierra Bonita,TX
Tierra Dorada,TX
Tierra Grande,TX
Tierra Verde,TX
Tiki Island,TX
Tilden,TX
Timbercreek Canyon,TX
Timberwood Park,TX
Timpson,TX
Tioga,TX
Tira,TX
Tivoli,TX
Toco,TX
Todd Mission,TX
Tolar,TX
Tom Bean,TX
Tomball,TX
Tool,TX
Tornillo,TX
Tow,TX
Toyah,TX
Tradewinds,TX
Travis Ranch,TX
Trent,TX
Trenton,TX
Trinidad,TX
Trinity,TX
Trophy Club,TX
Troup,TX
Troy,TX
Tuleta,TX
Tulia,TX
Tulsita,TX
Tunis,TX
Turkey,TX
Tuscola,TX
Tye,TX
Tyler,TX
Tynan,TX
Uhland,TX
Umbarger,TX
Uncertain,TX
Union Grove,TX
Union Valley,TX
Universal City,TX
University Park,TX
Utopia,TX
Uvalde,TX
Uvalde Estates,TX
Val Verde Park,TX
Valentine,TX
Valera,TX
Valle Hermoso,TX
Valle Verde,TX
Valle Vista,TX
Valley Mills,TX
Valley View,TX
Van,TX
Van Alstyne,TX
Van Horn,TX
Van Vleck,TX
Vanderbilt,TX
Vega,TX
Venus,TX
Vernon,TX
Victoria,TX
Victoria Vera,TX
Vidor,TX
Villa Pancho,TX
Villa Verde,TX
Villa del Sol,TX
Villarreal,TX
Vinton,TX
Volente,TX
Von Ormy,TX
Waco,TX
Wadsworth,TX
Waelder,TX
Waka,TX
Wake Village,TX
Waller,TX
Wallis,TX
Walnut Springs,TX
Warren,TX
Warren City,TX
Washburn,TX
Waskom,TX
Watauga,TX
Waxahachie,TX
Weatherford,TX
Webberville,TX
Webster,TX
Weimar,TX
Weinert,TX
Weir,TX
Welch,TX
Wellington,TX
Wellman,TX
Wells,TX
Wells Branch,TX
Weslaco,TX
West,TX
West Alto Bonito,TX
West Columbia,TX
West Lake Hills,TX
West Livingston,TX
West Odessa,TX
West Orange,TX
West Sharyland,TX
West Tawakoni,TX
West University Place,TX
Westbrook,TX
Westdale,TX
Western Lake,TX
Westlake,TX
Westminster,TX
Weston,TX
Weston Lakes,TX
Westover Hills,TX
Westway,TX
Westwood Shores,TX
Westworth Village,TX
Wharton,TX
Wheeler,TX
White Deer,TX
White Oak,TX
White Settlement,TX
Whiteface,TX
Whitehouse,TX
Whitesboro,TX
Whitewright,TX
Whitharral,TX
Whitney,TX
Wichita Falls,TX
Wickett,TX
Wild Peach Village,TX
Wildorado,TX
Wildwood,TX
Willis,TX
Willow Grove,TX
Willow Park,TX
Wills Point,TX
Wilmer,TX
Wilson,TX
Wimberley,TX
Windcrest,TX
Windom,TX
Windthorst,TX
Winfield,TX
Wingate,TX
Wink,TX
Winnie,TX
Winnsboro,TX
Winona,TX
Winters,TX
Wixon Valley,TX
Wolfe City,TX
Wolfforth,TX
Woodbranch,TX
Woodcreek,TX
Woodloch,TX
Woodsboro,TX
Woodson,TX
Woodville,TX
Woodway,TX
Wortham,TX
Wyldwood,TX
Wylie,TX
Yancey,TX
Yantis,TX
Yoakum,TX
Yorktown,TX
Yznaga,TX
Zapata,TX
Zapata Ranch,TX
Zarate,TX
Zavalla,TX
Zephyr,TX
Zuehl,TX
Alpine,UT
Alta,UT
Altamont,UT
Alton,UT
Amalga,UT
American Fork,UT
Aneth,UT
Annabella,UT
Antimony,UT
Apple Valley,UT
Aurora,UT
Avon,UT
Ballard,UT
Bear River City,UT
Beaver,UT
Benjamin,UT
Benson,UT
Beryl Junction,UT
Bicknell,UT
Big Water,UT
Blanding,UT
Bluebell,UT
Bluff,UT
Bluffdale,UT
Bonanza,UT
Boulder,UT
Bountiful,UT
Brian Head,UT
Brigham City,UT
Brighton,UT
Bryce Canyon City,UT
Cache,UT
Cannonville,UT
Carbonville,UT
Castle Dale,UT
Castle Valley,UT
Cedar City,UT
Cedar Fort,UT
Cedar Highlands,UT
Cedar Hills,UT
Centerfield,UT
Centerville,UT
Central,UT
Central Valley,UT
Charleston,UT
Circleville,UT
Clarkston,UT
Clawson,UT
Clear Creek,UT
Clearfield,UT
Cleveland,UT
Clinton,UT
Coalville,UT
Copperton,UT
Corinne,UT
Cornish,UT
Cottonwood Heights,UT
Cove,UT
Dammeron Valley,UT
Daniel,UT
Delta,UT
Deseret,UT
Deweyville,UT
Draper,UT
Duchesne,UT
Dugway,UT
Dutch John,UT
Eagle Mountain,UT
East Basin,UT
Echo,UT
Eden,UT
Elberta,UT
Elk Ridge,UT
Elmo,UT
Elsinore,UT
Elwood,UT
Emery,UT
Emigration Canyon,UT
Enoch,UT
Enterprise,UT
Ephraim,UT
Erda,UT
Escalante,UT
Eureka,UT
Fairfield,UT
Fairview,UT
Farmington,UT
Farr West,UT
Fayette,UT
Ferron,UT
Fielding,UT
Fillmore,UT
Flaming Gorge,UT
Fort Duchesne,UT
Fountain Green,UT
Francis,UT
Fremont,UT
Fruit Heights,UT
Garden,UT
Garden City,UT
Garland,UT
Genola,UT
Glendale,UT
Glenwood,UT
Goshen,UT
Granite,UT
Grantsville,UT
Green River,UT
Gunnison,UT
Halchita,UT
Halls Crossing,UT
Hanksville,UT
Harrisville,UT
Hatch,UT
Heber,UT
Helper,UT
Henefer,UT
Henrieville,UT
Herriman,UT
Hideout,UT
Highland,UT
Hildale,UT
Hinckley,UT
Hobble Creek,UT
Holden,UT
Holladay,UT
Honeyville,UT
Hooper,UT
Howell,UT
Hoytsville,UT
Huntington,UT
Huntsville,UT
Hurricane,UT
Hyde Park,UT
Hyrum,UT
Independence,UT
Interlaken,UT
Ivins,UT
Jensen,UT
Joseph,UT
Junction,UT
Kamas,UT
Kanab,UT
Kanarraville,UT
Kanosh,UT
Kaysville,UT
Kearns,UT
Kenilworth,UT
Kingston,UT
Koosharem,UT
La Sal,UT
La Verkin,UT
Lake Shore,UT
Laketown,UT
Lapoint,UT
Layton,UT
Leamington,UT
Leeds,UT
Lehi,UT
Levan,UT
Lewiston,UT
Liberty,UT
Lindon,UT
Loa,UT
Logan,UT
Lyman,UT
Lynndyl,UT
Maeser,UT
Magna,UT
Manila,UT
Manti,UT
Mantua,UT
Mapleton,UT
Marion,UT
Marriott-Slaterville,UT
Marysvale,UT
Mayfield,UT
Meadow,UT
Mendon,UT
Mexican Hat,UT
Midvale,UT
Midway,UT
Milford,UT
Millcreek,UT
Millville,UT
Minersville,UT
Moab,UT
Modena,UT
Mona,UT
Monroe,UT
Montezuma Creek,UT
Monticello,UT
Morgan,UT
Moroni,UT
Mount Pleasant,UT
Mountain Green,UT
Murray,UT
Myton,UT
Naples,UT
Navajo Mountain,UT
Neola,UT
Nephi,UT
New Harmony,UT
Newcastle,UT
Newton,UT
Nibley,UT
North Logan,UT
North Ogden,UT
North Salt Lake,UT
Oak City,UT
Oakley,UT
Oasis,UT
Ogden,UT
Oljato-Monument Valley,UT
Ophir,UT
Orangeville,UT
Orderville,UT
Orem,UT
Palmyra,UT
Panguitch,UT
Paradise,UT
Paragonah,UT
Park City,UT
Parowan,UT
Payson,UT
Peoa,UT
Perry,UT
Peter,UT
Pine Valley,UT
Plain City,UT
Pleasant Grove,UT
Pleasant View,UT
Plymouth,UT
Portage,UT
Price,UT
Providence,UT
Provo,UT
Randlett,UT
Randolph,UT
Redmond,UT
Richfield,UT
Richmond,UT
River Heights,UT
Riverdale,UT
Riverside,UT
Riverton,UT
Rockville,UT
Rocky Ridge,UT
Roosevelt,UT
Roy,UT
Rush Valley,UT
Salem,UT
Salina,UT
Salt Lake City,UT
Samak,UT
Sandy,UT
Santa Clara,UT
Santaquin,UT
Saratoga Springs,UT
Scipio,UT
Scofield,UT
Sigurd,UT
Silver Summit,UT
Smithfield,UT
Snowville,UT
Snyderville,UT
South Jordan,UT
South Ogden,UT
South Salt Lake,UT
South Weber,UT
South Willard,UT
Spanish Fork,UT
Spanish Valley,UT
Spring City,UT
Spring Glen,UT
Spring Lake,UT
Springdale,UT
Springville,UT
St. George,UT
Stansbury Park,UT
Sterling,UT
Stockton,UT
Summit,UT
Summit Park,UT
Sundance,UT
Sunset,UT
Sutherland,UT
Syracuse,UT
Tabiona,UT
Taylorsville,UT
Teasdale,UT
Thatcher,UT
Thompson Springs,UT
Timber Lakes,UT
Tooele,UT
Toquerville,UT
Torrey,UT
Tremonton,UT
Trenton,UT
Tropic,UT
Tselakai Dezza,UT
Uintah,UT
Vernal,UT
Vernon,UT
Veyo,UT
Vineyard,UT
Virgin,UT
Wales,UT
Wallsburg,UT
Wanship,UT
Washington,UT
Washington Terrace,UT
Wellington,UT
Wellsville,UT
Wendover,UT
West Bountiful,UT
West Haven,UT
West Jordan,UT
West Mountain,UT
West Point,UT
West Valley City,UT
West Wood,UT
White City,UT
White Mesa,UT
Whiterocks,UT
Willard,UT
Wolf Creek,UT
Woodland,UT
Woodland Hills,UT
Woodruff,UT
Woods Cross,UT
Abbs Valley,VA
Abingdon,VA
Accomac,VA
Adwolf,VA
Afton,VA
Alberta,VA
Aldie,VA
Alexandria,VA
Allison Gap,VA
Allisonia,VA
Altavista,VA
Amelia Court House,VA
Amherst,VA
Amonate,VA
Annandale,VA
Appalachia,VA
Apple Mountain Lake,VA
Appomattox,VA
Aquia Harbour,VA
Arcola,VA
Arlington,VA
Arrington,VA
Ashburn,VA
Ashland,VA
Atkins,VA
Atlantic,VA
Augusta Springs,VA
Austinville,VA
Bailey's Crossroads,VA
Barboursville,VA
Baskerville,VA
Bassett,VA
Bastian,VA
Basye,VA
Bayside,VA
Baywood,VA
Bealeton,VA
Bedford,VA
Belle Haven,VA
Bellwood,VA
Belmont,VA
Belmont Estates,VA
Belspring,VA
Belview,VA
Benns Church,VA
Bensley,VA
Berryville,VA
Bethel Manor,VA
Big Island,VA
Big Rock,VA
Big Stone Gap,VA
Big Stone Gap East,VA
Blacksburg,VA
Blackstone,VA
Blairs,VA
Bland,VA
Bloxom,VA
Blue Ridge,VA
Blue Ridge Shores,VA
Bluefield,VA
Bobtown,VA
Boissevain,VA
Bon Air,VA
Boones Mill,VA
Boston,VA
Bowling Green,VA
Boyce,VA
Boydton,VA
Boykins,VA
Bracey,VA
Braddock,VA
Brambleton,VA
Branchville,VA
Brandermill,VA
Brandy Station,VA
Breaks,VA
Bridgewater,VA
Brightwood,VA
Bristol,VA
Broadlands,VA
Broadway,VA
Brodnax,VA
Brookneal,VA
Brucetown,VA
Buchanan,VA
Buckhall,VA
Buckingham Courthouse,VA
Buena Vista,VA
Bull Run,VA
Bull Run Mountain Estates,VA
Burke,VA
Burke Centre,VA
Burkeville,VA
Callaghan,VA
Calverton,VA
Camp Barrett,VA
Camptown,VA
Cana,VA
Cape Charles,VA
Capron,VA
Captains Cove,VA
Carrollton,VA
Carrsville,VA
Cascades,VA
Castlewood,VA
Catlett,VA
Cats Bridge,VA
Cave Spring,VA
Cedar Bluff,VA
Central Garage,VA
Centreville,VA
Chamberlayne,VA
Chantilly,VA
Charles City,VA
Charlotte Court House,VA
Charlottesville,VA
Chase City,VA
Chase Crossing,VA
Chatham,VA
Chatmoss,VA
Cheriton,VA
Cherry Hill,VA
Chesapeake,VA
Chester,VA
Chester Gap,VA
Chilhowie,VA
Chincoteague,VA
Christiansburg,VA
Churchville,VA
Claremont,VA
Clarksville,VA
Claypool Hill,VA
Cleveland,VA
Clifton,VA
Clifton Forge,VA
Cliftondale Park,VA
Clinchco,VA
Clinchport,VA
Clintwood,VA
Clover,VA
Cloverdale,VA
Cluster Springs,VA
Coeburn,VA
Collinsville,VA
Colonial Beach,VA
Colonial Heights,VA
Columbia,VA
Concord,VA
Countryside,VA
County Center,VA
Courtland,VA
Covington,VA
Craigsville,VA
Crewe,VA
Crimora,VA
Crosspointe,VA
Crozet,VA
Culpeper,VA
Cumberland,VA
Dahlgren,VA
Dahlgren Center,VA
Dale City,VA
Daleville,VA
Damascus,VA
Dante,VA
Danville,VA
Dayton,VA
Deep Creek,VA
Deerfield,VA
Deltaville,VA
Dendron,VA
Difficult Run,VA
Dillwyn,VA
Dinwiddie,VA
Disputanta,VA
Dooms,VA
Doran,VA
Drakes Branch,VA
Dranesville,VA
Draper,VA
Dryden,VA
Dublin,VA
Duffield,VA
Dulles Town Center,VA
Dumbarton,VA
Dumfries,VA
Dunbar,VA
Dungannon,VA
Dunn Loring,VA
Eagle Rock,VA
Earlysville,VA
East Highland Park,VA
East Lexington,VA
East Stone Gap,VA
Eastville,VA
Ebony,VA
Edinburg,VA
Eggleston,VA
Elkton,VA
Elliston,VA
Emory,VA
Emporia,VA
Enon,VA
Esmont,VA
Ettrick,VA
Ewing,VA
Exmore,VA
Fair Lakes,VA
Fair Oaks,VA
Fairfax,VA
Fairfax Station,VA
Fairfield,VA
Fairlawn,VA
Fairview,VA
Fairview Beach,VA
Falls Church,VA
Falls Mills,VA
Falmouth,VA
Fancy Gap,VA
Farmville,VA
Ferrum,VA
Fieldale,VA
Fincastle,VA
Fishersville,VA
Flint Hill,VA
Floris,VA
Floyd,VA
Forest,VA
Fort Belvoir,VA
Fort Chiswell,VA
Fort Hunt,VA
Fort Lee,VA
Franconia,VA
Franklin,VA
Franklin Farm,VA
Franktown,VA
Fredericksburg,VA
Free Union,VA
Fries,VA
Front Royal,VA
Gainesville,VA
Galax,VA
Gargatha,VA
Gasburg,VA
Gate City,VA
George Mason,VA
Glade Spring,VA
Glasgow,VA
Glen Allen,VA
Glen Lyn,VA
Glen Wilton,VA
Glenvar,VA
Gloucester Courthouse,VA
Gloucester Point,VA
Goochland,VA
Goose Creek Village,VA
Gordonsville,VA
Gore,VA
Goshen,VA
Gratton,VA
Great Falls,VA
Great Falls Crossing,VA
Greenbackville,VA
Greenbriar,VA
Greenbush,VA
Greenville,VA
Gretna,VA
Grottoes,VA
Groveton,VA
Grundy,VA
Gwynn,VA
Halifax,VA
Hallwood,VA
Hamilton,VA
Hampden-Sydney,VA
Hampton,VA
Hanover,VA
Harborton,VA
Harrisonburg,VA
Harriston,VA
Hayfield,VA
Haymarket,VA
Haysi,VA
Heathsville,VA
Henry Fork,VA
Herndon,VA
Highland Springs,VA
Hillsboro,VA
Hillsville,VA
Hilltown,VA
Hiltons,VA
Hiwassee,VA
Hollins,VA
Hollymead,VA
Honaker,VA
Hopewell,VA
Horntown,VA
Horse Pasture,VA
Hot Springs,VA
Huntington,VA
Hurt,VA
Hutchison,VA
Hybla Valley,VA
Idylwood,VA
Independence,VA
Independent Hill,VA
Innovation,VA
Innsbrook,VA
Iron Gate,VA
Irvington,VA
Ivanhoe,VA
Ivor,VA
Ivy,VA
Jarratt,VA
Jewell Ridge,VA
Jolivue,VA
Jonesville,VA
Keezletown,VA
Keller,VA
Kenbridge,VA
Keokee,VA
Keswick,VA
Keysville,VA
Kilmarnock,VA
Kincora,VA
King George,VA
King William,VA
King and Queen Court House,VA
Kings Park,VA
Kings Park West,VA
Kingstowne,VA
La Crosse,VA
Lafayette,VA
Lake Barcroft,VA
Lake Caroline,VA
Lake Holiday,VA
Lake Land'Or,VA
Lake Monticello,VA
Lake Ridge,VA
Lake Wilderness,VA
Lake of the Woods,VA
Lakeside,VA
Lancaster,VA
Lansdowne,VA
Laurel,VA
Laurel Hill,VA
Laurel Park,VA
Lawrenceville,VA
Laymantown,VA
Lebanon,VA
Lee Mont,VA
Leesburg,VA
Lexington,VA
Lincolnia,VA
Linton Hall,VA
Linville,VA
Loch Lomond,VA
Locust Mount,VA
Long Branch,VA
Lorton,VA
Loudoun Valley Estates,VA
Louisa,VA
Lovettsville,VA
Lovingston,VA
Low Moor,VA
Lowes Island,VA
Lunenburg,VA
Luray,VA
Lynchburg,VA
Lyndhurst,VA
Madison,VA
Madison Heights,VA
Makemie Park,VA
Mallow,VA
Manassas,VA
Manassas Park,VA
Manchester,VA
Mantua,VA
Mappsburg,VA
Mappsville,VA
Marion,VA
Marshall,VA
Martinsville,VA
Mason Neck,VA
Massanetta Springs,VA
Massanutten,VA
Mathews,VA
Matoaca,VA
Maurertown,VA
Max Meadows,VA
McDowell,VA
McGaheysville,VA
McKenney,VA
McLean,VA
McMullin,VA
McNair,VA
Meadowbrook,VA
Meadows of Dan,VA
Mechanicsburg,VA
Mechanicsville,VA
Melfa,VA
Mendota,VA
Merrifield,VA
Merrimac,VA
Metompkin,VA
Middlebrook,VA
Middleburg,VA
Middletown,VA
Midland,VA
Midlothian,VA
Millboro,VA
Mineral,VA
Modest Town,VA
Moneta,VA
Montclair,VA
Monterey,VA
Montrose,VA
Montross,VA
Montvale,VA
Motley,VA
Mount Clifton,VA
Mount Crawford,VA
Mount Hermon,VA
Mount Jackson,VA
Mount Sidney,VA
Mount Vernon,VA
Mountain Road,VA
Narrows,VA
Nassawadox,VA
Nathalie,VA
Navy,VA
Nellysford,VA
Nelsonia,VA
New Baltimore,VA
New Castle,VA
New Church,VA
New Hope,VA
New Kent,VA
New Market,VA
New River,VA
Newington,VA
Newington Forest,VA
Newport News,VA
Newsoms,VA
Nickelsville,VA
Nokesville,VA
Norfolk,VA
North Garden,VA
North Shore,VA
North Springfield,VA
Norton,VA
Nottoway Court House,VA
Oak Grove,VA
Oak Hall,VA
Oak Level,VA
Oakton,VA
Occoquan,VA
Onancock,VA
One Loudoun,VA
Onley,VA
Opal,VA
Orange,VA
Osaka,VA
Painter,VA
Palmyra,VA
Pamplin City,VA
Pantops,VA
Paris,VA
Parksley,VA
Parrott,VA
Passapatanzy,VA
Pastoria,VA
Patrick Springs,VA
Pearisburg,VA
Pembroke,VA
Penhook,VA
Pennington Gap,VA
Petersburg,VA
Phenix,VA
Pimmit Hills,VA
Piney Mountain,VA
Plum Creek,VA
Pocahontas,VA
Poquoson,VA
Port Republic,VA
Port Royal,VA
Portsmouth,VA
Potomac Mills,VA
Pound,VA
Pounding Mill,VA
Powhatan,VA
Prices Fork,VA
Prince George,VA
Pulaski,VA
Pungoteague,VA
Purcellville,VA
Quantico,VA
Quantico Base,VA
Quinby,VA
Radford,VA
Raven,VA
Ravensworth,VA
Rectortown,VA
Remington,VA
Reston,VA
Rich Creek,VA
Richlands,VA
Richmond,VA
Ridgeway,VA
Riner,VA
Rio,VA
Ripplemead,VA
Rivanna,VA
Riverdale,VA
Riverview,VA
Roanoke,VA
Rockwood,VA
Rocky Gap,VA
Rocky Mount,VA
Rose Hill,VA
Round Hill,VA
Ruckersville,VA
Rural Retreat,VA
Rushmere,VA
Rustburg,VA
Salem,VA
Saltville,VA
Saluda,VA
Sandston,VA
Sandy Level,VA
Sanford,VA
Savage Town,VA
Savageville,VA
Saxis,VA
Schooner Bay,VA
Schuyler,VA
Scotland,VA
Scottsburg,VA
Scottsville,VA
Sedley,VA
Selma,VA
Seven Corners,VA
Seven Mile Ford,VA
Shawneeland,VA
Shawsville,VA
Shenandoah,VA
Shenandoah Farms,VA
Shenandoah Retreat,VA
Shenandoah Shores,VA
Sherando,VA
Shipman,VA
Short Pump,VA
Singers Glen,VA
Skyland Estates,VA
Smithfield,VA
Snowville,VA
South Boston,VA
South Hill,VA
South Riding,VA
South Run,VA
Southampton Meadows,VA
Southern Gateway,VA
Southside Chesconessex,VA
Sperryville,VA
Spotsylvania Courthouse,VA
Springfield,VA
Springville,VA
St. Charles,VA
St. Paul,VA
Stafford Courthouse,VA
Stanardsville,VA
Stanley,VA
Stanleytown,VA
Staunton,VA
Stephens City,VA
Sterling,VA
Stevens Creek,VA
Stewartsville,VA
Stickleyville,VA
Stone Ridge,VA
Stonega,VA
Stony Creek,VA
Strasburg,VA
Stuart,VA
Stuarts Draft,VA
Sudley,VA
Suffolk,VA
Sugar Grove,VA
Sugarland Run,VA
Sully Square,VA
Surry,VA
Sussex,VA
Tacoma,VA
Tangier,VA
Tappahannock,VA
Tasley,VA
Tazewell,VA
Temperanceville,VA
Templeton,VA
The Plains,VA
The University of Virginia's College at Wise,VA
Thynedale,VA
Timberlake,VA
Timberville,VA
Toms Brook,VA
Triangle,VA
Troutdale,VA
Troutville,VA
Tuckahoe,VA
Twin Lakes,VA
Tysons,VA
Union Hall,VA
Union Level,VA
Union Mill,VA
University Center,VA
University of Virginia,VA
Upperville,VA
Urbanna,VA
Vansant,VA
Verona,VA
Victoria,VA
Vienna,VA
Villa Heights,VA
Vinton,VA
Virgilina,VA
Virginia Beach,VA
Wachapreague,VA
Wakefield,VA
Warfield,VA
Warm Springs,VA
Warrenton,VA
Warsaw,VA
Washington,VA
Waterford,VA
Wattsville,VA
Waverly,VA
Waynesboro,VA
Weber City,VA
Weems,VA
West Falls Church,VA
West Point,VA
West Springfield,VA
Westlake Corner,VA
Weyers Cave,VA
White Stone,VA
Whitesville,VA
Williamsburg,VA
Willis Wharf,VA
Winchester,VA
Windsor,VA
Wintergreen,VA
Wise,VA
Wolf Trap,VA
Woodbridge,VA
Woodburn,VA
Woodlake,VA
Woodlawn,VA
Woodstock,VA
Wyndham,VA
Wytheville,VA
Yogaville,VA
Yorkshire,VA
Yorktown,VA
Algiers,VT
Ascutney,VT
Bakersfield,VT
Barre,VT
Beecher Falls,VT
Bellows Falls,VT
Bolton,VT
Bolton Valley,VT
Burlington,VT
Castleton Four Corners,VT
Chimney Hill,VT
Chittenden,VT
Danby,VT
Derby Center,VT
Derby Line,VT
East Barre,VT
East Burke,VT
East Charlotte,VT
East Dorset,VT
East Middlebury,VT
East Poultney,VT
Enosburg Falls,VT
Essex Junction,VT
Gilman,VT
Grafton,VT
Graniteville,VT
Greensboro Bend,VT
Hanksville,VT
Harmonyville,VT
Hartford Village,VT
Highgate Center,VT
Highgate Springs,VT
Huntington,VT
Huntington Center,VT
Island Pond,VT
Jacksonville,VT
Jamaica,VT
Jeffersonville,VT
Killington Village,VT
Lincoln,VT
Londonderry,VT
Lunenburg,VT
Lyndon,VT
Lyndon Center,VT
Lyndonville,VT
Manchester Center,VT
Middletown Springs,VT
Montpelier,VT
Morrisville,VT
New Haven,VT
Newport,VT
Newport Center,VT
North Bennington,VT
North Clarendon,VT
North Hartland,VT
North Hyde Park,VT
North Pownal,VT
North Springfield,VT
North Troy,VT
North Westminster,VT
Old Bennington,VT
Orleans,VT
Pawlet,VT
Peacham,VT
Pownal,VT
Pownal Center,VT
Proctor,VT
Proctorsville,VT
Quechee,VT
Rutland,VT
Saint George,VT
Saxtons River,VT
Sheffield,VT
South Barre,VT
South Burlington,VT
South Hero,VT
South Lincoln,VT
South Londonderry,VT
South Royalton,VT
South Shaftsbury,VT
South Woodstock,VT
St. Albans,VT
Stamford,VT
Stratton Mountain,VT
Sutton,VT
Townshend,VT
Underhill Center,VT
Underhill Flats,VT
Vergennes,VT
Wardsboro,VT
Waterbury Center,VT
Websterville,VT
Wells River,VT
West Brattleboro,VT
West Burke,VT
West Charlotte,VT
West Dummerston,VT
West Pawlet,VT
West Woodstock,VT
Westford,VT
Weston,VT
White River Junction,VT
Whitingham,VT
Wilder,VT
Winooski,VT
Wolcott,VT
Aberdeen,WA
Aberdeen Gardens,WA
Acme,WA
Addy,WA
Ahtanum,WA
Airway Heights,WA
Albion,WA
Alder,WA
Alderton,WA
Alderwood Manor,WA
Alger,WA
Algona,WA
Allyn,WA
Almira,WA
Altoona,WA
Amanda Park,WA
Amboy,WA
Ames Lake,WA
Anacortes,WA
Anatone,WA
Anderson Island,WA
Arlington,WA
Arlington Heights,WA
Artondale,WA
Ashford,WA
Asotin,WA
Auburn,WA
Bainbridge Island,WA
Bangor Base,WA
Banks Lake South,WA
Barberton,WA
Baring,WA
Barstow,WA
Basin City,WA
Battle Ground,WA
Bay Center,WA
Bay View,WA
Beacon Hill,WA
Beaux Arts Village,WA
Belfair,WA
Bell Hill,WA
Bellevue,WA
Bellingham,WA
Benton City,WA
Bethel,WA
Beverly,WA
Bickleton,WA
Big Lake,WA
Bingen,WA
Birch Bay,WA
Black Diamond,WA
Blaine,WA
Blyn,WA
Bonney Lake,WA
Bothell,WA
Bothell East,WA
Bothell West,WA
Boulevard Park,WA
Bow,WA
Boyds,WA
Brady,WA
Bremerton,WA
Brewster,WA
Bridgeport,WA
Brier,WA
Brinnon,WA
Browns Point,WA
Brush Prairie,WA
Bryant,WA
Bryn Mawr-Skyway,WA
Buckley,WA
Bucoda,WA
Buena,WA
Bunk Foss,WA
Burbank,WA
Burien,WA
Burley,WA
Burlington,WA
Camano,WA
Camas,WA
Canterwood,WA
Canyon Creek,WA
Carbonado,WA
Carlsborg,WA
Carnation,WA
Carson,WA
Cascade Valley,WA
Cashmere,WA
Castle Rock,WA
Cathcart,WA
Cathlamet,WA
Cavalero,WA
Centerville,WA
Central Park,WA
Centralia,WA
Chain Lake,WA
Chehalis,WA
Chelan,WA
Chelan Falls,WA
Cheney,WA
Cherry Grove,WA
Chewelah,WA
Chico,WA
Chinook,WA
Clallam Bay,WA
Clarkston,WA
Clarkston Heights-Vineland,WA
Clayton,WA
Cle Elum,WA
Clear Lake,WA
Clearview,WA
Cliffdell,WA
Clinton,WA
Clover Creek,WA
Clyde Hill,WA
Cohassett Beach,WA
Colfax,WA
College Place,WA
Colton,WA
Colville,WA
Conconully,WA
Concrete,WA
Connell,WA
Conway,WA
Copalis Beach,WA
Cosmopolis,WA
Cottage Lake,WA
Cougar,WA
Coulee City,WA
Coulee Dam,WA
Country Homes,WA
Coupeville,WA
Covington,WA
Cowiche,WA
Crescent Bar,WA
Creston,WA
Crocker,WA
Curlew,WA
Curlew Lake,WA
Cusick,WA
Custer,WA
Dallesport,WA
Danville,WA
Darrington,WA
Dash Point,WA
Davenport,WA
Dayton,WA
Deep River,WA
Deer Park,WA
Deming,WA
Des Moines,WA
Desert Aire,WA
Disautel,WA
Dixie,WA
Donald,WA
DuPont,WA
Duluth,WA
Duvall,WA
East Cathlamet,WA
East Port Orchard,WA
East Renton Highlands,WA
East Wenatchee,WA
Eastmont,WA
Easton,WA
Eatonville,WA
Edgewood,WA
Edison,WA
Edmonds,WA
Elbe,WA
Electric City,WA
Elk Plain,WA
Ellensburg,WA
Elma,WA
Elmer City,WA
Endicott,WA
Enetai,WA
Entiat,WA
Enumclaw,WA
Ephrata,WA
Erlands Point,WA
Eschbach,WA
Esperance,WA
Everett,WA
Everson,WA
Fairchild AFB,WA
Fairfield,WA
Fairwood,WA
Fall City,WA
Farmington,WA
Federal Way,WA
Felida,WA
Fern Prairie,WA
Ferndale,WA
Fife,WA
Fife Heights,WA
Finley,WA
Fircrest,WA
Five Corners,WA
Fobes Hill,WA
Fords Prairie,WA
Forks,WA
Fort Lewis,WA
Four Lakes,WA
Fox Island,WA
Frederickson,WA
Freeland,WA
Friday Harbor,WA
Garfield,WA
Garrett,WA
Geneva,WA
George,WA
Gig Harbor,WA
Glacier,WA
Gleed,WA
Glenwood,WA
Gold Bar,WA
Goldendale,WA
Gorst,WA
Graham,WA
Grand Coulee,WA
Grand Mound,WA
Grandview,WA
Granger,WA
Granite Falls,WA
Grapeview,WA
Grayland,WA
Grays River,WA
Green Bluff,WA
Greenwater,WA
Hamilton,WA
Hansville,WA
Harrah,WA
Harrington,WA
Hartline,WA
Hat Island,WA
Hatton,WA
Hazel Dell,WA
Herron Island,WA
High Bridge,WA
Hobart,WA
Hockinson,WA
Home,WA
Hoodsport,WA
Hoquiam,WA
Humptulips,WA
Hunts Point,WA
Ilwaco,WA
Inchelium,WA
Index,WA
Indianola,WA
Ione,WA
Issaquah,WA
Jamestown,WA
Kahlotus,WA
Kalama,WA
Kapowsin,WA
Kayak Point,WA
Keller,WA
Kelso,WA
Kendall,WA
Kenmore,WA
Kennewick,WA
Kent,WA
Ketron Island,WA
Kettle Falls,WA
Key Center,WA
Keyport,WA
Kingston,WA
Kirkland,WA
Kitsap Lake,WA
Kittitas,WA
Klickitat,WA
Krupp,WA
La Center,WA
La Conner,WA
La Grande,WA
LaCrosse,WA
Lacey,WA
Lake Bosworth,WA
Lake Cassidy,WA
Lake Cavanaugh,WA
Lake Forest Park,WA
Lake Goodwin,WA
Lake Holm,WA
Lake Ketchum,WA
Lake Marcel-Stillwater,WA
Lake McMurray,WA
Lake Morton-Berrydale,WA
Lake Roesiger,WA
Lake Shore,WA
Lake Stevens,WA
Lake Stickney,WA
Lake Tapps,WA
Lakeland North,WA
Lakeland South,WA
Lakeview,WA
Lakewood,WA
Lamont,WA
Langley,WA
Larch Way,WA
Latah,WA
Laurier,WA
Leavenworth,WA
Lebam,WA
Lewisville,WA
Lexington,WA
Liberty Lake,WA
Lind,WA
Lochsloy,WA
Lofall,WA
Long Beach,WA
Longbranch,WA
Longview,WA
Longview Heights,WA
Loomis,WA
Loon Lake,WA
Lower Elochoman,WA
Lyle,WA
Lyman,WA
Lynden,WA
Lynnwood,WA
Mabton,WA
Machias,WA
Malden,WA
Malo,WA
Malone,WA
Malott,WA
Maltby,WA
Manchester,WA
Mansfield,WA
Manson,WA
Maple Falls,WA
Maple Heights-Lake Desire,WA
Maple Valley,WA
Maplewood,WA
Marblemount,WA
Marcus,WA
Marietta-Alderwood,WA
Marine View,WA
Markham,WA
Marrowstone,WA
Martha Lake,WA
Maryhill,WA
Marysville,WA
Mattawa,WA
May Creek,WA
McChord AFB,WA
McCleary,WA
McKenna,WA
McMillin,WA
Mead,WA
Meadow Glade,WA
Meadowdale,WA
Medical Lake,WA
Medina,WA
Mercer Island,WA
Mesa,WA
Metaline,WA
Metaline Falls,WA
Methow,WA
Midland,WA
Mill Creek,WA
Mill Creek East,WA
Millwood,WA
Milton,WA
Mineral,WA
Minnehaha,WA
Mirrormont,WA
Moclips,WA
Monroe,WA
Monroe North,WA
Montesano,WA
Morton,WA
Moses Lake,WA
Moses Lake North,WA
Mossyrock,WA
Mount Vernon,WA
Mount Vista,WA
Mountlake Terrace,WA
Moxee,WA
Mukilteo,WA
Naches,WA
Napavine,WA
Naselle,WA
Navy Yard City,WA
Neah Bay,WA
Neilton,WA
Nespelem,WA
Nespelem Community,WA
Newcastle,WA
Newport,WA
Nile,WA
Nisqually Indian Community,WA
Nooksack,WA
Normandy Park,WA
North Bend,WA
North Bonneville,WA
North Fort Lewis,WA
North Lynnwood,WA
North Omak,WA
North Puyallup,WA
North Sultan,WA
North Yelm,WA
Northport,WA
Northwest Stanwood,WA
Oak Harbor,WA
Oakesdale,WA
Oakville,WA
Ocean City,WA
Ocean Park,WA
Ocean Shores,WA
Ocosta,WA
Odessa,WA
Okanogan,WA
Olympia,WA
Omak,WA
Onalaska,WA
Orchards,WA
Orient,WA
Oroville,WA
Orting,WA
Oso,WA
Othello,WA
Otis Orchards-East Farms,WA
Outlook,WA
Oyehut,WA
Pacific,WA
Pacific Beach,WA
Packwood,WA
Palouse,WA
Parker,WA
Parkland,WA
Parkwood,WA
Pasco,WA
Pataha,WA
Pateros,WA
Pe Ell,WA
Peaceful Valley,WA
Picnic Point,WA
Pine Grove,WA
Point Roberts,WA
Pomeroy,WA
Port Angeles,WA
Port Angeles East,WA
Port Gamble Tribal Community,WA
Port Hadlock-Irondale,WA
Port Ludlow,WA
Port Orchard,WA
Port Townsend,WA
Porter,WA
Poulsbo,WA
Prairie Heights,WA
Prairie Ridge,WA
Prescott,WA
Prosser,WA
Puget Island,WA
Pullman,WA
Purdy,WA
Puyallup,WA
Queets,WA
Qui-nai-elt Village,WA
Quilcene,WA
Quincy,WA
Raft Island,WA
Rainier,WA
Ravensdale,WA
Raymond,WA
Reardan,WA
Redmond,WA
Renton,WA
Republic,WA
Richland,WA
Ridgefield,WA
Ritzville,WA
River Road,WA
Riverbend,WA
Riverpoint,WA
Riverside,WA
Roche Harbor,WA
Rochester,WA
Rock Island,WA
Rockford,WA
Rockport,WA
Rocky Point,WA
Ronald,WA
Roosevelt,WA
Rosalia,WA
Rosburg,WA
Rosedale,WA
Roslyn,WA
Roy,WA
Royal City,WA
Ruston,WA
Ryderwood,WA
Salmon Creek,WA
Sammamish,WA
Santiago,WA
Satsop,WA
Schwana,WA
SeaTac,WA
Seabeck,WA
Seattle,WA
Sedro-Woolley,WA
Sekiu,WA
Selah,WA
Sequim,WA
Shadow Lake,WA
Shelton,WA
Shoreline,WA
Silvana,WA
Silver Firs,WA
Silverdale,WA
Sisco Heights,WA
Skamokawa Valley,WA
Skokomish,WA
Skykomish,WA
Snohomish,WA
Snoqualmie,WA
Snoqualmie Pass,WA
Soap Lake,WA
South Bend,WA
South Cle Elum,WA
South Creek,WA
South Hill,WA
South Prairie,WA
South Wenatchee,WA
Southworth,WA
Spanaway,WA
Spangle,WA
Spokane,WA
Spokane Valley,WA
Sprague,WA
Springdale,WA
St. John,WA
Stansberry Lake,WA
Stanwood,WA
Starbuck,WA
Startup,WA
Steilacoom,WA
Steptoe,WA
Stevenson,WA
Sudden Valley,WA
Sultan,WA
Sumas,WA
Summit,WA
Summit View,WA
Sumner,WA
Suncrest,WA
Sunday Lake,WA
Sunland Estates,WA
Sunnyside,WA
Sunnyslope,WA
Suquamish,WA
Swede Heaven,WA
Tacoma,WA
Taholah,WA
Tampico,WA
Tanglewilde,WA
Tehaleh,WA
Tekoa,WA
Tenino,WA
Terrace Heights,WA
Thorp,WA
Three Lakes,WA
Tieton,WA
Tokeland,WA
Toledo,WA
Tonasket,WA
Toppenish,WA
Torboy,WA
Touchet,WA
Town and Country,WA
Tracyton,WA
Trout Lake,WA
Tukwila,WA
Tumwater,WA
Twin Lakes,WA
Twisp,WA
Union,WA
Union Gap,WA
Union Hill-Novelty Hill,WA
Uniontown,WA
University Place,WA
Upper Elochoman,WA
Vader,WA
Valley,WA
Vancouver,WA
Vantage,WA
Vashon,WA
Vaughn,WA
Venersborg,WA
Verlot,WA
Waitsburg,WA
Walla Walla,WA
Walla Walla East,WA
Waller,WA
Wallula,WA
Wapato,WA
Warden,WA
Warm Beach,WA
Washougal,WA
Washtucna,WA
Waterville,WA
Wauna,WA
Waverly,WA
Wenatchee,WA
West Clarkston-Highland,WA
West Pasco,WA
West Richland,WA
Westport,WA
Wheeler,WA
Whidbey Island Station,WA
White Center,WA
White Salmon,WA
White Swan,WA
Wilbur,WA
Wilderness Rim,WA
Wilkeson,WA
Willapa,WA
Wilson Creek,WA
Winlock,WA
Winthrop,WA
Wishram,WA
Wollochet,WA
Woodinville,WA
Woodland,WA
Woods Creek,WA
Woodway,WA
Yacolt,WA
Yakima,WA
Yarrow Point,WA
Yelm,WA
Zillah,WA
Abbotsford,WI
Abrams,WI
Adams,WI
Adell,WI
Albany,WI
Algoma,WI
Allens Grove,WI
Allenton,WI
Allouez,WI
Alma,WI
Alma Center,WI
Almena,WI
Almond,WI
Alto,WI
Altoona,WI
Amberg,WI
Amery,WI
Amherst,WI
Amherst Junction,WI
Angelica,WI
Aniwa,WI
Antigo,WI
Appleton,WI
Arcadia,WI
Arena,WI
Argonne,WI
Argyle,WI
Arkansaw,WI
Arkdale,WI
Arlington,WI
Arpin,WI
Ashippun,WI
Ashland,WI
Ashwaubenon,WI
Athens,WI
Auburndale,WI
Augusta,WI
Avoca,WI
Babcock,WI
Bagley,WI
Baileys Harbor,WI
Baldwin,WI
Balsam Lake,WI
Bancroft,WI
Bangor,WI
Baraboo,WI
Barneveld,WI
Barron,WI
Barronett,WI
Batavia,WI
Bay City,WI
Bayfield,WI
Bayfront,WI
Bayside,WI
Bear Creek,WI
Beaver Dam,WI
Belgium,WI
Bell Center,WI
Belleville,WI
Bellevue,WI
Belmont,WI
Beloit,WI
Benton,WI
Berlin,WI
Big Bend,WI
Big Falls,WI
Big Foot Prairie,WI
Birch Hill,WI
Birchwood,WI
Birnamwood,WI
Biron,WI
Black Creek,WI
Black Earth,WI
Black River Falls,WI
Blair,WI
Blanchardville,WI
Bloomer,WI
Bloomington,WI
Blue Mounds,WI
Blue River,WI
Bluffview,WI
Boaz,WI
Bohners Lake,WI
Bonduel,WI
Boscobel,WI
Boulder Junction,WI
Bowler,WI
Boyceville,WI
Boyd,WI
Brandon,WI
Brice Prairie,WI
Briggsville,WI
Brillion,WI
Bristol,WI
Brodhead,WI
Brookfield,WI
Brooklyn,WI
Brothertown,WI
Brown Deer,WI
Browns Lake,WI
Brownsville,WI
Browntown,WI
Brule,WI
Buffalo City,WI
Burlington,WI
Burnett,WI
Butler,WI
Butte des Morts,WI
Butternut,WI
Cable,WI
Cadott,WI
Caledonia,WI
Cambria,WI
Cambridge,WI
Cameron,WI
Camp Douglas,WI
Campbellsport,WI
Caroline,WI
Cascade,WI
Casco,WI
Cashton,WI
Cassville,WI
Cataract,WI
Catawba,WI
Cazenovia,WI
Cecil,WI
Cedar Grove,WI
Cedarburg,WI
Ceex Haci,WI
Centuria,WI
Chain O' Lakes,WI
Chaseburg,WI
Chelsea,WI
Chenequa,WI
Chetek,WI
Chief Lake,WI
Chili,WI
Chilton,WI
Chippewa Falls,WI
Clam Lake,WI
Clarks Mills,WI
Clayton,WI
Clear Lake,WI
Cleveland,WI
Clinton,WI
Clintonville,WI
Clyman,WI
Cobb,WI
Cochrane,WI
Colby,WI
Coleman,WI
Colfax,WI
Collins,WI
Coloma,WI
Columbus,WI
Combined Locks,WI
Como,WI
Coon Valley,WI
Cornell,WI
Cornucopia,WI
Cottage Grove,WI
Couderay,WI
Crandon,WI
Crivitz,WI
Cross Plains,WI
Cuba City,WI
Cudahy,WI
Cumberland,WI
Curtiss,WI
Dale,WI
Dallas,WI
Dalton,WI
Danbury,WI
Dane,WI
Darien,WI
Darlington,WI
De Pere,WI
De Soto,WI
DeForest,WI
Deer Park,WI
Deerfield,WI
Dekorra,WI
Delafield,WI
Delavan,WI
Delavan Lake,WI
Dellwood,WI
Denmark,WI
Diamond Bluff,WI
Diaperville,WI
Dickeyville,WI
Dodge,WI
Dodgeville,WI
Dorchester,WI
Dousman,WI
Downing,WI
Downsville,WI
Doylestown,WI
Dresser,WI
Drummond,WI
Dunbar,WI
Durand,WI
Dyckesville,WI
Eagle,WI
Eagle Lake,WI
Eagle River,WI
East Troy,WI
Eastman,WI
Easton,WI
Eau Claire,WI
Eden,WI
Edgar,WI
Edgerton,WI
Edmund,WI
Egg Harbor,WI
Eland,WI
Elcho,WI
Elderon,WI
Eleva,WI
Elk Mound,WI
Elkhart Lake,WI
Elkhorn,WI
Ellison Bay,WI
Ellsworth,WI
Elm Grove,WI
Elmwood,WI
Elmwood Park,WI
Elroy,WI
Embarrass,WI
Emerald,WI
Endeavor,WI
Ephraim,WI
Ettrick,WI
Eureka,WI
Evansville,WI
Exeland,WI
Fairchild,WI
Fairwater,WI
Fall Creek,WI
Fall River,WI
Fennimore,WI
Fenwood,WI
Ferryville,WI
Fitchburg,WI
Florence,WI
Fond du Lac,WI
Footville,WI
Forest Junction,WI
Forestville,WI
Fort Atkinson,WI
Fountain City,WI
Fox Crossing,WI
Fox Lake,WI
Fox Point,WI
Francis Creek,WI
Franklin,WI
Franks Field,WI
Frederic,WI
Fredonia,WI
Fremont,WI
French Island,WI
Friendship,WI
Friesland,WI
Fulton,WI
Galesville,WI
Gays Mills,WI
Genoa,WI
Genoa City,WI
Germantown,WI
Gibbsville,WI
Gillett,WI
Gilman,WI
Gilmanton,WI
Glen Haven,WI
Glenbeulah,WI
Glendale,WI
Glenwood City,WI
Glidden,WI
Goodman,WI
Gordon,WI
Gotham,WI
Grafton,WI
Grand Marsh,WI
Grand View,WI
Granton,WI
Grantsburg,WI
Gratiot,WI
Green Bay,WI
Green Lake,WI
Green Valley,WI
Greenbush,WI
Greendale,WI
Greenfield,WI
Greenleaf,WI
Greenville,WI
Greenwood,WI
Gresham,WI
Hager City,WI
Hales Corners,WI
Hammond,WI
Hancock,WI
Hanover,WI
Harrison,WI
Harrisville,WI
Hartford,WI
Hartland,WI
Hatfield,WI
Hatley,WI
Haugen,WI
Hawkins,WI
Hayward,WI
Hazel Green,WI
Hebron,WI
Helenville,WI
Herbster,WI
Hewitt,WI
Highland,WI
Hilbert,WI
Hillsboro,WI
Hingham,WI
Hixton,WI
Hobart,WI
Holcombe,WI
Hollandale,WI
Holmen,WI
Horicon,WI
Hortonville,WI
Houlton,WI
Howard,WI
Howards Grove,WI
Hudson,WI
Humbird,WI
Hurley,WI
Hustisford,WI
Hustler,WI
Independence,WI
Iola,WI
Iron Belt,WI
Iron Ridge,WI
Iron River,WI
Ironton,WI
Ixonia,WI
Jackson,WI
Janesville,WI
Jefferson,WI
Jim Falls,WI
Johnson Creek,WI
Jolmaville,WI
Juda,WI
Jump River,WI
Junction City,WI
Juneau,WI
Kaukauna,WI
Kekoskee,WI
Kellnersville,WI
Kendall,WI
Kennan,WI
Kenosha,WI
Keshena,WI
Kewaskum,WI
Kewaunee,WI
Kiel,WI
Kieler,WI
Kimberly,WI
King,WI
Kingston,WI
Knapp,WI
Knowlton,WI
Kohler,WI
Krakow,WI
Kronenwetter,WI
La Crosse,WI
La Farge,WI
La Valle,WI
Lac La Belle,WI
Lac du Flambeau,WI
Ladysmith,WI
Lake Arrowhead,WI
Lake Camelot,WI
Lake Delton,WI
Lake Geneva,WI
Lake Hallie,WI
Lake Ivanhoe,WI
Lake Koshkonong,WI
Lake Lorraine,WI
Lake Mills,WI
Lake Nebagamon,WI
Lake Ripley,WI
Lake Sherwood,WI
Lake Tomahawk,WI
Lake Wazeecha,WI
Lake Wisconsin,WI
Lake Wissota,WI
Lakewood,WI
Lancaster,WI
Lannon,WI
Laona,WI
Lauderdale Lakes,WI
Lebanon,WI
Legend Lake,WI
Lena,WI
Leopolis,WI
Lewis,WI
Lily Lake,WI
Lime Ridge,WI
Linden,WI
Little Chute,WI
Little Round Lake,WI
Little Sturgeon,WI
Livingston,WI
Lodi,WI
Loganville,WI
Lohrville,WI
Lomira,WI
Lone Rock,WI
Long Lake,WI
Lowell,WI
Loyal,WI
Lublin,WI
Luck,WI
Luxemburg,WI
Lyndon Station,WI
Lynxville,WI
Lyons,WI
Madison,WI
Maiden Rock,WI
Maine,WI
Manawa,WI
Manitowoc,WI
Maple Bluff,WI
Marengo,WI
Maribel,WI
Marinette,WI
Marion,WI
Markesan,WI
Marquette,WI
Marshall,WI
Marshfield,WI
Mason,WI
Mattoon,WI
Mauston,WI
Mayville,WI
Mazomanie,WI
McFarland,WI
Medford,WI
Mellen,WI
Melrose,WI
Melvina,WI
Menasha,WI
Menomonee Falls,WI
Menomonie,WI
Mequon,WI
Mercer,WI
Merrill,WI
Merrillan,WI
Merrimac,WI
Merton,WI
Middle Village,WI
Middleton,WI
Milladore,WI
Millston,WI
Milltown,WI
Milton,WI
Milwaukee,WI
Mindoro,WI
Mineral Point,WI
Minocqua,WI
Minong,WI
Mishicot,WI
Mission,WI
Mole Lake,WI
Mondovi,WI
Monona,WI
Monroe,WI
Montello,WI
Montfort,WI
Monticello,WI
Montreal,WI
Mosinee,WI
Mount Calvary,WI
Mount Hope,WI
Mount Horeb,WI
Mount Pleasant,WI
Mount Sterling,WI
Mountain,WI
Mukwonago,WI
Muscoda,WI
Muskego,WI
Nashotah,WI
Navarino,WI
Necedah,WI
Neenah,WI
Neillsville,WI
Nekoosa,WI
Nelson,WI
Nelsonville,WI
Neopit,WI
Neosho,WI
Neshkoro,WI
New Auburn,WI
New Berlin,WI
New Glarus,WI
New Holstein,WI
New Lisbon,WI
New London,WI
New Munster,WI
New Odanah,WI
New Post,WI
New Richmond,WI
Newald,WI
Newburg,WI
Niagara,WI
Nichols,WI
North Bay,WI
North Fond du Lac,WI
North Freedom,WI
North Hudson,WI
North Lake,WI
North Prairie,WI
Northport,WI
Norwalk,WI
Oak Creek,WI
Oakdale,WI
Oakfield,WI
Oconomowoc,WI
Oconomowoc Lake,WI
Oconto,WI
Oconto Falls,WI
Odanah,WI
Ogdensburg,WI
Ogema,WI
Okauchee Lake,WI
Oliver,WI
Omro,WI
Onalaska,WI
Ontario,WI
Oostburg,WI
Oregon,WI
Orfordville,WI
Osceola,WI
Oshkosh,WI
Osseo,WI
Owen,WI
Oxford,WI
Paac Ciinak,WI
Packwaukee,WI
Paddock Lake,WI
Palmyra,WI
Pardeeville,WI
Park Falls,WI
Park Ridge,WI
Patch Grove,WI
Pella,WI
Pembine,WI
Pence,WI
Pepin,WI
Peshtigo,WI
Phillips,WI
Pigeon Falls,WI
Pine River,WI
Pittsville,WI
Plain,WI
Plainfield,WI
Platteville,WI
Pleasant Prairie,WI
Plover,WI
Plum City,WI
Plymouth,WI
Polonia,WI
Poplar,WI
Port Edwards,WI
Port Washington,WI
Port Wing,WI
Portage,WI
Post Lake,WI
Potosi,WI
Potter,WI
Potter Lake,WI
Pound,WI
Powers Lake,WI
Poy Sippi,WI
Poynette,WI
Prairie Farm,WI
Prairie du Chien,WI
Prairie du Sac,WI
Prentice,WI
Prescott,WI
Princeton,WI
Pulaski,WI
Pulcifer,WI
Racine,WI
Radisson,WI
Randolph,WI
Random Lake,WI
Raymond,WI
Readstown,WI
Redgranite,WI
Reedsburg,WI
Reedsville,WI
Reeseville,WI
Reserve,WI
Rewey,WI
Rhinelander,WI
Rib Lake,WI
Rib Mountain,WI
Rice Lake,WI
Richfield,WI
Ridgeland,WI
Ridgeway,WI
Rio,WI
Ripon,WI
River Falls,WI
River Hills,WI
Roberts,WI
Rochester,WI
Rock Falls,WI
Rock Springs,WI
Rockdale,WI
Rockland,WI
Rome,WI
Rosendale,WI
Rosholt,WI
Rothschild,WI
Rubicon,WI
Rudolph,WI
Salem Lakes,WI
Sand Pillow,WI
Sandy Hook,WI
Sauk City,WI
Saukville,WI
Saxon,WI
Sayner,WI
Scandinavia,WI
Schofield,WI
Seneca,WI
Sextonville,WI
Seymour,WI
Sharon,WI
Shawano,WI
Sheboygan,WI
Sheboygan Falls,WI
Sheldon,WI
Shell Lake,WI
Sherwood,WI
Shiocton,WI
Shopiere,WI
Shorewood,WI
Shorewood Hills,WI
Shullsburg,WI
Siren,WI
Sister Bay,WI
Slinger,WI
Sobieski,WI
Soldiers Grove,WI
Solon Springs,WI
Somers,WI
Somerset,WI
South Milwaukee,WI
South Wayne,WI
Sparta,WI
Spencer,WI
Spooner,WI
Spring Green,WI
Spring Valley,WI
Springbrook,WI
Springfield,WI
St. Cloud,WI
St. Croix Falls,WI
St. Francis,WI
St. Joseph,WI
St. Nazianz,WI
St. Peter,WI
Stanley,WI
Star Prairie,WI
Stetsonville,WI
Steuben,WI
Stevens Point,WI
Stockbridge,WI
Stockholm,WI
Stoddard,WI
Stone Lake,WI
Stoughton,WI
Stratford,WI
Strum,WI
Sturgeon Bay,WI
Sturtevant,WI
Suamico,WI
Sullivan,WI
Summit Lake,WI
Sun Prairie,WI
Superior,WI
Suring,WI
Sussex,WI
Tainter Lake,WI
Taycheedah,WI
Taylor,WI
Tennyson,WI
Theresa,WI
Thiensville,WI
Thornton,WI
Thorp,WI
Three Lakes,WI
Tichigan,WI
Tigerton,WI
Tilleda,WI
Tomah,WI
Tomahawk,WI
Tony,WI
Townsend,WI
Trego,WI
Trempealeau,WI
Tunnel City,WI
Turtle Lake,WI
Tustin,WI
Twin Lakes,WI
Two Rivers,WI
Union Center,WI
Union Grove,WI
Unity,WI
Valders,WI
Van Dyne,WI
Vernon,WI
Verona,WI
Vesper,WI
Village of Waukesha,WI
Viola,WI
Viroqua,WI
Wabeno,WI
Waldo,WI
Wales,WI
Walworth,WI
Warrens,WI
Washburn,WI
Waterford,WI
Waterloo,WI
Watertown,WI
Waubeka,WI
Waukau,WI
Waukesha,WI
Waumandee,WI
Waunakee,WI
Waupaca,WI
Waupun,WI
Wausau,WI
Wausaukee,WI
Wautoma,WI
Wauwatosa,WI
Wauzeka,WI
Webster,WI
West Allis,WI
West Baraboo,WI
West Bend,WI
West Milwaukee,WI
West Salem,WI
Westboro,WI
Westby,WI
Westfield,WI
Weston,WI
Weyauwega,WI
Wheeler,WI
White Lake,WI
Whitefish Bay,WI
Whitehall,WI
Whitelaw,WI
Whitewater,WI
Whiting,WI
Whittlesey,WI
Wild Rose,WI
Williams Bay,WI
Wilson,WI
Wilton,WI
Winchester,WI
Wind Lake,WI
Wind Point,WI
Winneconne,WI
Winter,WI
Wiota,WI
Wisconsin Dells,WI
Wisconsin Rapids,WI
Withee,WI
Wittenberg,WI
Wonewoc,WI
Woodford,WI
Woodman,WI
Woodruff,WI
Woodville,WI
Wrightstown,WI
Wyeville,WI
Wyocena,WI
Yorkville,WI
Yuba,WI
Zoar,WI
Accoville,WV
Addison,WV
Adrian,WV
Albright,WV
Alderson,WV
Alum Creek,WV
Amherstdale,WV
Anawalt,WV
Anmoore,WV
Ansted,WV
Apple Grove,WV
Arbovale,WV
Arthurdale,WV
Athens,WV
Auburn,WV
Aurora,WV
Bancroft,WV
Barboursville,WV
Barrackville,WV
Bartley,WV
Bartow,WV
Bath,WV
Baxter,WV
Bayard,WV
Beards Fork,WV
Beaver,WV
Beckley,WV
Beech Bottom,WV
Belington,WV
Belle,WV
Belmont,WV
Belva,WV
Benwood,WV
Bergoo,WV
Berwind,WV
Bethany,WV
Bethlehem,WV
Beverly,WV
Big Chimney,WV
Big Creek,WV
Big Sandy,WV
Birch River,WV
Blacksville,WV
Blennerhassett,WV
Bluefield,WV
Bluewell,WV
Boaz,WV
Bolivar,WV
Bolt,WV
Boomer,WV
Booth,WV
Bowden,WV
Bradley,WV
Bradshaw,WV
Bramwell,WV
Brandonville,WV
Brandywine,WV
Brenton,WV
Bridgeport,WV
Brookhaven,WV
Bruceton Mills,WV
Bruno,WV
Brush Fork,WV
Buckhannon,WV
Bud,WV
Buffalo,WV
Burlington,WV
Burnsville,WV
Cairo,WV
Camden-on-Gauley,WV
Cameron,WV
Capon Bridge,WV
Carolina,WV
Carpendale,WV
Cass,WV
Cassville,WV
Cedar Grove,WV
Century,WV
Ceredo,WV
Chapmanville,WV
Charles Town,WV
Charleston,WV
Charlton Heights,WV
Chattaroy,WV
Chauncey,WV
Cheat Lake,WV
Chelyan,WV
Chesapeake,WV
Chester,WV
Clarksburg,WV
Clay,WV
Clearview,WV
Clendenin,WV
Clifton,WV
Coal City,WV
Coal Fork,WV
Colcord,WV
Colliers,WV
Comfort,WV
Corinne,WV
Cottageville,WV
Covel,WV
Cowen,WV
Crab Orchard,WV
Craigsville,WV
Crooked Creek,WV
Cross Lanes,WV
Crum,WV
Crumpler,WV
Cucumber,WV
Culloden,WV
Cunard,WV
Dailey,WV
Daniels,WV
Danville,WV
Davis,WV
Davy,WV
Deep Water,WV
Delbarton,WV
Despard,WV
Dixie,WV
Dorothy,WV
Dunbar,WV
Dupont City,WV
Durbin,WV
Earling,WV
East Bank,WV
East Dailey,WV
East View,WV
Eccles,WV
Eleanor,WV
Elizabeth,WV
Elk Garden,WV
Elkins,WV
Elkview,WV
Ellenboro,WV
Enterprise,WV
Eskdale,WV
Fairlea,WV
Fairmont,WV
Fairview,WV
Falling Spring,WV
Falling Waters,WV
Falls View,WV
Farmington,WV
Fayetteville,WV
Fenwick,WV
Flatwoods,WV
Flemington,WV
Follansbee,WV
Fort Ashby,WV
Fort Gay,WV
Frank,WV
Franklin,WV
Friendly,WV
Gallipolis Ferry,WV
Galloway,WV
Garten,WV
Gary,WV
Gassaway,WV
Gatewood,WV
Gauley Bridge,WV
Ghent,WV
Gilbert,WV
Gilbert Creek,WV
Glasgow,WV
Glen Dale,WV
Glen Ferris,WV
Glen Fork,WV
Glen Jean,WV
Glen White,WV
Glenville,WV
Grafton,WV
Grant Town,WV
Grantsville,WV
Granville,WV
Great Cacapon,WV
Green Bank,WV
Green Spring,WV
Greenview,WV
Greenville,WV
Gypsy,WV
Hambleton,WV
Hamlin,WV
Handley,WV
Hansford,WV
Harman,WV
Harpers Ferry,WV
Harrisville,WV
Hartford City,WV
Harts,WV
Hedgesville,WV
Helen,WV
Helvetia,WV
Henderson,WV
Hendricks,WV
Henlawson,WV
Hepzibah,WV
Hico,WV
Hillsboro,WV
Hilltop,WV
Hinkleville,WV
Hinton,WV
Holden,WV
Hollygrove,WV
Hometown,WV
Hooverson Heights,WV
Hundred,WV
Huntersville,WV
Huntington,WV
Hurricane,WV
Huttonsville,WV
Iaeger,WV
Idamay,WV
Institute,WV
Inwood,WV
Itmann,WV
Jacksonburg,WV
Jane Lew,WV
Jefferson,WV
Junior,WV
Justice,WV
Justice Addition,WV
Kanawha,WV
Kenova,WV
Kermit,WV
Keyser,WV
Keystone,WV
Kimball,WV
Kimberly,WV
Kincaid,WV
Kingwood,WV
Kistler,WV
Kopperston,WV
Lashmeet,WV
Lavalette,WV
Leon,WV
Lesage,WV
Lester,WV
Lewisburg,WV
Littleton,WV
Logan,WV
Lost Creek,WV
Lubeck,WV
Lumberport,WV
Mabscott,WV
MacArthur,WV
Madison,WV
Malden,WV
Mallory,WV
Man,WV
Mannington,WV
Marlinton,WV
Marmet,WV
Martinsburg,WV
Mason,WV
Masontown,WV
Matewan,WV
Matheny,WV
Matoaka,WV
Maybeury,WV
McConnell,WV
McMechen,WV
Meadow Bridge,WV
Middlebourne,WV
Middleway,WV
Mill Creek,WV
Milton,WV
Mineralwells,WV
Mitchell Heights,WV
Monaville,WV
Monongah,WV
Montcalm,WV
Montgomery,WV
Montrose,WV
Moorefield,WV
Morgantown,WV
Moundsville,WV
Mount Carbon,WV
Mount Gay-Shamrock,WV
Mount Hope,WV
Mullens,WV
Neibert,WV
Nettie,WV
New Cumberland,WV
New Haven,WV
New Martinsville,WV
New Richmond,WV
Newark,WV
Newburg,WV
Newell,WV
Nitro,WV
North Hills,WV
Northfork,WV
Norton,WV
Nutter Fort,WV
Oak Hill,WV
Oakvale,WV
Oceana,WV
Omar,WV
Osage,WV
Paden City,WV
Page,WV
Pageton,WV
Parcoal,WV
Parkersburg,WV
Parsons,WV
Paw Paw,WV
Pax,WV
Pea Ridge,WV
Peach Creek,WV
Pennsboro,WV
Pentress,WV
Petersburg,WV
Peterstown,WV
Philippi,WV
Pickens,WV
Piedmont,WV
Pinch,WV
Pine Grove,WV
Pineville,WV
Piney View,WV
Pleasant Valley,WV
Poca,WV
Point Pleasant,WV
Powellton,WV
Pratt,WV
Prichard,WV
Prince,WV
Princeton,WV
Prosperity,WV
Pullman,WV
Quinwood,WV
Rachel,WV
Racine,WV
Rainelle,WV
Raleigh,WV
Rand,WV
Ranson,WV
Ravenswood,WV
Raymond City,WV
Raysal,WV
Reader,WV
Red Jacket,WV
Reedsville,WV
Reedy,WV
Reynoldsville,WV
Rhodell,WV
Richwood,WV
Ridgeley,WV
Ripley,WV
Rivesville,WV
Robinette,WV
Rock Cave,WV
Roderfield,WV
Romney,WV
Ronceverte,WV
Rossmore,WV
Rowlesburg,WV
Rupert,WV
Salem,WV
Salt Rock,WV
Sand Fork,WV
Sarah Ann,WV
Scarbro,WV
Shady Spring,WV
Shannondale,WV
Shenandoah Junction,WV
Shepherdstown,WV
Shinnston,WV
Shrewsbury,WV
Sissonville,WV
Sistersville,WV
Smithers,WV
Smithfield,WV
Sophia,WV
South Charleston,WV
Spelter,WV
Spencer,WV
Sprague,WV
Springfield,WV
St. Albans,WV
St. George,WV
St. Marys,WV
Stanaford,WV
Star City,WV
Stollings,WV
Stonewood,WV
Summersville,WV
Sutton,WV
Switzer,WV
Sylvester,WV
Teays Valley,WV
Terra Alta,WV
Thomas,WV
Thurmond,WV
Tioga,WV
Tornado,WV
Triadelphia,WV
Tunnelton,WV
Twilight,WV
Union,WV
Valley Bend,WV
Valley Grove,WV
Valley Head,WV
Van,WV
Verdunville,WV
Vienna,WV
Vivian,WV
Wallace,WV
War,WV
Wardensville,WV
Washington,WV
Waverly,WV
Wayne,WV
Weirton,WV
Welch,WV
Wellsburg,WV
West Dunbar,WV
West Hamlin,WV
West Liberty,WV
West Logan,WV
West Milford,WV
West Union,WV
Weston,WV
Westover,WV
Wheeling,WV
White Hall,WV
White Sulphur Springs,WV
Whitesville,WV
Whitmer,WV
Wiley Ford,WV
Williamson,WV
Williamstown,WV
Windsor Heights,WV
Winfield,WV
Wolf Summit,WV
Womelsdorf,WV
Worthington,WV
Afton,WY
Albany,WY
Albin,WY
Alcova,WY
Alpine,WY
Alpine Northeast,WY
Alpine Northwest,WY
Alta,WY
Antelope Hills,WY
Arapahoe,WY
Arlington,WY
Arrowhead Springs,WY
Arvada,WY
Atlantic City,WY
Auburn,WY
Baggs,WY
Bairoil,WY
Bar Nunn,WY
Basin,WY
Bear River,WY
Bedford,WY
Bessemer Bend,WY
Beulah,WY
Big Horn,WY
Big Piney,WY
Bondurant,WY
Boulder,WY
Boulder Flats,WY
Brookhurst,WY
Buffalo,WY
Burlington,WY
Burns,WY
Byron,WY
Carpenter,WY
Carter,WY
Casper,WY
Casper Mountain,WY
Centennial,WY
Cheyenne,WY
Chugcreek,WY
Chugwater,WY
Clearmont,WY
Clearview Acres,WY
Cody,WY
Cokeville,WY
Cora,WY
Cowley,WY
Crowheart,WY
Daniel,WY
Dayton,WY
Deaver,WY
Diamondville,WY
Dixon,WY
Douglas,WY
Dubois,WY
East Thermopolis,WY
Eden,WY
Edgerton,WY
El Rancho,WY
Elk Mountain,WY
Encampment,WY
Esterbrook,WY
Ethete,WY
Etna,WY
Evanston,WY
Evansville,WY
Fairview,WY
Farson,WY
Fontenelle,WY
Fort Bridger,WY
Fort Laramie,WY
Fort Washakie,WY
Fox Farm-College,WY
Fox Park,WY
Frannie,WY
Freedom,WY
Garland,WY
Gillette,WY
Glendo,WY
Glenrock,WY
Granger,WY
Green River,WY
Greybull,WY
Grover,WY
Guernsey,WY
Hanna,WY
Hartrandt,WY
Hartville,WY
Hawk Springs,WY
Hill View Heights,WY
Hillsdale,WY
Hoback,WY
Homa Hills,WY
Hudson,WY
Hulett,WY
Huntley,WY
Hyattville,WY
Jackson,WY
James Town,WY
Jeffrey City,WY
Johnstown,WY
Kaycee,WY
Kelly,WY
Kemmerer,WY
Kirby,WY
La Barge,WY
La Grange,WY
Lakeview North,WY
Lance Creek,WY
Lander,WY
Laramie,WY
Lingle,WY
Little America,WY
Lonetree,WY
Lost Springs,WY
Lovell,WY
Lucerne,WY
Lusk,WY
Lyman,WY
Mammoth,WY
Manderson,WY
Manville,WY
Marbleton,WY
McKinnon,WY
Meadow Acres,WY
Medicine Bow,WY
Meeteetse,WY
Midwest,WY
Mills,WY
Moorcroft,WY
Moose Wilson Road,WY
Mountain View,WY
Newcastle,WY
Nordic,WY
North Rock Springs,WY
Oakley,WY
Opal,WY
Orin,WY
Osage,WY
Osmond,WY
Owl Creek,WY
Parkman,WY
Pavillion,WY
Pine Bluffs,WY
Pine Haven,WY
Pinedale,WY
Point of Rocks,WY
Powder Horn,WY
Powder River,WY
Powell,WY
Purple Sage,WY
Rafter J Ranch,WY
Ralston,WY
Ranchester,WY
Ranchettes,WY
Rawlins,WY
Red Butte,WY
Reliance,WY
Riverside,WY
Riverton,WY
Robertson,WY
Rock River,WY
Rock Springs,WY
Rolling Hills,WY
Ryan Park,WY
Saratoga,WY
Shell,WY
Sheridan,WY
Shoshoni,WY
Sinclair,WY
Slater,WY
Sleepy Hollow,WY
Smoot,WY
South Greeley,WY
South Park,WY
Star Valley Ranch,WY
Story,WY
Sundance,WY
Superior,WY
Table Rock,WY
Taylor,WY
Ten Sleep,WY
Teton Village,WY
Thayne,WY
Thermopolis,WY
Torrington,WY
Turnerville,WY
Upton,WY
Urie,WY
Van Tassell,WY
Veteran,WY
Vista West,WY
Wamsutter,WY
Warren AFB,WY
Washam,WY
Westview Circle,WY
Wheatland,WY
Whiting,WY
Wilson,WY
Woods Landing-Jelm,WY
Worland,WY
Wright,WY
Y-O Ranch,WY
Yoder,WY
